pickup_latitude,pickup_longitude,dropoff_latitude,dropoff_longitude,passenger_count,route_distance_km,route_duration_min,pickup_hour,day_of_week,weather_flag,fare_amount
19.101462,72.852937,19.130346,72.894241,1,5.4,24.2,10,2,0,221.82
19.064299,72.833966,19.209949,72.982574,1,22.49,68.3,15,6,1,662.17
19.013098,72.867129,19.200158,72.982402,1,24.07,81.2,6,1,2,909.53
19.048836,72.819141,19.094,72.878928,1,8.04,22.9,16,3,1,225.33
19.108018,72.849108,18.954805,72.84098,3,17.06,57.2,13,6,0,489.22
18.945388,72.82687,19.209537,72.979808,1,33.48,93.0,14,4,2,997.42
19.122195,72.89974,19.026074,72.85696,2,11.6,30.7,4,1,0,318.49
18.927616,72.818233,19.133037,72.911652,1,24.86,66.2,2,0,2,892.86
19.028231,72.850251,19.071217,72.874027,1,5.39,14.8,12,2,0,123.69
19.049572,72.825915,19.083414,72.872655,2,6.19,17.9,1,1,0,177.97
19.117961,72.835138,19.081402,72.870274,2,5.49,15.4,6,5,0,134.73
19.210491,72.964686,19.217693,72.985797,1,2.36,6.0,23,6,0,60.23
19.134521,72.902545,18.930157,72.825175,2,24.14,61.2,2,0,2,811.34
18.945374,72.842528,19.059178,72.848926,1,12.67,36.4,3,6,0,380.05
19.114411,72.851692,19.115653,72.859057,2,0.79,3.2,8,3,0,47.28
19.046364,72.869184,19.011747,72.831647,3,5.51,18.6,7,6,0,164.8
19.202839,72.995088,19.067418,73.004999,2,15.09,57.8,19,3,2,668.87
19.083161,72.859568,19.032053,72.84398,3,5.91,27.0,19,2,1,291.66
19.130657,72.888368,19.22484,72.958302,1,12.79,55.0,17,1,0,507.29
18.939756,72.822453,19.132385,72.921969,2,23.84,65.1,0,3,0,670.07
19.10946,72.86532,19.033482,72.853046,2,8.55,24.1,0,3,1,289.01
19.046673,72.874519,18.959782,72.834098,1,10.56,30.2,5,2,2,402.9
18.942111,72.838192,18.923014,72.827528,1,2.4,6.1,0,2,0,63.73
19.109217,72.896357,19.114046,72.836567,1,6.3,17.8,16,0,0,150.39
19.081344,72.877974,19.008048,72.852261,1,8.59,27.1,6,0,0,230.27
19.01132,72.842823,18.941339,72.830281,1,7.89,35.4,21,1,0,324.32
19.090004,72.993008,19.06049,72.8403,1,16.38,41.0,4,6,0,430.05
19.075134,72.85091,18.944452,72.816318,2,14.98,65.3,18,3,0,608.75
19.095606,73.012039,19.22584,72.960428,3,15.46,44.7,14,1,0,375.9
19.064069,72.826284,19.071339,73.008914,1,19.21,53.0,13,3,0,451.36
19.052713,72.849386,19.076765,72.997539,1,15.8,39.2,4,6,1,457.73
19.082134,72.998725,18.941575,72.842659,2,22.66,76.4,15,6,1,761.75
19.068719,72.864227,18.93833,72.837125,3,14.78,44.0,2,0,1,534.65
18.946229,72.830716,19.058031,73.011179,1,22.68,64.3,3,1,0,667.7
19.135803,72.920139,19.220219,72.975039,1,11.02,31.4,2,0,0,331.01
19.10683,72.879937,18.947194,72.844896,1,18.13,55.7,16,0,1,535.29
19.111605,72.830399,19.046134,72.884915,1,9.26,31.3,6,3,2,361.13
19.043268,72.833598,19.072601,72.878795,2,5.76,19.4,6,4,2,223.13
19.074761,73.014108,18.962546,72.830921,2,22.95,75.7,16,4,0,648.63
19.062964,72.999133,19.139166,72.841371,1,18.62,85.2,19,0,2,1024.52
19.059709,72.877027,19.028886,72.850136,1,4.44,17.9,18,6,0,168.19
19.050453,72.853401,19.228068,72.985342,1,24.13,80.1,16,0,0,680.26
19.131784,72.865516,19.041336,72.846486,3,10.25,29.1,3,2,0,300.98
18.945102,72.838673,19.071418,72.856839,4,14.17,43.1,7,5,0,361.56
19.113187,72.913874,19.120534,72.911346,1,0.86,4.0,8,3,0,47.97
19.069811,72.859538,19.030701,72.865792,2,4.4,13.2,14,0,1,130.73
18.945864,72.809993,19.121459,72.920422,4,22.72,71.2,16,2,0,604.94
19.003154,72.828347,19.104189,72.878116,4,12.39,34.2,5,2,1,414.27
19.069883,72.824614,19.057622,72.814666,4,1.72,5.0,12,3,0,34.05
19.107287,72.907927,19.130593,72.847207,3,6.89,28.6,21,3,1,305.41
19.221898,72.977302,19.099805,72.870412,2,17.62,65.1,18,6,0,579.33
19.033966,72.84173,19.117736,72.862819,1,9.57,41.2,9,2,1,425.64
19.094164,72.998285,19.064065,72.887901,1,12.07,38.1,12,5,0,327.11
19.13426,72.904466,19.018409,72.866724,2,13.48,59.9,18,2,0,548.11
19.06418,72.982148,18.941377,72.82954,3,21.07,62.2,16,5,0,523.0
19.10297,72.861343,18.931075,72.847548,2,19.17,79.2,19,6,1,820.51
19.087498,72.999851,18.953699,72.804867,1,25.33,84.5,6,2,0,724.05
19.071266,72.994487,19.227796,72.965391,1,17.67,49.3,16,6,0,410.42
19.233921,72.981844,19.059904,72.874653,1,22.39,63.9,3,6,0,675.54
19.068451,72.993123,19.081402,72.988374,1,1.52,4.5,5,4,0,57.78
19.045714,72.819338,19.079733,72.852216,2,5.12,14.9,23,6,0,160.82
19.138703,72.84603,19.126446,72.863575,1,2.29,6.7,7,1,1,65.56
19.13842,72.854838,19.066004,72.858396,1,8.06,25.2,13,5,0,228.26
18.934769,72.833471,19.042135,72.849098,1,12.05,31.3,1,3,0,312.97
18.924668,72.834227,19.116174,72.840355,3,21.3,78.4,11,1,0,691.5
19.101624,72.857661,19.22832,72.990081,2,19.8,51.1,4,4,0,523.93
19.058348,72.872232,18.956464,72.820965,1,12.55,48.6,18,4,0,425.73
18.935659,72.836574,19.075859,72.83447,1,15.59,43.6,5,2,0,454.0
19.077461,72.873503,19.075358,72.871626,2,3.49,10.0,4,2,0,112.29
19.070783,73.01145,19.06398,72.872858,1,14.58,44.6,7,4,0,379.97
18.924288,72.827338,19.067409,72.858772,1,16.25,73.7,10,5,0,680.11
19.080549,72.998836,19.208541,72.987144,1,14.28,65.0,11,3,1,682.49
19.06789,72.815602,19.059857,72.981693,1,17.48,79.3,8,5,0,733.47
19.050687,72.885534,19.120454,72.850051,1,8.61,33.7,8,4,1,343.82
19.063749,72.814071,19.067196,72.885494,1,7.52,32.7,17,2,0,299.1
19.007729,72.850905,19.062457,72.885294,1,7.08,26.8,10,5,0,230.38
18.927121,72.853743,18.942292,72.849725,1,1.74,5.1,7,0,0,36.26
19.142322,72.896206,18.921462,72.834183,1,25.41,111.6,17,0,0,1017.27
18.945178,72.822644,19.130314,72.830519,1,20.6,59.0,22,6,0,494.08
18.921015,72.821546,18.95848,72.819719,1,4.17,11.8,2,6,0,127.65
19.113271,72.849178,19.02391,72.837327,1,10.01,27.9,23,5,1,332.15
19.105453,72.84612,19.099036,72.879525,1,3.58,15.2,18,3,0,133.81
18.952698,72.828973,19.090104,72.993122,1,23.05,90.4,19,4,1,934.56
19.035738,72.858344,19.11097,72.910631,4,10.01,27.2,22,0,0,223.74
19.219965,72.983439,19.078321,72.871402,1,19.66,57.3,12,1,0,472.37
18.93621,72.835199,19.073863,72.851201,1,15.4,42.8,5,2,0,447.95
19.218071,72.981032,18.936751,72.830626,1,35.05,104.4,1,3,0,1099.51
19.073083,72.826988,19.074462,72.860585,1,3.53,10.0,1,6,1,118.48
19.05895,72.820296,19.052181,72.882361,2,6.57,19.4,12,2,1,187.78
19.123793,72.897856,19.000911,72.827894,4,15.52,39.0,5,1,0,406.73
18.925473,72.853309,19.090452,72.849068,4,18.35,81.2,18,6,0,753.07
19.234435,72.983967,19.059164,73.005397,1,19.62,66.9,15,6,0,581.61
19.13632,72.827758,19.068841,72.817204,1,7.58,20.6,22,4,1,193.81
19.082882,73.004607,19.1156,72.892823,1,12.3,32.5,4,2,0,338.89
19.082212,72.86718,19.11245,72.851436,3,3.75,14.2,9,3,0,127.1
19.000601,72.828179,18.936077,72.834495,2,7.21,21.6,23,3,1,266.87
19.211755,72.979001,18.929551,72.819719,1,35.57,153.9,17,3,0,1412.44
19.202679,72.973765,19.05443,72.886698,2,18.85,75.4,10,3,1,778.45
19.125096,72.912536,19.228034,72.960699,1,12.51,55.7,21,4,0,514.05
19.205758,72.989283,19.131731,72.851591,1,16.64,69.8,8,2,0,632.84
19.07771,72.998247,18.926156,72.847933,1,23.1,63.5,23,4,0,654.21
19.213947,72.969018,19.200075,72.992188,1,2.88,8.9,14,0,0,76.99
19.116506,72.888203,19.041551,72.830804,4,10.29,34.3,15,4,2,389.62
19.011712,72.854921,18.955145,72.847197,2,6.34,18.6,0,2,0,195.32
19.235504,72.962333,19.107269,72.861665,4,17.75,78.9,18,6,0,734.86
18.956519,72.836685,19.077325,72.848964,1,13.49,49.6,8,0,0,432.44
19.139147,72.893138,19.028241,72.849451,4,13.16,42.7,14,5,1,423.08
19.057739,72.877027,19.128043,72.845343,1,8.5,24.8,23,2,2,335.48
19.071603,72.872476,19.072225,72.878461,1,0.63,2.7,18,2,0,43.22
19.090681,72.878637,19.079298,72.879613,1,1.27,5.7,10,2,2,67.29
19.123693,72.925745,19.065141,72.825404,1,12.39,33.2,2,2,1,390.62
18.946067,72.830041,19.11277,72.896148,1,19.8,60.1,7,6,0,505.1
19.094649,72.85085,19.076073,72.8482,1,2.08,5.7,14,0,0,40.22
19.206321,72.977764,19.122979,72.83716,2,17.43,64.7,10,4,0,573.87
18.942998,72.827401,19.232705,72.989294,1,36.43,133.3,21,2,0,1185.16
19.059541,72.879732,18.936858,72.824108,1,14.84,40.8,12,5,0,338.73
19.112584,72.865499,19.084679,73.010623,1,15.56,39.1,22,3,0,328.4
19.144294,72.913012,19.059278,72.881293,1,10.02,42.1,19,3,1,442.12
18.99943,72.83436,18.926214,72.813284,1,8.44,24.3,12,2,2,259.15
19.086946,72.847346,18.924634,72.829531,1,18.15,49.4,23,0,0,509.25
19.025009,72.830688,18.953618,72.822268,4,7.99,22.3,23,3,0,232.91
18.958481,72.826547,19.046876,72.864521,2,10.61,34.7,14,1,0,305.69
19.021494,72.864295,19.022719,72.853062,2,1.19,3.4,2,1,1,46.84
18.931039,72.837575,19.208189,72.99293,1,34.88,92.4,23,6,0,949.17
19.125785,72.838886,18.958119,72.803761,1,19.01,87.5,11,3,0,815.81
19.083876,72.98443,19.049549,72.834186,2,16.24,64.3,21,3,0,570.29
19.06094,72.840772,19.138627,72.911414,3,11.39,41.8,11,2,0,368.18
19.047768,72.8743,19.015888,72.865155,1,3.67,10.1,16,2,0,80.81
19.058796,72.836939,18.936725,72.842324,1,13.59,37.2,23,6,0,380.59
19.073887,72.856774,19.076095,72.853134,1,2.88,8.6,5,4,0,91.18
18.953525,72.853085,19.057801,72.988366,2,18.35,50.4,14,0,1,486.83
19.035435,72.860874,19.062687,72.823443,1,4.97,14.8,5,6,0,162.55
19.201919,72.969647,19.07172,72.879308,3,17.31,78.4,18,5,1,840.55
18.924808,72.83708,19.211435,72.983308,2,35.38,105.7,14,4,0,888.75
18.929502,72.83023,19.102628,72.850538,2,19.37,78.5,9,1,0,707.74
19.136269,72.858951,19.213508,72.974053,1,14.83,62.4,11,3,1,659.05
19.129575,72.85502,19.047431,72.809803,2,10.3,32.7,14,0,0,278.49
19.001857,72.847235,19.050995,72.821792,2,6.08,17.0,2,1,0,169.55
18.959069,72.848227,19.096845,72.852858,1,15.33,42.9,6,6,0,364.48
18.93494,72.83636,19.095119,72.866207,1,18.09,76.2,8,6,0,693.2
19.093101,72.992737,19.067326,72.990682,2,2.87,8.1,3,3,1,94.67
19.093064,72.852321,19.03257,72.846716,1,6.75,28.7,21,4,0,263.97
19.067375,73.003881,19.218171,72.997611,1,16.78,66.9,20,1,0,605.7
19.083244,72.878348,19.074674,72.871835,1,1.17,3.3,13,3,1,44.17
19.013848,72.842478,19.1139,72.829177,1,11.21,32.4,1,3,0,344.79
18.951005,72.812633,19.07042,73.005379,4,24.23,66.8,1,5,0,694.33
19.048106,72.871192,19.084167,72.874098,2,4.02,10.1,22,1,0,78.85
19.138218,72.925087,19.085573,72.851697,4,9.68,28.0,7,3,0,241.03
19.070643,72.852265,19.104187,72.869939,1,4.17,15.1,19,1,0,129.01
19.201806,72.995578,19.218689,72.991111,1,1.94,5.3,3,1,1,57.56
19.122363,72.842042,18.924655,72.847998,1,21.99,64.4,23,1,1,774.05
19.211201,72.959016,18.932745,72.841693,1,33.33,139.1,9,0,0,1267.9
18.95691,72.834782,19.132873,72.839101,4,19.57,55.2,5,0,0,579.57
19.048899,72.879769,19.06328,72.852927,2,3.24,13.6,10,5,0,107.4
19.020378,72.835471,19.200627,72.997895,1,26.32,78.7,23,6,0,826.81
18.940377,72.855168,18.929306,72.824132,1,3.49,10.2,3,3,0,105.52
19.075064,72.827491,19.01251,72.844365,2,7.18,20.6,4,4,0,213.15
19.131314,72.849686,19.075084,72.867012,1,6.51,24.8,20,1,2,273.75
18.926385,72.805105,18.924389,72.837218,1,3.39,12.6,19,6,0,109.14
18.942841,72.818436,19.080083,72.864396,4,16.01,44.8,16,0,0,375.59
19.225825,72.975604,18.953635,72.816837,3,34.56,146.6,20,3,0,1337.7
18.922666,72.836036,19.002028,72.867331,1,9.42,25.9,7,4,0,219.41
18.922883,72.81815,19.107823,72.908343,1,22.64,67.2,13,3,1,644.95
19.061036,73.005012,19.117002,72.888838,1,13.7,44.7,16,6,0,386.2
19.213578,72.966327,18.930217,72.825729,1,34.8,102.4,22,5,0,860.48
18.947875,72.826697,18.928924,72.816931,3,2.34,6.2,22,0,0,46.28
19.081618,73.016323,19.05056,72.856599,3,17.14,44.7,23,4,1,528.09
19.078736,72.839428,19.076824,72.847754,1,0.9,3.5,21,2,0,48.13
18.928118,72.830812,19.078411,72.85724,1,16.94,48.4,23,3,0,506.43
19.122301,72.853955,19.092687,72.880686,1,4.33,13.5,7,1,1,144.7
19.074858,72.820616,19.01386,72.859803,1,7.94,34.5,9,4,0,314.12
19.220469,72.958309,19.090699,73.011907,1,15.49,41.1,1,4,0,418.56
19.031479,72.846613,19.037653,72.842532,1,0.81,3.7,19,1,0,48.3
19.113535,72.889163,19.052953,72.864207,1,7.23,22.2,6,3,0,179.86
19.062799,72.831959,19.047812,72.868164,1,4.15,14.8,18,6,0,125.1
19.11977,72.919396,19.108094,72.859405,1,6.44,18.1,12,3,0,152.84
18.923544,72.824124,19.235625,72.983803,1,38.55,111.1,3,3,0,1168.64
19.092475,72.869111,19.220922,72.997286,1,19.63,82.1,10,0,0,745.03
19.120423,72.838349,19.041845,72.843609,1,8.75,23.7,4,4,0,248.77
19.051039,72.851924,19.105757,72.881976,2,6.86,17.0,3,5,0,173.38
19.228355,72.984378,19.046236,72.86001,1,24.1,92.7,21,3,0,819.85
19.229368,72.960715,19.047045,72.851206,3,23.31,90.7,20,3,1,920.96
19.135693,72.827273,19.128333,72.89312,3,6.97,31.0,20,1,1,328.86
19.049861,72.835667,19.064748,72.992131,1,16.53,64.9,20,3,0,592.53
18.9526,72.82012,19.232325,72.980549,1,35.38,100.8,1,3,0,1054.2
19.108746,72.860277,19.063731,73.016428,2,17.16,46.4,1,1,0,489.5
19.091417,72.848091,19.110877,72.902239,4,6.09,24.9,18,6,0,225.76
19.07597,72.869475,19.11145,72.914385,1,6.15,20.7,13,2,0,184.84
19.079419,73.000701,19.124957,72.924369,1,9.49,34.7,19,2,0,303.62
19.015443,72.835624,19.060861,72.992867,2,17.28,45.4,4,4,0,472.57
19.127208,72.905904,19.13143,72.83907,3,7.04,18.3,2,2,2,243.52
19.14216,72.914172,19.057213,72.834112,1,12.65,55.1,8,3,0,503.6
18.93671,72.854664,19.068607,72.82242,4,15.05,42.6,22,2,0,352.8
19.005296,72.862127,19.082428,72.85313,2,8.63,38.3,10,1,0,347.73
19.049773,72.84227,19.066874,72.983118,1,14.92,40.1,0,4,1,471.98
19.21572,72.98119,18.953658,72.834151,4,32.98,83.2,2,0,0,853.44
18.936397,72.803553,19.076285,72.871811,4,17.13,42.8,22,6,0,347.38
19.040928,72.821658,19.083232,72.883548,2,8.03,22.6,2,3,0,238.04
18.954969,72.815308,18.941682,72.821814,3,1.63,4.9,7,5,2,52.69
19.215158,72.959187,19.110901,72.860734,1,15.53,67.9,18,2,1,712.54
19.084972,72.873554,19.21049,72.991276,1,18.65,52.3,14,3,0,431.02
19.198796,72.976851,19.231281,72.96107,1,3.97,12.5,13,5,0,106.76
19.14149,72.901216,19.135392,72.833813,1,7.11,21.5,16,5,0,183.43
19.042146,72.842755,19.017335,72.857303,1,3.15,14.2,8,3,0,138.53
18.921006,72.843078,19.119078,72.905384,2,22.98,103.8,8,2,0,970.95
19.077252,72.874284,19.090095,72.849769,1,2.95,9.3,12,2,2,110.53
18.942716,72.842754,19.131764,72.890837,1,21.62,65.9,16,4,0,555.93
18.938019,72.834219,19.005644,72.852231,1,7.75,21.2,23,0,0,216.68
18.928763,72.816769,18.933554,72.847403,1,3.27,11.7,9,2,0,100.24
18.924554,72.829109,19.092591,72.846787,2,18.78,57.0,13,2,1,558.43
18.935595,72.844494,19.142704,72.916561,2,24.24,79.7,15,0,2,888.61
19.071222,72.880464,18.92838,72.818754,1,17.16,63.1,17,4,0,556.69
19.081713,72.86487,19.011991,72.865469,2,7.75,30.5,8,1,0,274.82
19.026759,72.832622,18.945,72.836561,4,9.1,25.8,1,0,0,273.01
18.923376,72.831275,19.04452,72.831846,1,13.47,33.6,22,0,0,272.38
19.091301,72.88007,18.93917,72.821405,1,18.01,65.8,8,6,1,670.94
19.071902,72.979697,18.941033,72.835767,1,20.99,57.9,6,3,1,552.15
19.082933,73.004076,18.92405,72.849186,1,24.03,75.0,15,3,0,640.29
19.052394,72.887581,19.145498,72.909277,1,10.6,35.6,13,5,0,299.53
19.05117,72.845503,19.077837,72.822059,3,3.86,11.2,3,1,2,148.5
19.046938,72.88753,19.121356,72.832566,1,10.09,29.0,1,4,1,339.52
19.004887,72.848098,19.078257,72.831808,1,8.34,22.5,23,4,0,229.89
19.061771,72.888454,18.948736,72.826175,2,14.17,37.8,4,6,0,403.85
19.003095,72.851521,18.952686,72.824735,3,6.27,27.7,20,5,0,247.49
18.94723,72.833971,19.094862,72.984552,1,22.8,69.7,15,3,1,670.05
19.120598,72.848908,19.085062,72.866051,1,4.34,19.5,17,0,2,241.36
18.941538,72.827485,19.077964,72.867759,4,15.75,43.0,7,3,0,351.27
19.109942,72.827632,19.070365,72.864674,2,5.88,25.3,10,2,0,227.6
19.053949,72.841677,19.135722,72.909143,2,11.53,29.6,2,2,2,393.37
19.069219,72.815214,19.143884,72.920877,2,13.86,39.3,0,3,0,408.63
19.089105,72.848706,19.061984,72.85134,1,3.03,8.8,2,5,1,96.49
19.110917,72.921683,19.101709,72.829316,1,9.76,28.2,14,6,0,237.05
19.118101,72.894093,19.105844,72.85846,1,3.98,11.2,0,0,2,143.29
19.228684,72.965614,19.089723,72.863574,1,18.81,52.2,7,5,0,440.12
18.952358,72.836301,19.117999,72.910532,1,20.0,53.5,22,1,0,436.82
18.932703,72.815305,19.088421,73.007202,1,26.59,83.1,16,6,0,711.31
19.109573,72.856036,19.212709,72.968916,2,16.5,72.7,11,3,1,774.23
19.144963,72.891572,19.058792,73.001185,3,14.98,36.8,23,6,0,373.89
19.07462,72.816812,19.136842,72.926031,2,13.4,54.5,8,4,0,479.38
19.217339,72.962539,19.012593,72.829894,2,26.69,118.6,17,4,1,1258.55
19.224594,72.976991,19.132309,72.91985,2,11.89,35.6,12,1,1,347.55
19.125493,72.842205,19.125126,72.911167,1,7.25,31.0,10,2,1,322.68
19.120334,72.837104,19.067122,72.819176,3,6.21,17.6,1,5,1,215.36
19.046097,72.867264,19.047366,72.864606,1,2.95,8.5,15,6,0,69.97
19.100378,72.857206,19.203108,72.968723,1,16.36,71.8,20,0,0,654.65
19.065458,72.848468,18.998744,72.863742,2,7.59,20.3,23,4,0,202.15
19.026205,72.865295,18.943163,72.833298,1,9.83,29.4,3,1,0,321.12
19.114327,72.835415,19.075232,72.870497,2,5.7,16.1,12,2,1,157.0
19.142657,72.894555,18.933808,72.851999,1,23.65,75.9,14,6,0,645.07
19.116326,72.838477,18.933476,72.823424,2,20.39,53.1,4,5,1,638.06
18.945674,72.810612,19.00443,72.845622,1,7.5,33.5,10,3,2,405.03
19.104056,72.851862,19.134869,72.927246,1,8.63,34.7,10,4,0,314.45
19.078158,72.846121,19.107304,72.858104,3,3.48,10.4,1,0,0,108.92
19.055594,72.874325,19.100854,72.884007,2,5.13,18.3,21,3,0,153.82
19.054679,72.83158,19.048483,72.822367,2,1.19,3.4,7,2,0,39.69
19.093155,72.984752,19.106381,72.88533,1,10.55,33.3,6,0,0,283.33
19.000108,72.845575,19.071385,73.010102,1,19.02,74.9,19,4,0,666.96
19.049772,72.868938,19.199857,72.959541,1,19.21,49.5,1,4,0,504.88
19.129604,72.908668,19.090686,72.984353,1,9.05,26.4,22,6,0,224.98
19.065602,72.856887,19.113845,72.901263,3,7.11,21.2,13,0,0,181.06
19.018077,72.844176,19.13947,72.889906,2,14.33,41.6,23,1,0,433.27
19.062709,72.850203,19.070222,72.8095,1,4.36,15.7,21,5,2,179.24
19.077743,72.846004,19.054917,72.848759,2,2.55,11.1,11,5,0,109.59
19.069217,72.991612,19.208413,72.968958,1,15.66,53.4,15,2,0,460.08
19.136899,72.909699,19.132841,72.891138,1,2.0,7.7,9,2,0,72.57
19.110313,72.850462,19.070986,72.853898,1,4.39,14.1,16,0,0,113.74
18.957317,72.8484,19.113608,72.891929,2,17.97,50.5,14,6,1,483.48
19.20611,72.971914,19.126306,72.832693,1,17.1,54.5,16,3,0,464.89
18.932479,72.8346,19.077148,72.878078,1,16.72,74.6,18,2,0,681.86
19.026048,72.849172,19.108467,72.908192,2,11.07,33.0,5,4,0,345.6
19.013662,72.833069,19.089452,73.005686,2,20.0,56.4,1,5,1,680.07
19.031827,72.867076,18.998286,72.854761,1,3.95,11.5,16,3,0,90.28
18.9574,72.832522,19.042334,72.84085,1,9.48,30.3,15,0,0,258.29
19.084982,72.880094,19.094891,72.85356,1,3.0,11.0,21,4,0,93.99
18.961451,72.839989,19.1091,72.908748,1,17.94,45.1,5,1,0,465.57
19.206478,72.978888,19.080171,72.853813,1,19.23,56.2,15,1,0,477.2
19.105458,72.850214,19.102433,72.843615,2,0.77,2.8,18,3,0,49.94
19.109736,72.853441,18.946882,72.838642,1,18.18,46.3,1,4,0,479.19
19.204493,72.995889,19.137262,72.826667,2,19.28,51.3,3,1,0,521.67
19.079724,72.86361,18.928819,72.844329,2,16.9,42.4,5,5,0,440.94
19.112782,72.862002,19.076182,72.826861,1,5.5,19.5,8,2,0,178.9
19.085135,72.986761,19.077571,72.880699,2,11.18,33.2,14,6,0,286.13
18.926301,72.821758,19.006414,72.851684,1,9.45,31.2,15,6,1,301.51
19.077644,72.988734,19.109138,72.902845,3,9.68,26.6,5,2,0,277.2
18.955814,72.841959,19.137895,72.904454,3,21.29,58.0,5,1,0,603.22
18.95679,72.815095,19.057977,72.990642,1,21.61,77.3,10,5,0,674.35
18.950578,72.831687,18.940151,72.840361,1,1.48,3.8,4,0,0,40.1
19.063548,72.880934,18.932392,72.825298,1,15.71,41.6,22,0,0,344.1
19.080605,72.881825,19.107713,72.85867,1,3.87,17.7,9,1,1,188.71
19.030955,72.841756,19.232653,72.985178,2,27.02,72.4,22,2,0,594.08
19.204715,72.985046,19.054884,72.853402,1,21.65,69.7,7,4,0,589.89
18.933809,72.831868,19.092366,72.98346,2,23.77,87.3,18,3,0,769.51
19.071909,72.861241,19.011227,72.857776,1,6.76,27.0,10,4,1,281.38
19.134486,72.894868,18.936902,72.825267,1,23.16,65.0,15,6,0,545.24
19.075314,72.873283,19.074171,72.876192,2,2.76,9.0,6,4,0,79.51
19.020227,72.852937,19.067231,72.978999,2,14.24,38.6,23,0,1,463.42
19.217704,72.971445,19.219563,72.978522,2,0.77,3.1,8,4,0,57.65
18.959871,72.811539,19.141494,72.903576,1,22.39,55.8,3,6,0,563.38
18.938819,72.835553,19.085587,72.871062,1,16.74,65.8,18,2,0,587.54
19.047513,72.862698,18.950267,72.82276,1,11.6,29.1,1,4,0,294.47
19.076361,72.872049,19.060443,72.823508,2,5.4,19.2,19,0,0,164.43
19.212179,72.97373,19.093429,73.008949,1,13.71,38.0,3,1,0,402.3
19.069376,72.995199,19.115148,72.84994,1,16.09,53.3,12,2,1,532.91
18.943387,72.820646,19.030673,72.85418,2,10.33,26.8,5,0,1,321.44
18.941149,72.848337,19.067386,72.818249,1,14.39,61.4,21,1,1,648.78
19.131168,72.857347,19.060434,72.865994,1,7.92,31.7,21,5,1,331.24
19.064802,72.843825,19.116859,72.834443,1,5.87,19.3,6,4,1,193.6
19.103497,72.866356,19.057329,72.997233,1,14.68,43.2,15,4,2,464.79
19.07095,72.832147,19.048881,72.810075,2,3.38,14.8,17,0,0,138.18
19.035337,72.844393,19.072724,72.981373,2,14.99,64.2,18,2,0,592.41
19.207455,72.981974,19.121565,72.902859,2,12.66,34.1,4,2,0,352.39
19.123426,72.828534,18.938297,72.837946,1,20.61,87.3,10,4,0,801.24
19.224246,72.969112,19.027712,72.86021,1,24.67,68.0,7,3,0,567.67
18.924566,72.834564,19.076457,72.863743,1,17.17,77.9,19,5,0,723.01
19.073175,72.984748,19.072952,72.835203,1,15.72,61.8,10,3,0,552.91
18.944274,72.850539,19.089663,72.884647,2,16.56,63.9,20,6,1,652.41
19.005822,72.836449,18.944905,72.854235,1,7.03,25.9,20,5,0,218.4
18.954102,72.852819,19.019875,72.859376,1,7.35,19.9,1,2,0,199.98
19.060093,72.996138,19.084623,72.879072,4,12.6,36.8,7,3,1,348.87
19.111587,72.898259,18.934148,72.827399,4,21.09,78.2,21,3,0,684.55
19.112597,72.891309,18.956973,72.831667,2,18.41,53.0,4,5,0,555.39
18.938383,72.827559,19.226907,72.969377,1,35.37,138.8,21,4,0,1241.06
19.132968,72.89597,19.103204,72.885178,3,3.5,13.1,19,1,0,116.45
19.133229,72.840856,19.029789,72.832729,2,11.53,38.5,7,4,1,389.93
19.122409,72.849573,19.091884,72.994711,4,15.62,50.5,7,0,0,433.87
19.005114,72.860828,19.123854,72.849465,1,13.26,34.4,5,5,1,404.82
18.949179,72.838229,19.046605,72.836411,1,10.84,44.6,20,1,0,407.06
19.088804,73.003693,18.926082,72.833633,1,25.44,73.5,16,1,1,714.66
19.081258,72.853902,19.088533,73.002198,1,15.6,47.7,15,6,0,401.83
18.930628,72.804619,19.041418,72.835364,1,12.74,38.8,14,0,1,384.73
19.04161,72.810896,18.954119,72.852435,4,10.66,46.6,11,2,0,426.09
19.222633,72.969342,18.944431,72.823294,1,34.53,109.5,6,2,0,924.0
19.084196,73.001231,19.106694,72.860235,1,15.03,46.4,12,2,1,448.85
18.933288,72.827051,19.143728,72.89862,2,24.58,95.1,18,5,0,841.5
19.074994,72.839063,19.093617,72.992191,1,16.22,48.1,16,0,0,401.5
19.118927,72.921981,19.070835,73.011983,3,10.86,36.5,7,1,0,319.84
19.2079,72.986505,19.120057,72.905951,3,12.92,31.8,2,1,0,324.5
19.129516,72.924174,19.044192,72.847161,2,12.47,36.5,2,3,0,386.8
18.958045,72.817671,19.081403,72.857554,1,14.34,62.3,21,0,1,662.31
19.050496,72.878097,18.924677,72.842586,3,14.48,46.7,13,3,0,401.75
19.111063,72.909868,18.92181,72.824016,1,22.9,101.7,17,4,0,942.26
18.946223,72.841106,19.139462,72.920039,1,23.03,70.1,12,4,0,594.62
19.108288,72.829089,18.953355,72.804698,2,17.42,78.3,11,3,1,836.46
19.116642,72.858143,19.108389,72.862849,1,1.04,2.6,22,6,0,36.98
19.07833,72.885177,18.930114,72.838405,1,17.2,76.4,20,6,0,698.6
18.933127,72.823662,18.953384,72.829633,3,2.34,6.0,2,5,0,54.44
19.130175,72.85766,19.04777,72.81017,2,10.43,32.2,16,6,0,261.3
19.125866,72.85117,19.068188,72.87729,1,6.98,28.6,11,6,1,294.83
19.000872,72.841987,19.072954,72.886307,1,9.27,25.0,23,4,1,296.71
19.062227,72.875733,19.042404,72.82531,1,5.74,19.2,15,3,0,168.56
19.063828,73.013773,19.007055,72.847897,2,18.54,70.2,8,6,1,723.02
19.001455,72.840393,18.950898,72.820538,2,6.0,22.2,10,5,1,232.94
19.137427,72.835886,19.076425,72.868719,1,7.61,23.4,14,1,0,189.72
19.03094,72.856314,19.058674,72.858056,1,3.09,12.4,21,5,0,116.08
19.131032,72.837037,19.058131,73.002741,2,19.21,48.4,0,1,1,570.98
19.051889,72.831358,19.204709,72.964937,1,22.04,95.5,9,5,0,870.61
19.101799,72.847696,19.021898,72.834321,1,9.0,40.1,10,4,2,479.86
18.960859,72.820185,19.108248,72.8432,1,16.57,47.3,2,4,1,565.41
19.229795,72.970357,19.080634,72.994507,4,16.78,43.7,1,1,0,451.49
19.091595,72.847623,18.928871,72.828002,1,18.21,50.8,7,4,0,421.29
19.113198,72.861228,19.078045,72.875699,1,4.19,11.1,4,4,0,107.94
19.065444,72.990456,19.075756,72.85157,1,14.64,39.2,3,1,0,405.37
19.072694,72.832894,19.025687,72.835537,2,5.23,13.8,3,5,0,146.77
19.203944,72.979923,18.93968,72.809653,2,34.4,97.0,4,5,0,1013.07
18.925001,72.821181,19.074291,72.852362,1,16.92,46.2,2,0,0,470.51
18.937011,72.825969,19.106977,72.873164,2,19.54,56.3,22,4,0,460.75
18.933943,72.822238,18.946084,72.846537,2,2.89,10.6,9,3,0,91.05
19.092683,73.016357,18.947301,72.838314,1,24.73,71.1,5,3,0,747.86
19.066433,73.003613,19.224389,72.968143,2,17.95,50.5,12,5,0,422.39
19.111455,72.889114,19.060364,72.988944,1,11.93,33.7,1,0,0,344.86
19.111537,72.852953,18.925817,72.839015,1,20.7,57.4,6,4,0,469.22
19.073364,72.984331,19.085358,72.877774,2,11.28,29.6,3,0,1,355.33
19.083537,72.860533,19.066073,72.834848,1,3.33,10.6,13,5,1,105.65
18.953261,72.852036,18.93653,72.839171,2,2.3,7.7,13,6,0,65.21
19.012064,72.837979,19.103384,72.859011,3,10.39,47.0,19,2,0,434.33
18.948085,72.818949,19.213896,72.977302,1,33.92,156.8,10,6,0,1468.61
19.134645,72.866223,19.030299,72.840878,1,11.9,37.9,16,1,0,320.04
19.02734,72.854465,19.073724,72.878839,3,5.76,25.0,21,2,0,227.74
19.209682,72.975821,19.07146,72.818802,1,22.55,69.5,7,1,0,584.63
19.201741,72.960381,19.108619,72.864567,1,14.44,55.9,10,1,1,567.95
18.943725,72.830972,19.058011,72.873246,3,13.46,38.0,7,2,1,360.64
19.034254,72.828637,19.143364,72.927007,2,15.94,73.3,21,0,0,689.05
18.947044,72.82759,19.121719,72.858001,1,19.68,77.2,10,6,1,790.26
19.024124,72.86771,19.061728,72.853306,3,4.45,17.6,18,5,0,158.25
19.125629,72.828858,19.086198,72.87482,1,6.52,18.6,16,0,0,150.54
19.057594,72.855202,18.925323,72.828199,2,14.98,37.1,3,0,0,378.48
19.002459,72.83797,19.067311,72.851871,1,7.36,22.1,13,0,0,185.87
19.070276,72.869647,19.075897,72.9987,1,13.58,59.9,21,2,1,633.94
19.077039,72.859783,19.09674,72.858524,4,2.19,7.1,12,5,0,62.92
19.04002,72.845303,19.089487,73.016621,1,18.83,68.5,8,5,1,679.93
18.942676,72.829362,18.949558,72.818638,1,1.36,4.0,2,6,0,44.49
19.074746,72.986576,19.059824,72.880691,1,11.25,47.6,11,6,1,492.42
19.198883,72.967996,19.093804,72.85442,2,16.7,62.6,8,1,0,560.76
19.07882,72.993552,19.087273,72.852135,1,14.89,41.1,14,2,0,344.5
19.033143,72.838625,19.062913,72.998828,1,17.16,52.9,12,6,2,580.1
19.041548,72.81342,19.132594,72.862511,1,11.36,44.4,11,0,0,392.75
19.118264,72.891088,19.203378,72.963031,1,12.11,47.7,8,3,2,556.6
18.960922,72.807046,18.950696,72.810195,1,1.18,3.4,23,2,0,44.23
19.068885,72.849589,19.202237,72.996369,1,21.39,64.1,15,6,0,543.6
19.074095,72.858879,18.94891,72.829298,2,14.26,45.6,6,4,2,511.71
19.122373,72.904387,19.094091,72.846267,1,6.87,26.4,11,6,0,237.15
19.080357,72.851085,19.092706,73.004691,1,16.2,45.2,5,4,0,459.19
19.105109,72.853418,19.112749,72.925971,3,7.67,26.1,7,4,0,233.09
19.093161,72.883147,18.946824,72.809858,1,18.0,49.8,22,2,0,407.9
19.0309,72.837982,19.100809,72.868156,1,8.4,35.0,8,4,1,368.7
18.925327,72.825753,19.042037,72.837261,1,13.03,53.3,17,0,0,488.76
19.103352,72.839148,18.961459,72.810376,1,16.07,44.9,23,2,0,470.39
18.927852,72.816203,18.959426,72.827278,2,3.7,16.1,18,0,1,158.37
18.933097,72.821885,19.116274,72.900257,1,21.97,59.0,5,4,0,610.36
19.068859,72.849284,19.222494,72.973598,3,21.5,62.9,12,0,0,522.14
19.020096,72.856081,19.062184,72.836021,2,5.13,17.5,12,3,0,154.96
19.203805,72.958137,19.045125,72.843864,1,21.34,81.2,11,4,1,827.81
19.066189,72.875919,19.094415,72.87775,1,3.14,10.3,13,1,1,96.53
18.962408,72.820527,19.086144,72.993278,1,22.78,88.6,10,5,0,789.04
19.115913,72.837166,19.139408,72.919802,1,9.07,23.0,2,6,0,234.01
18.922497,72.834747,19.138896,72.891296,1,24.79,102.6,18,1,1,1070.21
19.103889,72.876186,19.234773,72.962,3,17.12,48.3,22,0,0,398.52
19.004885,72.828006,19.035895,72.840953,2,3.71,12.5,7,2,0,102.99
19.074867,72.873802,19.133509,72.898093,3,7.0,25.2,21,4,0,227.5
19.076331,72.879058,19.065042,72.825572,1,5.76,18.8,16,2,2,209.93
19.026176,72.832016,19.064452,72.876925,3,6.36,20.5,16,3,0,180.15
19.113692,72.8609,19.080422,72.855552,3,3.74,16.4,8,1,0,150.44
19.06747,72.887731,19.205164,72.964798,1,17.32,43.7,22,6,0,356.2
18.926735,72.829926,19.127602,72.906719,1,23.75,107.4,21,2,1,1142.18
18.925494,72.826375,19.099685,72.866115,1,19.81,59.4,5,0,0,625.25
19.22113,72.977248,19.065885,72.978609,3,17.26,76.7,21,5,1,817.3
18.948961,72.852452,18.948223,72.827608,1,2.61,11.0,10,2,0,100.39
18.941888,72.832964,19.102203,72.880698,2,18.52,66.3,21,2,0,578.33
19.085254,72.868029,19.079597,72.989778,2,12.81,34.2,3,5,1,407.68
19.198579,72.974239,19.002675,72.828531,3,26.63,79.2,5,0,0,824.91
19.077085,72.867822,19.078557,72.860131,1,0.82,3.7,10,3,0,60.46
18.935706,72.815323,19.076171,72.876926,1,16.91,42.6,23,6,0,436.5
19.028235,72.82951,19.061385,72.812614,4,4.09,15.1,20,4,0,126.3
18.953457,72.835399,18.952785,72.850828,1,1.62,4.8,6,3,0,39.69
19.075881,72.866518,19.025837,72.835571,1,6.45,27.5,11,5,0,247.0
19.060598,72.993695,18.921592,72.82626,4,23.43,92.1,11,2,0,825.54
19.085289,72.883511,18.954341,72.807747,4,16.6,45.1,22,5,1,436.41
18.957523,72.852006,19.030838,72.855662,3,8.16,33.9,8,0,0,315.13
19.113938,72.83234,18.951352,72.825477,1,18.09,54.0,0,1,0,572.14
19.219343,72.988472,18.927726,72.834152,1,36.26,106.5,3,1,0,1118.57
19.086095,72.848491,19.069744,72.98083,2,14.03,55.6,10,4,0,496.98
18.929264,72.849257,19.208122,72.990593,1,34.38,107.1,16,4,0,906.73
19.086763,73.000467,19.080895,72.848838,3,15.95,72.5,9,3,0,679.93
19.083782,72.878217,19.129559,72.89018,1,5.24,15.1,14,3,0,123.45
19.065195,72.876357,18.937794,72.834862,1,14.82,61.8,9,2,1,642.19
18.953939,72.82983,19.077351,72.872755,1,14.45,41.3,3,4,0,437.36
19.214375,72.98505,19.080437,72.997168,2,14.95,65.2,19,6,0,596.0
19.058175,72.993819,19.036491,72.856405,4,14.64,44.7,13,3,1,430.43
18.948291,72.825387,18.950469,72.823839,1,2.19,8.6,9,0,0,72.32
18.929926,72.832525,19.017494,72.855835,3,10.04,29.7,13,2,0,248.72
19.11959,72.833537,18.936914,72.83603,1,20.31,84.3,18,6,0,767.3
19.070672,72.843402,19.00442,72.856064,1,7.49,21.4,14,2,0,177.36
19.069521,72.842961,19.134017,72.853077,1,7.25,23.3,13,6,1,221.35
19.231166,72.962155,19.009911,72.849099,1,27.32,69.5,3,1,0,712.53
19.135634,72.849707,19.034704,72.858288,1,11.26,35.8,7,4,0,304.75
19.117585,72.893455,19.053602,72.880907,1,7.24,29.7,9,3,1,321.13
18.93487,72.825727,18.926589,72.839136,1,1.68,7.3,8,0,1,75.4
19.093921,72.97908,18.944941,72.817824,1,23.7,64.9,23,4,0,676.54
19.08894,72.862766,19.136406,72.906273,2,6.98,26.7,9,2,1,274.09
19.203068,72.959558,19.062698,72.864015,2,18.56,61.3,6,0,0,527.17
18.93573,72.839969,19.020905,72.850636,1,9.54,28.0,23,4,0,295.35
18.944032,72.843335,19.079627,72.876107,1,15.47,40.3,22,2,0,337.06
19.123165,72.892532,18.960312,72.827815,1,19.34,57.3,12,2,1,557.97
18.924441,72.841947,19.063729,72.812689,2,15.79,39.8,23,3,0,421.34
19.214557,72.993294,19.047278,72.838269,1,24.72,81.7,13,1,0,697.84
19.009839,72.835162,19.05452,72.817861,2,5.29,13.9,4,6,0,151.99
18.959386,72.823664,19.107684,72.859275,4,16.91,46.4,7,6,0,391.18
18.923468,72.836835,19.125082,72.851247,1,22.47,57.4,1,5,0,587.21
19.071636,73.016127,19.07084,72.857306,2,16.69,42.8,4,2,1,504.25
19.00749,72.83594,19.139018,72.852111,2,14.72,38.1,22,3,0,312.88
19.233081,72.965326,19.019503,72.853943,1,26.48,81.0,13,3,0,682.36
19.057697,72.867672,19.09615,72.85033,4,4.65,12.9,23,2,0,128.98
19.081012,73.00519,19.102799,72.837693,1,17.77,52.7,22,1,0,443.51
19.118829,72.90858,19.105997,72.87429,1,3.87,12.9,14,4,0,118.12
19.075977,72.876265,18.958318,72.822622,1,14.25,38.2,22,4,1,365.81
19.042088,72.842408,19.055668,72.82961,2,2.02,8.5,18,5,0,75.61
19.057614,72.879902,19.069982,72.848612,1,3.56,8.8,1,4,0,87.46
19.075514,73.006987,19.018662,72.832786,4,19.37,62.9,13,4,0,539.02
18.950979,72.820677,19.069936,72.865834,1,14.05,34.6,3,1,1,403.93
18.959468,72.825335,19.136055,72.857808,1,19.93,61.3,15,5,0,524.18
19.135318,72.836909,19.062793,72.820802,1,8.24,22.9,0,0,1,268.28
19.215883,72.978518,19.072573,72.850215,3,20.87,59.3,23,6,0,608.77
19.062434,72.845884,18.945009,72.852806,2,13.08,55.1,21,6,1,586.36
19.027126,72.867617,19.077834,72.818969,3,7.61,21.0,7,4,0,176.79
19.06983,72.85779,19.00195,72.839617,1,7.79,28.7,18,3,1,292.53
19.011319,72.85602,19.048575,72.82968,1,4.98,15.3,6,3,1,139.26
18.949974,72.838301,18.958519,72.826724,2,1.54,4.3,6,3,0,41.09
19.145069,72.926326,19.060158,72.837105,2,13.31,54.8,11,1,0,494.91
19.074381,72.854813,19.071572,72.861052,1,0.73,2.8,11,1,0,39.45
19.088553,72.994804,19.226939,72.982393,1,15.44,38.4,22,1,0,303.04
19.068231,72.994417,19.133453,72.844813,1,17.31,79.4,21,5,0,736.26
19.079759,72.880708,19.068689,72.98815,1,11.36,27.9,4,1,0,278.66
19.055237,72.848558,19.029806,72.837466,1,3.06,11.7,21,2,0,107.19
19.127189,72.838913,19.023225,72.867518,2,11.94,30.5,1,3,1,360.76
19.111864,72.858865,19.030444,72.867156,3,9.1,25.1,6,6,0,214.62
19.063354,73.008672,19.016777,72.841151,1,18.35,57.2,6,4,0,498.64
18.941585,72.804483,19.081458,72.882786,1,17.6,63.4,19,0,0,547.03
19.128005,72.830649,19.111772,72.86239,2,3.79,10.4,14,3,0,89.31
18.945856,72.833635,19.040975,72.835059,1,10.58,40.9,18,6,0,363.64
19.105521,72.861485,19.208986,72.994527,1,18.1,58.5,6,4,0,500.4
19.081961,72.987394,19.075026,72.856002,1,13.83,38.5,22,3,1,365.85
19.235594,72.992428,19.070738,73.018507,1,18.53,66.2,19,2,0,581.25
18.953455,72.854278,18.926411,72.836274,2,3.55,9.0,0,6,0,89.22
19.001681,72.83037,19.059304,72.995676,1,18.52,72.0,9,1,0,641.9
18.933529,72.851855,19.016915,72.842011,2,9.33,30.0,12,1,0,252.99
18.920477,72.820888,19.145723,72.907759,3,26.66,69.0,5,1,0,706.18
19.233385,72.967827,19.066466,72.822856,1,24.01,85.8,21,6,0,763.02
18.937496,72.825259,19.087225,73.007698,3,25.4,76.2,12,5,1,741.13
19.231914,72.9588,19.107814,72.866333,1,16.87,41.7,23,4,0,430.22
19.097078,72.881325,19.071199,72.983644,1,11.13,47.0,8,4,0,437.47
19.064464,72.982826,19.02189,72.840693,2,15.67,69.4,17,6,0,643.4
19.071318,72.861266,18.92132,72.853457,1,16.7,48.0,2,5,0,502.71
19.076443,72.979186,19.087459,72.998625,3,2.38,7.5,15,2,0,66.97
18.950193,72.827679,19.055819,72.848864,1,11.95,35.5,6,0,0,294.57
19.106212,72.856227,19.064967,73.016492,1,17.45,54.1,6,3,0,459.92
19.109241,72.920732,19.051455,72.852886,1,9.6,24.3,0,4,0,241.73
19.079301,72.870499,19.082649,72.881559,1,1.22,5.0,8,1,0,59.04
19.073711,72.852488,18.955639,72.83808,2,13.22,37.5,13,0,0,320.67
18.959424,72.842767,19.029742,72.832081,2,7.9,21.0,4,1,0,208.61
19.020737,72.831734,19.09472,73.016713,1,21.11,64.4,16,0,1,617.26
19.198448,72.964602,19.208586,72.986876,1,2.6,7.0,3,1,0,76.99
19.078487,72.888674,19.102772,72.842948,2,5.51,20.0,19,4,1,203.66
19.04503,72.848598,19.20077,72.987474,1,22.64,99.6,17,3,0,914.87
18.963055,72.828587,19.226659,72.994344,1,34.1,84.0,22,0,0,682.97
18.933548,72.815636,19.057435,72.837843,2,13.97,55.0,10,6,0,492.02
19.081595,72.846976,19.230942,72.975383,2,21.39,70.2,16,1,0,600.28
19.106009,72.851777,19.049442,72.849367,3,6.29,27.4,17,2,0,245.28
19.205994,72.986795,19.014071,72.858294,1,25.25,62.3,22,2,0,507.09
19.018521,72.828099,19.099457,72.851421,3,9.33,27.9,0,6,0,291.74
19.082221,73.011798,19.081005,73.008157,1,1.27,3.6,0,2,0,38.09
19.07145,73.018426,19.07476,72.983827,1,3.65,10.8,5,5,0,121.42
19.060367,72.987309,19.093694,72.992016,4,3.74,11.8,6,3,0,104.27
19.08786,72.851577,19.223218,72.975975,2,19.93,80.8,8,6,1,837.07
19.096483,73.005256,18.948596,72.832494,1,24.5,112.6,11,4,0,1044.66
19.076773,72.875637,18.927818,72.823766,1,17.44,53.9,15,2,2,597.01
19.101362,72.834672,19.199086,72.993276,4,19.89,76.4,18,1,2,885.29
19.014118,72.86701,19.088703,73.003252,1,16.55,43.4,2,5,0,449.95
19.073367,72.815072,19.100473,72.864955,3,6.05,20.4,7,1,1,205.33
18.931836,72.835605,19.051166,72.84759,1,13.33,41.2,16,1,0,353.78
19.093574,72.859267,19.067381,72.867083,1,3.03,8.6,5,3,0,90.08
19.076512,72.984575,18.941461,72.849698,1,20.65,57.5,15,0,0,480.8
19.079728,72.877748,19.022692,72.865177,1,6.48,21.5,7,5,0,192.68
19.06755,72.852279,19.091346,72.98257,1,13.95,37.6,23,6,0,389.38
18.95167,72.807266,19.049027,72.838046,3,11.3,37.5,16,1,0,322.4
19.086702,72.852034,18.941931,72.837527,1,16.17,41.4,0,0,0,417.09
19.069076,72.880574,19.125276,72.907612,2,6.86,21.5,6,1,1,203.59
19.122611,72.835933,19.021983,72.84891,1,11.27,49.5,9,1,0,452.48
18.921406,72.828226,19.068714,72.98188,1,23.01,89.8,20,1,0,804.98
19.218201,72.969138,19.20654,72.986472,1,2.23,6.4,2,3,0,60.64
18.947137,72.821904,19.206228,72.993076,1,33.96,100.1,23,2,0,1054.05
18.940768,72.824675,19.064939,73.016351,4,24.43,90.0,19,1,1,896.94
19.117002,72.914882,19.005883,72.832203,1,15.11,67.8,10,6,0,625.75
19.074206,72.869125,19.047629,72.844706,1,3.91,16.5,11,1,0,147.59
19.078414,72.997453,18.928136,72.838437,2,23.64,64.6,22,5,0,537.47
19.037543,72.834795,18.999813,72.830316,1,4.22,13.7,6,0,0,117.85
19.057747,72.858659,19.049787,72.829058,1,3.23,11.7,18,2,0,101.89
18.938399,72.826474,18.953458,72.835778,1,1.94,4.9,2,3,0,55.18
18.939964,72.819706,18.920628,72.829704,1,2.39,8.7,17,4,0,68.86
19.143899,72.915677,19.10535,72.863225,1,6.98,29.4,10,3,0,268.24
19.060717,73.016514,18.936422,72.834958,2,23.57,101.4,21,4,0,932.56
19.076614,72.880827,19.121062,72.902934,1,5.46,15.5,1,6,0,158.08
19.044455,72.848937,18.937997,72.823527,1,12.14,33.1,4,2,0,341.72
19.090826,73.004369,19.141073,72.923759,3,10.15,31.4,13,1,0,270.02
19.057522,72.982257,19.216852,72.965059,1,17.81,53.4,7,1,0,457.94
19.066524,72.84913,19.07602,72.999387,1,15.83,71.7,17,2,0,663.53
18.960935,72.806025,18.953422,72.853765,2,5.09,21.4,21,3,1,228.88
19.138554,72.908355,18.948544,72.8236,1,22.93,61.7,4,0,2,823.01
19.036377,72.856515,19.134424,72.86165,1,10.92,31.1,22,5,0,259.27
19.107268,72.913248,19.122324,72.846557,1,7.2,20.9,1,6,0,228.96
19.211987,72.965879,19.052183,72.812875,2,23.96,94.4,18,0,0,846.28
19.114134,72.92603,19.025104,72.86266,1,11.93,49.3,10,5,0,450.94
19.122977,72.918498,19.110609,72.914881,2,1.43,4.1,22,3,1,37.67
19.13025,72.916389,19.090328,72.847101,1,8.53,39.2,9,5,0,369.24
19.077962,72.879539,18.941664,72.840477,1,15.7,48.2,14,6,0,408.45
19.08366,72.992135,19.130655,72.915099,1,9.63,26.7,22,4,1,258.08
19.007666,72.846185,19.120034,72.866073,1,12.67,34.0,22,1,0,276.92
19.075706,72.876436,19.074818,73.001058,2,13.1,43.9,7,6,0,386.31
18.958734,72.80579,19.018708,72.828744,1,7.09,25.5,8,3,0,225.05
19.085442,72.853566,19.092537,73.009597,2,16.41,55.8,14,5,0,477.56
18.93929,72.834776,19.064335,73.00799,1,22.91,100.6,11,4,0,924.61
19.054747,72.847677,19.110454,72.827241,2,6.56,27.5,18,5,0,250.3
19.123857,72.828384,19.074314,72.991412,3,17.99,56.6,6,5,0,484.93
19.127108,72.865676,18.957928,72.83477,2,19.09,56.7,12,3,0,476.23
19.138458,72.854958,18.953951,72.82828,1,20.71,89.9,11,4,0,816.94
19.064503,72.809902,19.104195,72.83714,1,5.26,19.6,10,6,0,174.2
19.078308,72.884241,19.075253,72.825953,1,6.13,28.2,9,0,0,261.15
19.088578,72.845999,19.030105,72.858659,3,6.64,18.8,22,2,0,159.31
19.073235,72.879787,18.932177,72.824883,2,16.71,45.3,3,2,2,611.99
19.072266,72.885542,19.001001,72.842179,3,9.14,33.6,8,5,0,295.78
19.098182,72.870536,19.131899,72.865093,1,3.79,10.6,6,0,0,93.65
19.007427,72.857544,18.932692,72.834649,1,8.65,21.4,2,1,0,220.78
18.932941,72.822653,19.096659,72.853197,2,18.49,78.8,20,4,0,717.52
19.079584,72.978835,19.14165,72.891115,2,11.51,34.4,15,3,1,343.76
18.953383,72.806865,18.941306,72.816988,2,1.71,4.4,4,1,0,46.05
19.134205,72.91265,18.94996,72.826193,1,22.41,101.5,11,4,0,945.21
19.219231,72.96277,19.135684,72.857677,1,14.43,39.7,12,4,0,330.04
19.126211,72.850007,19.065135,72.990828,1,16.28,46.9,5,5,1,563.27
18.951781,72.819881,19.067673,72.885892,3,14.64,43.2,23,0,0,451.01
19.214583,72.985207,19.021879,72.855698,1,25.38,97.3,10,6,0,858.52
18.936625,72.810533,19.129822,72.908847,1,23.84,92.2,9,4,0,820.61
18.952334,72.830822,19.08183,72.848514,3,14.52,64.0,19,1,0,594.44
19.139625,72.910853,19.127326,72.922979,1,1.87,5.5,5,5,1,68.24
19.010175,72.855565,19.073135,72.990496,2,15.82,45.7,2,3,1,542.46
19.086735,73.005074,19.130802,72.903299,1,11.76,28.9,23,6,0,290.92
19.118074,72.859119,19.208987,72.967882,1,15.25,46.8,12,3,0,394.4
19.086204,72.849174,19.088344,72.869252,3,2.12,6.9,6,2,0,57.49
19.088563,72.979292,18.954311,72.834264,1,21.34,85.3,10,0,0,773.33
18.959341,72.821076,18.95057,72.846899,2,2.89,9.3,6,4,1,97.01
19.201263,72.997813,19.227297,72.962667,1,4.69,12.0,22,6,2,125.45
18.963768,72.814874,18.943927,72.839373,1,3.39,9.3,1,0,0,94.98
19.054992,72.883952,19.06859,72.999054,2,12.19,38.3,15,5,1,378.78
19.083801,72.864876,18.943955,72.826276,1,16.07,47.7,22,0,1,453.43
18.942022,72.848336,19.104698,72.830662,2,18.18,52.7,14,0,2,573.07
18.926084,72.807822,19.071709,73.000017,2,25.89,87.5,16,6,1,868.71
18.95476,72.805483,18.946661,72.847601,1,4.52,12.4,0,3,1,154.65
19.094385,73.009409,19.108311,72.858844,1,15.9,73.0,9,3,0,682.48
18.92736,72.823861,19.143806,72.902533,1,25.45,71.8,5,2,0,756.63
18.928646,72.806816,19.21154,72.991598,1,36.97,108.0,5,5,0,1140.81
19.105936,72.876852,18.92429,72.835627,2,20.66,65.3,7,2,0,556.75
19.098205,72.858198,18.946923,72.841719,1,16.91,53.3,12,6,0,449.86
19.117797,72.907131,19.107344,72.857151,1,5.38,20.3,8,0,0,183.35
19.103951,72.860079,19.018199,72.846223,3,9.65,38.2,17,3,0,342.81
19.104165,72.831016,19.069902,72.995471,1,17.7,74.9,18,3,1,781.61
19.077777,72.88276,19.042388,72.811829,3,8.43,33.4,20,6,1,350.63
19.082133,72.873314,19.07362,72.844614,1,3.16,13.4,8,3,0,116.0
19.086684,72.85075,19.015628,72.829774,1,8.2,23.5,1,1,0,251.58
19.232986,72.98502,19.048596,72.860315,3,24.33,81.0,12,5,0,697.19
19.110124,72.906726,19.060093,72.870331,2,6.75,27.8,10,0,0,260.65
18.935726,72.808459,18.954017,72.831873,1,3.19,13.3,9,5,0,119.14
19.212443,72.963399,19.005565,72.849264,3,25.94,85.7,13,0,0,740.76
19.071211,72.877793,19.100943,72.864276,1,3.6,13.1,21,2,1,141.55
19.02603,72.860634,18.921552,72.822771,2,12.28,36.4,6,2,0,311.11
19.031236,72.831851,19.055649,72.84932,1,3.28,8.9,1,6,1,106.0
19.033567,72.836927,19.078372,72.887084,2,7.25,22.2,7,6,0,187.91
19.061039,72.854789,19.209672,72.981531,1,21.22,94.6,11,2,0,882.57
19.056341,72.872333,19.204324,72.995406,1,20.93,92.4,19,0,0,839.44
19.139577,72.900107,19.017152,72.847418,1,14.7,38.1,0,1,1,459.37
19.124402,72.901513,19.126303,72.894194,1,0.8,2.2,16,3,2,42.01
19.059748,72.816805,18.942268,72.844832,1,13.39,54.2,19,6,0,489.1
19.112094,72.829832,19.235229,72.985671,1,21.34,89.4,11,1,1,933.19
18.949969,72.814417,19.100067,72.834456,4,16.82,64.4,9,5,0,572.22
19.076331,72.825822,19.060285,72.845823,2,2.76,11.9,8,6,0,113.74
19.127761,72.923179,19.060397,73.009226,1,11.74,51.3,17,2,1,548.46
19.089058,72.875142,19.206198,72.997465,2,18.3,46.2,2,2,1,556.5
19.047556,72.873658,19.142048,72.908226,1,11.12,40.7,19,2,2,463.95
19.018533,72.846272,19.057209,72.878183,1,5.45,22.3,17,3,0,204.61
19.07399,72.82783,19.066771,72.997921,3,17.89,78.1,18,4,0,718.61
19.124644,72.903911,18.959258,72.82069,1,20.36,55.3,3,1,0,572.33
18.938997,72.823477,19.093681,72.983122,2,24.03,69.6,0,4,1,834.15
19.117004,72.917372,19.0921,72.98191,3,7.32,29.9,18,5,0,266.53
19.013127,72.859587,19.142501,72.922886,1,15.85,45.7,5,5,0,478.06
19.092903,73.017482,19.220156,72.980879,1,14.66,59.1,10,0,0,530.53
19.233804,72.972814,19.222827,72.992852,2,2.43,8.0,14,1,1,79.74
19.041482,72.836242,19.063865,72.991498,1,16.51,75.3,10,1,0,694.47
18.92202,72.817055,19.057379,72.819752,1,15.05,53.4,21,5,1,534.9
19.069928,73.017157,18.929698,72.804589,1,27.25,82.3,16,5,1,787.97
18.944241,72.838113,19.061283,73.01384,1,22.6,101.2,8,5,1,1077.49
19.078075,72.831396,18.939711,72.821729,4,15.42,47.2,16,2,0,402.79
18.955865,72.828617,19.060642,72.875499,1,12.65,54.7,17,2,0,496.1
19.078164,72.990731,19.069816,72.87234,4,12.48,35.0,15,5,0,290.6
19.20814,72.979383,19.214407,72.966414,2,1.53,6.5,21,1,0,60.83
19.205835,72.96035,19.048962,72.811491,1,23.43,64.3,22,0,1,609.36
19.078888,72.862692,18.940503,72.826011,1,15.86,68.5,21,4,1,720.11
19.052187,72.888097,19.228719,72.997497,3,22.75,102.4,21,6,0,947.65
18.946191,72.830903,18.943005,72.818328,1,1.37,3.9,12,2,1,46.3
19.069034,72.989121,19.127492,72.904111,1,11.05,44.4,8,2,0,406.47
18.957454,72.826591,18.936817,72.80719,4,3.07,8.2,0,5,0,76.64
19.002943,72.828535,18.932056,72.840339,1,7.98,32.7,21,5,0,297.14
19.065528,72.862009,19.222185,72.975067,1,21.08,93.7,11,0,0,856.0
18.923436,72.843865,19.124154,72.895521,2,22.97,95.3,19,2,0,866.7
19.000004,72.863315,19.081049,72.864004,1,9.01,40.8,11,0,0,374.64
19.088113,72.996628,18.94959,72.816986,2,24.37,93.2,20,0,0,824.06
19.075304,72.827846,19.12386,72.861253,4,6.44,19.2,2,0,0,199.98
18.935341,72.848765,19.10292,72.873527,1,18.81,49.3,4,5,0,508.26
18.939887,72.841997,19.078867,72.97892,1,21.12,91.6,19,1,0,835.32
18.940636,72.841857,19.03315,72.865133,3,10.57,30.1,12,4,0,255.43
19.130543,72.908145,18.928514,72.84205,1,23.51,59.3,1,4,0,609.4
19.055845,72.884049,18.957218,72.848777,4,11.58,33.3,22,6,0,279.0
19.067671,72.878634,19.200555,72.972875,1,17.79,69.9,18,1,0,632.33
18.934178,72.806786,19.031237,72.833745,1,11.16,41.9,20,6,1,438.49
19.055347,72.817175,18.954671,72.820116,2,11.2,32.3,5,0,0,340.29
19.020707,72.847823,19.127628,72.898209,2,13.01,40.2,12,3,1,396.58
19.107543,72.913234,19.098425,72.865612,3,5.11,14.8,23,0,0,158.96
18.949853,72.815634,19.068932,72.877276,3,14.74,63.1,19,0,0,565.85
19.22534,72.986326,19.213617,72.966983,2,2.41,6.5,0,0,1,75.32
19.096997,72.989843,19.113442,72.919461,1,7.62,25.1,14,1,1,254.83
19.13193,72.8505,19.046754,72.845577,1,9.49,30.0,15,3,0,258.83
19.227481,72.971992,19.125724,72.861987,1,16.17,70.6,17,4,0,643.51
18.941093,72.850755,19.066294,72.811254,1,14.53,40.2,12,4,0,324.1
18.938031,72.811916,19.127266,72.846983,1,21.36,89.5,8,3,0,811.14
19.075219,72.832271,19.136496,72.918133,2,11.31,34.5,12,6,0,292.86
19.051561,72.822164,19.110797,72.852112,2,7.3,21.6,15,4,1,207.3
19.127512,72.908705,19.094471,72.999509,1,10.22,30.3,0,6,0,326.03
19.001546,72.858524,18.944833,72.84406,1,6.49,27.2,18,2,1,295.21
19.216777,72.991892,19.056286,72.877151,1,21.54,67.0,13,2,0,566.02
19.130181,72.847895,19.199637,72.97277,1,15.22,55.2,21,1,2,635.41
19.136592,72.843436,19.019962,72.865033,1,13.17,60.0,21,4,0,566.38
19.019495,72.848898,19.084084,72.864107,1,7.36,21.7,5,4,0,225.53
19.109548,72.91215,19.044939,72.841734,4,10.31,41.6,17,0,0,373.74
19.050828,72.865714,18.942601,72.842087,4,12.29,51.1,17,5,0,458.2
19.129487,72.92545,19.237603,72.979213,2,13.28,56.5,18,0,0,521.34
19.052969,72.81053,19.023022,72.857784,1,5.98,25.3,9,1,0,230.71
19.118145,72.903984,19.119712,72.853556,1,5.3,14.8,0,3,1,174.56
19.106281,72.835743,18.921513,72.820222,4,20.61,57.8,12,6,0,479.95
18.934078,72.804236,19.214909,72.982704,1,36.43,99.7,23,6,0,1023.12
18.941639,72.843911,19.117766,72.860669,3,19.66,78.1,11,0,0,705.57
19.062239,72.856948,19.120829,72.852875,1,6.53,29.1,21,5,0,262.12
19.00307,72.85501,19.032457,72.829133,3,4.25,18.1,8,5,0,162.75
19.126892,72.89341,19.073521,72.987854,1,11.56,41.7,10,6,0,363.07
19.198638,72.991668,19.107207,72.881283,1,15.42,48.9,13,4,0,412.11
19.061245,72.86534,19.075389,73.000585,3,14.3,46.1,12,5,0,394.98
18.940143,72.847366,19.074011,72.86802,3,15.04,40.2,5,0,0,418.41
19.020881,72.836646,19.09996,72.864746,1,9.28,26.9,23,0,0,284.6
19.015089,72.854989,18.929792,72.842523,1,9.57,38.2,10,4,0,348.99
19.102884,72.864016,19.071039,72.852932,2,3.73,10.4,7,0,0,86.52
19.01819,72.85121,19.135254,72.828333,1,13.24,50.0,21,0,0,440.28
19.112035,72.912998,19.094377,72.989755,4,8.3,26.1,6,1,0,222.33
18.958997,72.84339,19.087632,73.002058,1,21.97,73.4,6,3,0,637.67
19.080596,72.846912,19.094533,72.98796,1,14.9,53.1,20,5,0,463.85
19.228599,72.987368,19.107714,72.83484,2,20.91,63.9,7,3,0,544.66
19.009707,72.854191,19.225775,72.994632,2,28.19,129.5,17,0,0,1201.9
18.927979,72.832211,19.070914,73.018242,1,25.2,72.3,22,3,0,599.28
19.13336,72.890259,19.079421,72.864653,1,6.57,19.0,22,1,0,155.11
19.103272,72.877654,19.207503,72.974343,2,15.41,50.5,7,6,0,437.19
18.938928,72.835156,19.230075,72.962059,1,35.01,103.8,14,5,2,1130.58
19.016664,72.85624,19.104792,72.833427,4,10.09,44.6,11,6,0,410.67
19.107028,72.852111,19.121773,72.851671,1,1.64,5.5,14,2,0,45.44
19.087024,72.862194,19.059867,72.991848,1,13.96,38.7,1,3,0,405.19
19.210851,72.963774,19.227852,72.993819,1,3.68,14.7,18,0,1,148.63
19.069135,72.887743,19.142613,72.891322,1,8.18,23.7,0,3,2,319.47
19.200197,72.990147,19.108092,72.862717,1,16.85,68.9,20,1,0,615.17
19.08211,72.878672,19.120893,72.837999,2,6.07,25.9,10,6,0,233.1
19.090656,72.979893,18.954935,72.827743,4,21.99,62.2,4,3,0,650.26
19.115866,72.861415,19.073211,72.980048,1,13.34,33.6,4,1,0,342.53
19.207964,72.984988,19.049826,72.886421,2,20.41,88.2,19,2,0,815.13
19.058804,72.829156,18.939238,72.830352,1,13.3,37.6,22,6,0,311.53
18.952641,72.847402,19.116012,72.914374,3,19.48,55.6,0,0,0,578.45
19.070312,72.979389,19.1155,72.8398,1,15.5,45.6,16,5,0,380.7
19.12908,72.915344,19.035036,72.832237,1,13.62,38.3,13,0,0,315.4
19.084939,72.885762,18.93468,72.819545,2,18.1,58.3,14,3,1,571.86
19.106225,72.836368,18.92673,72.838566,4,19.96,60.2,14,5,0,509.88
19.06771,72.841208,19.047666,72.848913,1,2.37,6.4,23,1,0,56.1
19.053997,72.836212,19.034328,72.859712,3,3.3,13.9,17,1,0,125.24
19.111601,72.901106,19.043024,72.816838,2,11.69,38.4,15,6,0,332.99
19.093792,72.864805,19.226141,72.971799,1,18.52,57.9,6,4,0,493.33
18.935923,72.816358,19.145441,72.922942,1,25.85,115.5,17,2,0,1076.78
19.083991,73.014501,19.078378,72.837228,1,18.64,53.6,4,4,1,652.5
18.932111,72.804211,19.067461,73.006947,1,26.09,98.2,11,0,0,876.41
19.028132,72.859545,19.08867,72.856427,1,6.74,26.8,17,2,0,242.77
19.050937,72.876549,19.128142,72.916467,1,9.55,39.7,20,3,1,417.35
19.116847,72.831469,19.088532,72.997098,3,17.69,71.6,10,0,1,743.77
19.070097,72.880792,19.101013,72.845114,2,5.09,16.8,13,2,0,150.87
18.927893,72.82799,19.219534,72.960167,1,35.28,93.6,23,0,0,971.43
19.138414,72.860919,19.074124,72.851853,1,7.21,22.5,14,1,0,196.28
19.068194,72.998609,19.086538,72.866197,1,14.06,62.9,18,6,0,584.53
19.217115,72.99635,19.138482,72.85625,1,17.12,53.4,15,2,0,454.32
19.138688,72.90268,19.136961,72.849733,1,5.57,16.0,6,4,0,134.13
19.120632,72.840163,19.015887,72.833141,1,11.67,37.9,7,2,0,316.78
19.058527,72.834716,19.057561,72.983814,1,15.67,72.4,18,2,0,674.28
19.042162,72.843997,19.123198,72.895673,1,10.52,38.1,19,6,0,333.23
19.220017,72.968503,18.942603,72.849647,1,33.28,106.0,15,1,0,902.76
19.234775,72.987658,19.072379,73.016873,1,18.32,54.0,22,4,0,462.87
19.095149,72.883733,19.057071,72.830307,1,7.03,18.1,5,6,0,179.59
19.13525,72.915084,19.125704,72.852546,4,6.66,25.4,21,4,1,258.73
19.074523,72.879331,19.100161,72.846322,3,4.49,13.0,3,3,1,151.74
19.128625,72.894806,19.233065,72.980265,2,14.68,46.7,15,1,0,392.47
19.099716,72.850247,19.138428,72.863317,3,4.52,19.4,10,6,0,177.52
19.046111,72.829065,19.075871,72.862656,1,4.84,14.9,15,0,0,131.04
19.065006,72.845882,19.055201,72.825764,1,2.38,8.9,9,6,0,84.15
19.13187,72.852766,19.083013,72.878234,2,6.06,15.2,22,3,2,164.84
18.936528,72.831525,19.080848,73.009481,2,24.65,111.5,20,3,0,1034.21
19.072767,72.865113,19.057526,72.820477,1,4.99,19.2,21,5,0,176.92
19.037773,72.83852,19.046513,72.82328,1,1.87,7.3,17,2,0,67.17
19.218823,72.98493,19.003601,72.857272,2,27.43,75.0,12,2,1,712.4
18.933911,72.836121,18.997854,72.847684,2,7.21,29.4,9,3,0,265.73
19.0922,72.995325,19.056542,72.832365,3,17.58,59.4,13,5,0,509.76
19.043689,72.843281,19.237743,72.983557,2,26.13,79.6,6,2,0,673.98
19.030159,72.859815,19.077295,73.014084,1,17.04,45.7,23,4,0,477.0
19.219748,72.976066,19.076688,72.833043,1,21.88,95.9,20,2,2,1141.8
19.216256,72.979587,19.085392,72.883733,1,17.7,62.9,18,5,1,632.41
19.019967,72.850154,19.106568,72.852551,1,9.63,36.5,18,3,0,321.19
19.08262,72.851348,18.941349,72.821053,1,16.03,45.6,12,2,0,381.57
19.127163,72.843064,19.103178,72.835318,1,2.79,11.9,11,1,0,108.97
18.935048,72.817826,19.125247,72.910936,3,23.3,90.8,9,5,0,809.71
19.129628,72.862639,19.102412,72.855343,2,3.12,9.1,1,1,0,101.27
18.957704,72.848588,19.013952,72.83639,1,6.38,23.7,10,4,1,246.2
19.124567,72.903434,19.088827,72.86352,1,5.78,16.9,12,4,0,137.27
18.999031,72.852499,19.049854,72.853643,1,5.65,14.5,1,3,0,144.71
19.133885,72.83562,19.135984,72.904706,2,7.26,29.9,20,5,1,313.52
18.921052,72.825741,19.205106,72.968289,1,34.96,139.6,21,5,1,1440.1
19.053167,72.813943,19.137264,72.90205,2,13.16,49.0,19,1,0,431.44
19.08639,72.982111,19.092932,72.980912,1,0.74,2.9,19,3,0,47.21
18.928862,72.822465,19.017507,72.84136,1,10.06,43.9,21,5,0,404.28
18.928716,72.811523,19.10343,72.859451,2,20.07,84.0,11,3,0,755.91
19.007273,72.852893,19.104787,72.829294,3,11.12,44.1,9,2,0,397.23
19.014228,72.856617,18.961543,72.805075,1,7.98,35.1,20,5,0,329.33
18.946193,72.803735,18.924562,72.832698,3,3.88,15.6,17,5,0,140.61
19.075367,72.882411,19.114971,72.89058,1,4.49,18.4,8,5,1,195.6
19.137757,72.920967,19.05632,72.832122,2,13.01,38.4,22,1,0,322.02
18.957329,72.852834,18.932786,72.847717,2,2.78,7.9,5,5,0,79.21
19.113789,72.903819,19.126154,72.888388,1,2.13,9.7,8,5,0,86.25
19.075917,72.872969,19.110863,72.89391,1,4.47,12.9,22,5,0,106.14
18.940563,72.848467,18.949399,72.819719,3,3.18,9.2,4,0,0,105.24
19.133596,72.840676,19.074784,72.852992,1,6.67,29.4,17,5,0,279.68
19.121971,72.900535,19.061303,72.883243,3,6.99,23.2,7,4,1,221.54
19.069813,72.868193,19.074605,72.810564,1,6.08,27.2,17,1,0,254.79
19.224483,72.996264,19.224761,72.981777,2,1.52,3.8,5,5,0,31.14
19.052429,72.876454,19.127195,72.841301,1,9.1,39.9,8,0,0,371.01
19.035504,72.860519,18.938346,72.840993,2,11.0,30.7,3,6,0,325.08
19.041249,72.819532,18.937442,72.840501,1,11.75,36.7,16,0,0,302.02
19.100027,72.8827,18.923356,72.817391,1,20.81,58.1,5,2,0,609.34
19.032662,72.8472,19.049751,72.883603,1,4.27,11.3,23,5,0,111.46
19.083529,72.874008,19.122114,72.82727,1,6.52,29.1,17,5,0,267.36
19.123589,72.904993,19.199501,72.973989,1,11.13,30.4,3,1,1,361.18
19.074064,72.879191,19.129422,72.926024,3,7.88,20.3,5,6,0,205.61
19.124973,72.898136,19.232606,72.968749,1,14.08,60.1,10,5,1,637.75
18.955167,72.833931,18.92818,72.828819,1,3.05,13.3,17,2,0,121.32
19.071698,72.811155,19.123719,72.890841,1,10.18,25.6,23,6,0,257.01
19.20175,72.995563,19.076563,72.869608,1,19.21,54.8,6,1,0,456.98
19.097774,72.877711,18.999473,72.852756,1,11.24,47.8,11,2,0,421.78
18.939709,72.820525,19.105403,72.861318,4,18.92,81.3,9,2,1,856.71
19.09677,72.855691,18.951837,72.834303,2,16.27,67.2,17,3,0,600.32
19.077559,73.007957,19.014595,72.848127,1,18.2,52.5,1,1,0,554.71
19.052464,72.853745,19.065518,72.99133,1,14.53,36.5,1,0,1,431.49
19.115159,72.907862,19.091258,72.985488,1,8.58,32.9,20,3,1,333.22
19.080713,73.015986,19.014973,72.844115,1,19.49,59.3,16,1,2,648.48
19.052033,72.84887,19.046326,72.886054,2,3.96,11.5,5,2,0,121.0
19.094925,72.996317,19.125454,72.925314,1,8.2,35.2,17,2,1,364.63
19.136057,72.86408,19.023055,72.851661,1,12.63,32.7,2,2,1,388.93
19.066985,72.859355,19.117756,72.846458,1,5.81,25.3,11,2,0,243.1
19.028099,72.836741,19.027179,72.842487,1,0.61,2.3,10,3,0,36.69
18.941719,72.810955,19.047575,72.821806,1,11.83,34.7,22,6,0,291.68
19.028096,72.842077,19.208803,72.968292,2,24.07,67.4,2,1,1,806.69
19.077893,72.822227,18.936191,72.824275,2,15.76,44.9,22,5,0,374.36
19.071487,72.859815,19.048892,72.865419,3,2.58,7.2,15,5,1,72.6
19.122564,72.89686,18.946746,72.821192,2,21.11,52.0,4,4,0,536.76
19.046755,72.880348,19.073461,72.829707,2,6.09,17.9,1,3,0,183.87
18.934714,72.837511,19.059321,72.84093,3,13.86,40.2,12,2,0,330.29
18.963367,72.821894,19.137392,72.856603,1,19.69,64.6,13,5,0,553.12
19.213062,72.986984,19.063209,72.837311,1,22.91,67.3,23,4,0,714.3
19.000132,72.867737,19.080894,72.861686,1,9.0,35.3,18,2,1,366.43
19.133874,72.853871,19.10281,72.86237,1,3.57,14.7,18,1,1,155.92
19.080355,73.009831,19.140915,72.891194,2,14.17,44.1,14,1,0,372.28
19.106099,72.856239,19.070665,72.98142,1,13.73,39.1,22,0,0,327.86
19.22887,72.979685,19.065233,72.849603,2,22.75,56.0,2,3,0,568.43
19.089936,72.851895,19.200406,72.960472,1,16.76,53.0,15,4,1,519.71
19.133065,72.826726,19.128363,72.91132,1,8.9,34.3,20,3,1,358.19
18.960787,72.81757,19.209926,72.97,1,32.0,82.6,4,3,0,845.48
19.103879,72.835901,19.108487,72.846171,2,1.19,4.4,17,4,1,52.52
19.140777,72.89825,19.231308,72.970295,4,12.59,53.7,17,1,0,494.05
19.065181,72.881227,19.226923,72.986963,1,21.14,62.2,12,6,0,527.28
19.078754,72.84471,19.213245,72.985651,2,21.04,93.1,9,0,1,978.52
19.072894,72.845708,19.049689,72.863233,1,3.17,8.4,23,6,0,84.06
19.077991,72.848564,19.108289,72.847067,2,3.37,11.3,15,5,0,108.77
19.106878,72.827417,18.931528,72.821712,1,19.51,57.3,12,6,1,549.71
18.944977,72.81922,19.076726,73.017244,2,25.46,100.3,21,4,0,894.73
18.963355,72.841363,19.108158,72.851827,1,16.14,65.0,10,0,0,578.81
19.083519,72.864362,18.925564,72.81916,1,18.2,83.5,9,3,0,778.92
19.011318,72.840199,18.933739,72.829101,1,8.7,38.3,9,4,1,407.64
19.066049,72.837896,19.081933,73.01424,1,18.62,61.8,14,1,0,538.57
18.922053,72.830506,19.128221,72.832708,1,22.93,68.2,2,1,0,716.67
19.12683,72.906201,19.13804,72.908409,1,1.27,3.8,15,1,0,31.35
19.059676,72.980802,19.2191,72.989618,1,17.75,52.7,6,4,1,511.11
19.122569,72.905979,18.954011,72.843555,1,19.86,53.3,23,6,0,550.75
19.013386,72.857464,19.020306,72.859919,1,0.81,2.8,16,2,2,54.55
18.950392,72.814847,19.029832,72.86453,2,10.26,33.5,7,1,0,292.31
19.119266,72.893286,19.106189,72.843054,2,5.47,15.7,6,4,0,128.84
19.085064,73.015472,19.093185,73.015298,3,0.9,2.4,5,4,1,41.22
18.99937,72.840018,19.059001,72.987372,2,16.85,69.2,18,2,0,621.44
19.068899,72.886622,19.08866,72.858628,2,3.67,10.8,3,0,0,123.63
19.015823,72.839221,18.998203,72.838792,1,1.96,5.2,2,4,1,62.0
19.07544,72.86998,19.11467,72.895987,1,5.15,15.2,23,2,0,159.48
18.954603,72.835299,18.932516,72.829307,1,2.54,7.8,12,1,0,62.3
19.085663,73.008037,19.078247,72.842341,1,17.43,47.1,5,3,0,484.97
19.06945,72.833685,19.090002,72.870479,1,4.49,12.4,7,5,1,112.46
19.071066,73.005413,19.235611,72.971907,1,18.63,53.5,2,1,0,564.55
19.007509,72.867467,19.221321,72.995111,1,27.3,125.0,11,6,1,1340.42
19.129917,72.837083,19.137041,72.901552,1,6.82,18.7,23,2,0,188.24
19.070995,72.862011,19.06031,72.864411,2,1.21,3.8,12,0,1,41.91
19.22882,72.981483,19.218861,72.981026,3,1.11,2.8,4,6,0,37.33
19.2063,72.963334,19.220695,72.989687,2,3.2,14.8,9,4,0,142.24
19.092212,73.009195,19.216715,72.972676,1,14.37,61.6,9,4,0,559.51
19.036999,72.863087,19.078565,73.009445,2,16.06,47.3,23,6,0,500.88
19.02929,72.84415,19.08551,72.983216,1,15.9,47.3,16,0,0,394.37
18.925538,72.839559,19.059329,73.001558,3,22.62,56.5,5,4,0,571.52
19.05426,72.831883,19.131941,72.854119,1,8.95,25.6,13,4,1,244.18
19.137138,72.896211,19.208835,72.966495,1,10.86,30.1,12,6,0,252.07
18.952891,72.837807,19.137146,72.828596,2,20.51,76.8,19,6,0,688.51
19.138874,72.916756,19.04971,72.87741,2,10.74,46.8,8,4,0,417.43
19.093794,72.994259,19.093511,73.003821,1,1.01,3.0,23,6,0,40.16
19.016662,72.833794,19.137613,72.841085,3,13.47,44.7,15,4,0,388.63
19.020957,72.853687,18.953409,72.851038,2,7.52,19.4,0,6,0,210.55
19.073944,72.864512,19.102559,72.872684,1,3.3,8.2,23,3,0,78.89
18.944257,72.821006,19.078311,72.992744,2,23.41,61.5,23,3,0,632.2
19.096276,72.854961,18.946628,72.822771,1,16.98,46.9,5,3,0,488.75
19.053072,72.832213,18.9611,72.833404,2,10.23,27.3,1,2,0,279.3
19.074569,72.86878,19.08208,72.881993,3,1.62,4.8,15,2,0,30.75
19.076503,73.014844,18.954306,72.8512,3,21.92,56.4,4,4,0,575.6
19.052896,72.885278,19.032428,72.829084,2,6.33,27.7,11,3,1,294.56
18.943928,72.803963,19.122108,72.843573,4,20.25,88.3,9,1,1,934.04
19.106883,72.889372,19.209463,72.981275,1,14.94,49.7,16,2,1,486.29
19.051261,72.832008,19.127169,72.927729,1,13.13,41.4,13,1,0,359.25
19.121111,72.889018,19.037208,72.860197,1,9.81,26.3,4,6,0,257.92
19.120771,72.839069,19.227411,72.962959,2,17.6,55.9,14,4,0,470.8
19.065843,72.884462,19.037415,72.835487,1,6.04,15.3,3,5,0,161.59
18.956353,72.816147,19.126281,72.889283,2,20.4,61.4,13,0,1,605.87
18.94601,72.8278,19.237443,72.996718,1,36.95,106.8,16,0,0,895.36
19.08311,72.873721,19.113344,72.848064,2,4.31,11.7,1,0,0,122.53
19.07057,72.870601,18.930668,72.807501,2,16.91,60.3,20,3,0,529.65
19.139893,72.888623,19.225573,72.99784,1,14.91,60.4,8,6,0,547.03
19.070709,72.881795,19.109008,72.900297,1,4.68,15.5,7,6,0,133.72
19.079209,72.856809,19.065297,72.870251,1,2.09,9.5,21,2,1,107.73
19.078119,72.881822,19.013467,72.864419,1,7.42,29.1,19,6,0,266.69
19.0069,72.846825,19.000393,72.858306,1,1.41,4.5,7,5,0,28.0
19.091143,72.855618,19.125302,72.846192,2,3.93,10.5,3,6,0,109.22
18.959346,72.812476,19.074397,72.879206,1,14.59,60.0,18,1,0,541.3
19.079744,72.865796,19.053907,72.880242,1,3.25,9.1,23,4,2,119.47
18.959433,72.84246,19.119792,72.833052,2,17.86,52.2,14,6,0,436.05
19.107138,72.909824,19.225185,72.982389,1,15.18,60.2,19,3,0,536.16
19.011682,72.844563,19.209283,72.979944,1,26.17,101.9,11,2,0,919.88
19.204703,72.989593,19.199096,72.986061,1,0.73,2.9,20,3,1,54.49
19.107071,72.834922,18.947261,72.842504,2,17.79,51.6,0,2,0,540.48
19.055518,72.821906,19.088264,73.007361,1,19.83,88.3,19,0,0,805.47
19.106621,72.878757,18.924325,72.832415,1,20.85,57.7,13,5,0,472.08
19.119062,72.865531,19.067467,72.854874,1,5.85,19.2,14,2,0,167.7
19.073795,72.990502,18.958137,72.817442,2,22.28,92.5,10,1,0,840.05
18.927632,72.837414,18.930152,72.832199,2,0.62,1.9,6,1,0,39.39
19.071252,72.991945,19.004457,72.859255,1,15.8,41.8,5,3,1,495.33
19.12928,72.865141,19.226492,72.994303,1,17.35,51.3,23,5,0,553.65
19.080987,72.876206,19.21572,72.960994,2,17.43,49.4,7,5,0,410.21
19.108703,72.919098,18.920086,72.83051,2,22.95,72.0,13,3,0,616.69
19.205617,72.963349,19.004936,72.848323,2,25.38,111.8,11,1,0,1028.48
19.134183,72.862138,19.030809,72.833509,1,11.88,53.6,11,6,0,500.39
19.0796,72.862022,19.224208,72.978206,1,20.19,52.6,0,5,0,551.13
18.958919,72.821425,19.092314,72.847279,1,15.08,62.7,8,6,2,739.17
19.078727,72.876612,19.063391,73.00431,1,13.53,41.3,6,5,0,347.9
19.070838,72.843118,19.075569,72.882577,1,4.18,12.3,3,3,2,174.39
19.086919,72.851365,19.087482,73.012719,4,16.96,54.5,7,5,0,470.81
19.144201,72.889931,19.128856,72.8645,2,3.17,12.2,9,5,0,110.65
19.215285,72.976539,19.078561,72.845958,1,20.48,52.3,22,6,0,422.61
19.018762,72.850684,19.133706,72.896334,1,13.65,37.7,16,5,0,306.79
19.007893,72.844388,19.041578,72.84345,1,3.75,15.8,9,3,0,141.04
19.058123,73.010468,19.068037,72.821652,1,19.87,53.8,1,4,0,553.39
19.129265,72.83912,19.215569,72.97622,1,17.3,50.4,15,6,0,426.33
19.063785,73.006539,19.082804,72.858492,1,15.7,40.5,5,3,1,478.34
19.074302,72.811225,19.133839,72.842326,1,7.38,19.5,5,3,0,201.7
18.946306,72.822562,19.132712,72.829056,1,20.74,80.8,8,0,0,720.89
19.004171,72.845216,19.064419,72.853792,2,6.76,18.0,3,3,0,197.54
18.932391,72.854152,19.046053,72.856315,3,12.64,58.6,21,4,0,535.8
19.123312,72.8516,19.10738,72.835395,1,2.46,11.1,10,3,0,108.17
19.053049,72.863854,19.125291,72.910153,1,9.39,34.1,9,3,1,342.39
19.122224,72.850148,19.067261,73.012989,2,18.17,66.2,19,3,0,583.89
19.065435,73.005052,18.93995,72.81171,2,24.66,79.8,13,5,1,794.6
19.212231,72.973682,19.061588,72.857187,3,20.74,84.8,17,0,0,767.55
19.081691,73.014711,19.095744,72.879126,1,14.33,59.9,11,1,0,535.85
18.938361,72.841778,19.235584,72.986791,2,36.39,145.7,10,0,0,1305.4
19.236105,72.966678,18.9513,72.822212,1,35.12,104.1,4,2,1,1261.25
19.063601,72.816733,19.068086,73.007825,2,20.09,90.6,9,0,0,845.01
19.22436,72.968462,19.127883,72.830368,3,18.04,45.0,23,4,0,457.05
19.068399,72.886729,19.118737,72.864574,1,6.06,24.4,21,0,0,227.81
19.109248,72.919947,19.101245,72.831531,1,9.33,31.0,15,6,0,266.79
19.072911,72.822553,19.024287,72.832447,1,5.51,20.3,8,5,1,206.1
19.107902,72.899405,19.068839,72.863331,3,5.77,15.8,0,1,1,183.66
19.127378,72.927236,19.084166,72.879695,2,6.93,27.3,10,1,0,252.94
19.125856,72.89699,19.055358,72.833953,1,10.26,32.6,7,4,0,276.32
19.040215,72.826558,19.079411,73.004653,1,19.22,83.9,20,4,0,772.59
18.927441,72.852681,19.226501,72.967175,2,35.36,110.6,6,0,0,953.43
19.218129,72.988957,19.006357,72.828032,1,28.99,94.8,15,3,0,811.18
18.943896,72.840079,19.225073,72.983404,1,34.7,136.1,20,1,1,1404.63
18.926935,72.828935,19.113648,72.856946,1,20.97,86.4,20,5,1,896.61
19.095915,72.848156,19.012696,72.858856,1,9.32,26.7,4,2,0,282.29
19.004036,72.85669,19.072359,72.854089,1,7.6,33.7,19,1,0,315.67
19.199325,72.99509,19.202558,72.99687,1,1.66,4.6,4,4,1,55.28
19.125735,72.84541,18.939868,72.835363,1,20.69,51.9,4,5,0,526.94
19.105164,72.883113,18.94353,72.837693,1,18.6,51.3,4,4,0,533.76
19.137681,72.839981,19.225217,72.975398,2,17.23,65.0,17,2,0,574.17
19.121145,72.890634,18.959611,72.845073,2,18.59,54.1,2,2,0,575.79
19.123708,72.846946,19.000019,72.839182,2,13.78,44.1,12,5,1,423.17
19.130888,72.894115,18.939785,72.820579,4,22.61,94.7,18,6,1,995.56
19.046015,72.835403,19.073287,72.8187,1,3.5,10.0,13,3,1,104.88
18.948599,72.824825,19.076907,73.002969,1,23.54,73.8,15,1,0,630.45
19.0893,72.987803,19.080245,72.863561,1,13.09,43.8,6,1,0,375.53
19.07633,72.978719,19.066067,72.821942,1,16.52,52.7,16,1,0,446.67
19.233297,72.99245,19.067696,72.831783,3,24.98,102.8,17,4,0,934.25
19.093614,72.982302,19.06272,72.994175,1,3.65,11.8,16,3,0,101.76
19.067212,73.008951,19.074748,72.823776,1,19.48,54.9,7,3,0,458.0
19.225436,72.984521,19.140369,72.907211,3,12.47,40.4,7,6,0,347.36
19.203816,72.98175,19.08276,73.013677,2,13.87,52.8,10,3,1,544.32
19.208447,72.993099,19.090473,72.853339,3,19.69,65.7,12,6,0,563.98
19.016213,72.850459,18.938638,72.819038,2,9.24,34.7,11,6,0,308.19
19.086233,73.010551,19.124918,72.847596,1,17.65,51.9,5,2,0,535.43
19.055057,72.825753,19.1371,72.917978,1,13.31,33.6,4,1,0,341.86
19.062592,72.858802,18.952506,72.833599,1,12.52,36.3,5,4,0,381.01
18.930707,72.851764,19.036342,72.845549,2,11.76,32.4,1,3,0,325.78
19.010982,72.843065,19.213535,72.975699,1,26.49,66.5,2,1,1,786.71
19.019265,72.866119,19.106842,72.890388,4,10.07,27.8,15,3,0,235.07
19.112447,72.842795,18.998764,72.863711,1,12.83,45.9,9,0,0,407.24
19.219452,72.988252,19.044193,72.847762,1,24.45,87.6,20,3,1,883.2
19.073021,72.825466,19.077434,72.995021,3,17.83,81.7,10,2,1,869.22
19.093099,73.006127,19.088544,72.983462,1,2.43,7.7,13,4,0,54.99
19.21217,72.992596,19.102092,72.852081,2,19.17,55.4,14,1,0,467.11
18.950309,72.830284,19.08259,72.878992,2,15.57,48.1,7,5,0,405.29
19.042196,72.834537,19.090833,73.00732,3,18.95,86.6,9,5,0,807.27
19.199531,72.987052,19.223653,72.980863,1,2.76,6.9,23,2,0,71.11
19.127128,72.856177,19.070565,72.853829,1,6.29,16.6,3,4,0,178.37
19.139219,72.826723,19.130766,72.835533,1,1.32,3.7,15,5,0,28.0
18.934802,72.836794,18.937289,72.842017,1,0.62,1.7,2,0,0,47.2
19.086543,72.873705,18.998215,72.853259,1,10.05,28.2,16,0,0,234.52
18.999044,72.846256,19.1182,72.837578,1,13.28,33.8,4,0,0,349.31
19.053646,72.823944,19.123527,72.865239,4,8.9,26.3,16,6,2,284.16
18.93464,72.848468,19.117385,72.898923,1,21.0,84.5,11,2,0,762.12
19.076907,72.82008,19.087622,73.005174,1,19.49,56.9,12,4,0,481.01
19.028422,72.830565,18.933612,72.842032,1,10.61,29.3,7,1,0,244.39
19.021307,72.840518,19.115358,72.922126,1,13.52,49.9,8,0,0,437.5
18.933907,72.819956,19.067639,72.853342,1,15.28,70.1,19,0,0,650.72
19.126755,72.906595,19.062802,73.012132,2,13.17,48.6,19,6,0,429.33
19.130516,72.911163,19.040364,72.837775,2,12.65,36.8,2,0,0,385.21
19.074891,72.855287,18.942325,72.809704,1,15.5,51.3,15,1,0,442.22
19.06544,72.853317,19.205392,72.992607,1,21.36,62.2,16,3,0,520.45
19.099646,72.869191,19.084035,72.846299,1,2.97,8.8,2,6,0,94.36
18.933979,72.852169,18.946911,72.806005,1,5.06,20.4,11,3,0,176.7
18.940817,72.83362,18.924542,72.832388,1,1.81,5.3,3,0,2,71.15
18.924239,72.810192,19.125065,72.831469,2,22.44,60.6,22,3,1,575.92
19.215148,72.991683,19.06478,72.829048,3,23.9,92.5,8,3,1,950.5
19.10261,72.830351,18.923515,72.842623,1,19.96,52.1,2,1,0,532.25
19.073492,72.851885,19.110408,72.914948,1,7.8,20.0,4,5,0,208.84
19.074824,72.884118,18.940311,72.835134,3,15.82,69.6,19,5,0,633.96
19.023123,72.849968,19.033641,72.844385,1,1.31,5.0,17,4,0,51.22
19.21428,72.997538,19.060272,72.857922,1,22.55,63.7,12,6,0,526.43
19.094356,73.005933,19.095401,72.879543,1,13.28,49.3,19,2,1,493.04
19.064407,73.002995,19.100942,72.868603,1,14.7,38.2,3,3,0,397.13
18.937537,72.819436,19.065002,72.886313,1,15.82,69.7,17,4,0,642.35
19.013744,72.838629,19.051934,72.84488,2,4.3,11.8,3,6,1,135.03
19.09353,72.879793,19.013677,72.834764,1,10.06,32.9,6,3,1,319.23
19.084534,72.979315,18.952302,72.818116,1,22.44,103.1,10,6,0,957.66
19.031858,72.86405,18.945671,72.833144,1,10.12,29.3,3,6,0,313.12
18.932064,72.839812,19.077402,72.831428,4,16.18,46.1,23,6,1,558.78
19.074037,72.842366,19.119075,72.901421,1,7.97,35.3,21,5,0,333.88
19.021555,72.835326,19.071935,72.830321,2,5.63,20.2,18,6,1,194.71
19.002159,72.837829,19.083818,72.875195,1,9.89,35.6,19,5,1,361.83
19.127534,72.926459,19.113146,72.838173,3,9.41,25.7,3,2,0,270.2
19.119133,72.890191,19.077247,72.862758,1,5.48,14.6,2,5,1,167.68
19.065361,73.017393,19.006498,72.864952,1,17.31,66.9,17,6,1,692.77
19.087522,72.998023,19.063701,72.87205,1,13.5,38.2,15,6,0,327.95
19.223245,72.977368,18.924908,72.848198,1,35.84,137.6,10,5,0,1218.9
18.956392,72.817768,18.954284,72.820573,1,1.33,5.1,20,0,1,49.75
19.075272,72.846052,19.069316,73.006432,4,16.87,41.7,2,4,1,480.7
19.112083,72.851075,18.938371,72.806613,3,19.87,76.3,8,5,1,772.46
19.203036,72.988343,19.211454,72.98424,1,1.03,3.4,15,4,1,41.12
19.034887,72.863855,19.044877,72.82932,1,3.8,10.0,22,6,0,76.57
19.085569,72.86371,18.931672,72.804036,1,18.23,46.8,1,2,0,480.67
19.052056,72.814343,19.000197,72.828551,4,5.96,26.5,20,4,0,242.18
18.924155,72.843706,19.061994,72.876655,3,15.71,60.4,18,3,1,626.35
18.932298,72.854698,18.921532,72.821791,3,3.66,10.3,6,6,0,84.61
19.075879,72.872024,19.218616,72.990508,2,20.17,55.1,5,1,0,571.93
19.023377,72.8457,19.008079,72.829887,1,2.38,6.5,16,2,0,49.29
18.932649,72.842872,19.064911,72.980299,1,20.62,78.0,21,3,0,689.42
18.949574,72.84169,19.231028,72.958326,4,33.61,102.4,6,2,1,998.32
19.084026,73.018488,18.927085,72.829845,1,26.42,79.2,23,4,0,832.6
19.139058,72.89688,19.207164,72.988365,1,12.23,38.8,15,3,0,329.58
19.07714,72.877838,19.066789,72.988334,3,11.67,33.7,22,1,0,284.87
19.070736,72.813233,19.202208,72.982737,1,23.04,71.1,14,6,0,605.25
19.03392,72.860363,19.237241,72.969618,3,25.35,84.7,12,1,1,847.59
19.11062,72.851458,18.920593,72.847664,3,21.13,52.8,23,2,0,528.78
18.95186,72.832055,19.016766,72.846515,1,7.38,18.7,22,3,1,173.01
19.065324,72.857367,19.045706,72.87743,1,3.03,7.9,0,3,0,79.79
18.947788,72.817402,19.002758,72.847768,1,6.9,21.1,12,2,0,181.41
19.07817,72.982438,19.085169,73.008853,2,2.88,11.6,21,6,0,109.09
19.068475,72.844856,19.062313,72.983192,1,14.55,65.0,11,6,1,689.28
19.049796,72.878193,18.932941,72.849566,1,13.34,58.1,17,2,1,612.8
19.112905,72.903522,19.071289,72.826143,1,9.36,26.1,13,1,0,220.09
19.060502,72.855636,19.135274,72.927735,1,11.25,36.0,15,5,1,352.04
19.05887,72.852218,18.925619,72.809713,1,15.48,45.6,0,3,1,539.59
19.11671,72.918072,18.947168,72.85023,1,20.16,80.9,18,2,0,734.89
19.234981,72.976815,19.224842,72.964154,1,1.74,5.2,7,5,0,40.27
19.070364,72.846964,18.925311,72.842505,1,16.14,44.4,23,6,0,458.53
19.135394,72.853599,18.950947,72.836447,3,20.59,68.4,14,1,0,592.62
18.958767,72.813938,19.201207,72.991568,1,32.79,98.4,13,5,0,828.24
19.07857,72.82708,19.024507,72.82885,1,6.01,23.0,21,2,2,270.66
19.077874,72.87054,19.057923,72.841192,1,3.8,11.4,13,2,2,121.73
19.207574,72.962427,19.119593,72.914015,2,11.03,45.2,8,5,1,465.41
19.122696,72.834897,19.020948,72.853672,3,11.48,44.9,17,2,2,520.63
19.125178,72.865299,19.105664,72.864713,1,2.17,8.1,11,3,0,81.64
19.083466,72.853661,19.009357,72.852898,1,8.24,34.2,9,4,0,315.88
19.130601,72.839387,19.022459,72.83526,1,12.03,52.4,9,0,0,473.85
18.924515,72.83255,18.954157,72.815283,1,3.76,10.8,0,3,1,127.56
19.105423,72.855059,19.076021,73.010683,2,16.68,64.6,19,5,1,660.12
18.960726,72.814174,19.062748,72.817776,2,11.35,44.2,21,3,0,389.95
18.924562,72.829207,19.089281,73.00322,1,25.89,104.6,9,1,1,1081.95
19.199431,72.958696,18.949469,72.842908,1,30.34,84.3,6,6,1,798.39
19.118179,72.888546,19.100906,72.879141,1,2.16,9.9,17,0,0,94.68
19.129829,72.848536,19.103874,72.829406,1,3.52,9.9,23,0,0,109.71
19.013478,72.848336,18.924231,72.826417,3,10.19,40.7,18,4,0,371.05
18.952831,72.81766,19.063331,72.818836,3,12.29,36.1,16,4,0,308.94
19.046065,72.821213,19.095879,72.998703,1,19.46,58.1,4,3,1,705.4
18.944675,72.83566,19.01866,72.862278,1,8.69,23.7,13,1,0,198.45
19.211539,72.964859,19.107534,72.84581,2,17.03,47.4,15,3,0,398.09
19.205332,72.971003,19.217224,72.996845,2,3.02,8.0,5,4,2,99.56
19.094539,72.982403,19.203636,72.993296,1,12.18,34.0,0,6,0,357.19
18.951046,72.836703,18.943832,72.827882,1,1.23,3.6,22,6,2,52.13
19.049284,72.826971,19.076773,72.863557,1,4.91,20.7,17,6,0,189.57
19.11533,72.856032,19.131117,72.925799,2,7.54,21.5,1,6,0,226.67
19.078156,72.869515,19.111398,72.829656,1,5.59,22.3,10,1,2,252.49
19.085178,72.998445,19.001627,72.843117,3,18.78,55.6,15,5,0,467.34
18.959351,72.816518,19.072479,72.849386,2,13.05,43.2,6,5,0,370.57
19.077127,72.845932,18.941068,72.842174,1,15.13,43.3,7,6,1,416.88
19.002304,72.864283,19.041562,72.813644,1,6.88,25.7,21,3,0,226.32
18.955529,72.809406,19.2123,72.991935,3,34.4,127.8,17,0,1,1303.6
19.200371,72.994746,18.929033,72.837182,4,34.42,152.5,19,1,1,1616.62
19.20838,72.971159,19.222648,72.964206,2,1.75,6.7,8,0,1,63.5
19.073579,72.847559,19.057092,72.88517,2,4.36,18.7,19,2,0,170.71
18.942044,72.811625,18.952959,72.850452,2,4.26,12.7,0,1,0,131.92
19.091951,73.011699,19.11265,72.909421,1,10.99,34.8,16,2,0,289.67
18.999542,72.83649,19.10877,72.871797,3,12.7,37.9,3,5,0,400.42
18.997853,72.861926,18.951239,72.829967,4,6.18,17.5,12,4,0,150.71
19.061857,72.830204,19.145839,72.889962,3,11.25,43.0,9,0,2,499.52
19.145574,72.900156,19.072914,72.834076,3,10.65,29.9,16,6,0,250.13
19.08639,72.864042,19.076969,72.849317,2,1.87,7.1,19,3,0,63.21
18.958646,72.842203,19.071497,72.835239,2,12.57,39.4,6,5,0,340.99
19.09782,72.872809,18.95091,72.825242,1,17.08,49.8,14,5,0,413.66
18.939319,72.818743,18.926391,72.832953,1,2.07,5.2,22,1,0,45.28
19.073688,72.852459,19.109367,72.927687,2,8.84,38.7,20,5,1,412.89
19.081842,72.872303,18.93883,72.842699,2,16.2,40.5,5,4,0,406.01
19.054016,72.849054,19.088323,72.885054,1,5.37,13.3,3,0,1,152.83
19.033649,72.838703,18.95694,72.842622,1,8.54,21.9,22,0,0,178.54
19.068907,72.875171,19.04927,72.851847,1,3.28,12.4,21,3,0,108.75
19.071572,72.821755,19.107185,72.917342,1,10.8,39.6,20,2,2,458.76
19.065096,72.844753,19.028944,72.837748,2,4.09,10.9,2,2,1,122.41
19.068506,73.014625,19.104908,72.865093,2,16.23,49.8,7,2,0,418.5
19.121914,72.892043,19.043019,72.824752,2,11.27,40.8,21,2,0,357.43
19.127751,72.914679,19.125986,72.903635,1,1.18,4.8,17,1,0,60.41
19.128706,72.899095,19.01663,72.843337,2,13.77,43.2,7,2,1,422.61
19.135317,72.8372,19.11042,72.917527,2,8.88,27.4,16,4,1,272.43
19.134086,72.864025,19.014586,72.831663,1,13.72,57.6,21,0,0,525.15
19.017405,72.828954,19.067217,72.877452,1,7.53,21.4,23,6,0,227.64
18.931963,72.831136,19.129718,72.890781,1,22.87,104.6,20,0,1,1113.12
19.034769,72.84801,19.061754,72.877455,3,4.31,19.7,10,4,0,182.65
19.110521,72.890872,19.1149,72.860932,2,3.18,8.1,2,5,1,95.8
19.049433,72.838653,19.105108,72.855698,1,6.44,24.1,21,2,0,222.44
19.077698,73.011159,18.928536,72.813426,1,26.59,77.7,7,1,0,644.51
19.087281,73.007465,18.955479,72.833111,1,23.47,69.1,13,5,0,576.24
19.104208,72.829292,18.941003,72.818635,2,18.18,82.4,8,4,1,878.65
19.218595,72.987475,19.090242,73.001388,1,14.35,59.6,10,2,0,549.23
19.076527,72.839424,19.107592,72.910534,2,8.23,25.5,16,0,0,219.24
19.136401,72.895025,18.924428,72.847774,2,24.09,68.7,2,6,1,830.84
19.126962,72.902534,19.070522,72.865495,2,7.38,31.2,19,2,1,333.77
18.926464,72.848219,18.944452,72.822441,1,3.37,13.5,10,4,0,121.79
19.045403,72.814327,19.045047,72.819515,1,0.55,1.5,14,0,2,40.08
19.025443,72.848644,18.926498,72.839327,1,11.05,35.8,12,2,0,299.17
19.079449,72.980922,19.070203,72.815842,1,17.38,47.2,5,2,0,481.8
19.13086,72.892023,19.04792,72.848801,1,10.28,30.6,4,5,0,316.84
19.07814,72.857258,19.23826,72.970827,1,21.43,90.0,19,5,0,819.22
19.012732,72.844501,19.071965,72.885454,1,7.87,30.2,18,4,1,302.47
19.015789,72.83894,18.926154,72.83444,1,9.98,26.7,0,2,1,328.87
19.011658,72.841363,19.131713,72.851381,1,13.39,35.3,22,1,2,365.88
19.140524,72.903998,19.062997,72.836108,2,11.19,44.2,8,0,0,398.74
19.06453,72.836152,18.93201,72.833606,2,14.74,49.9,14,3,0,429.6
18.961946,72.834745,18.940706,72.821995,4,2.72,11.1,17,3,1,114.62
19.046139,72.884152,19.104028,72.851465,3,7.3,24.4,6,4,1,250.87
19.06781,72.887406,19.073191,73.009187,1,12.81,46.2,18,2,0,409.73
19.128164,72.863124,19.09413,72.861616,1,3.79,11.2,14,2,0,95.38
18.926755,72.814836,19.128722,72.890265,1,23.82,67.6,5,3,1,813.18
19.228527,72.968714,19.23148,72.98592,1,1.84,5.8,7,2,0,47.54
18.93683,72.843568,19.135436,72.910789,1,23.19,63.7,14,4,1,603.98
18.9497,72.808855,19.086644,72.874823,2,16.73,51.4,14,0,1,498.07
19.106134,72.851706,19.052436,72.877814,1,6.57,24.0,19,6,1,247.6
19.201367,72.972321,18.924045,72.821965,1,34.65,142.4,9,5,0,1287.4
18.930013,72.804755,19.060358,72.850429,4,15.27,69.9,17,2,0,646.45
19.066565,73.013673,19.036425,72.834237,1,19.15,63.3,14,4,0,544.44
19.036208,72.838845,19.084787,72.871985,3,6.43,27.5,10,6,0,251.19
19.117003,72.836615,19.06454,72.98879,1,17.02,44.6,0,5,0,462.69
19.057366,72.834878,18.94189,72.837031,4,12.84,43.0,7,4,0,367.13
19.220721,72.997353,19.076706,72.825793,4,24.11,86.6,21,5,0,755.87
19.068629,72.986373,19.212766,72.982155,2,16.03,72.8,10,6,0,680.63
18.941183,72.850605,19.078869,73.016622,2,23.22,65.3,1,1,1,781.61
19.032052,72.863106,19.001761,72.858123,1,3.41,8.8,22,3,2,94.99
19.03407,72.867706,19.206882,72.997196,1,23.54,71.1,12,3,1,687.57
19.090524,72.979328,19.036581,72.834746,1,16.34,44.0,2,5,0,461.3
19.058936,72.870398,19.133794,72.925298,1,10.13,29.9,2,1,0,309.12
18.93957,72.840395,19.06633,72.816799,2,14.31,40.2,1,4,2,542.74
19.113835,72.858744,19.144522,72.899273,1,5.46,17.6,14,3,1,180.93
18.956983,72.847959,19.056958,72.812817,1,11.71,43.1,9,5,1,441.09
19.073835,72.860665,19.12814,72.891962,1,6.88,20.6,12,6,0,183.09
19.086969,72.861093,19.138011,72.899553,1,6.97,19.2,2,2,2,262.3
19.113751,72.84931,19.113886,72.908167,2,6.18,28.2,21,0,2,338.53
19.102941,72.83906,18.929924,72.833104,1,19.25,59.8,16,3,1,583.17
19.066368,73.000275,19.133313,72.832332,3,19.15,81.1,8,0,0,732.02
19.224903,72.991685,18.947849,72.824857,1,35.45,125.9,17,1,0,1099.93
18.936475,72.843944,18.934619,72.805265,1,4.07,10.1,1,5,0,107.85
19.083043,72.852391,18.930905,72.835606,1,17.01,44.5,22,2,0,370.58
19.083474,72.847063,19.047076,72.865275,1,4.48,11.7,1,0,0,115.57
19.095451,73.013091,18.936873,72.810298,2,27.67,82.0,2,6,0,865.3
19.130562,72.828987,19.074992,73.010207,2,20.02,60.1,7,4,0,508.33
19.139352,72.913526,19.083194,73.015063,1,12.36,31.0,23,1,0,308.35
19.13352,72.923302,19.125052,72.848041,3,7.96,32.7,10,5,0,289.15
19.054808,72.852656,19.005706,72.846985,3,5.49,16.0,15,0,0,133.87
19.074995,73.004965,19.020658,72.83762,2,18.6,56.5,7,5,0,476.79
18.936667,72.845055,19.137618,72.92485,1,23.87,63.6,1,2,0,656.46
19.225476,72.980718,19.019999,72.839611,1,27.24,76.8,3,1,0,794.37
18.958705,72.815294,19.072358,72.992847,1,22.54,63.3,3,4,0,663.47
19.089596,72.997659,19.066986,72.979303,2,3.17,9.9,7,1,1,97.16
19.053028,72.830695,19.060279,72.998363,1,17.64,58.7,12,3,0,506.89
19.068948,72.824139,19.078846,72.88116,1,6.09,25.2,18,0,0,226.75
19.07972,73.006363,18.955312,72.822665,2,23.75,89.8,20,1,0,785.03
18.928223,72.818158,19.201407,72.996489,3,35.69,162.9,18,4,0,1516.78
18.955676,72.81726,18.931999,72.830836,1,3.0,10.0,7,0,0,91.05
19.055253,72.847897,19.137542,72.922217,1,12.03,34.4,2,1,1,410.11
19.131435,72.920713,19.08909,73.004503,1,9.98,28.4,6,2,0,241.02
19.097803,72.867341,19.146023,72.899216,4,6.32,16.8,4,5,1,203.59
18.941625,72.80548,18.941499,72.809618,1,2.57,7.8,6,1,0,75.63
19.233352,72.980991,18.958392,72.831187,1,34.39,125.4,17,5,1,1268.39
19.007293,72.845304,19.087367,72.872063,2,9.34,25.7,6,0,0,214.53
19.103478,72.841232,19.006839,72.854057,1,10.83,29.9,3,1,0,311.08
19.093306,72.865398,19.005573,72.834264,1,10.29,30.7,1,2,2,422.69
19.062154,72.858435,19.137397,72.853238,2,8.38,37.7,18,1,0,344.45
19.096466,72.986082,18.934994,72.847298,2,23.14,93.9,17,1,1,972.4
18.960775,72.829869,19.084242,73.001902,1,22.71,83.0,18,5,0,737.19
19.131817,72.842386,19.001436,72.848391,1,14.51,61.0,20,5,0,555.63
19.086762,72.854671,19.116522,72.925593,1,8.15,25.6,15,2,0,225.04
19.125676,72.926747,19.05185,72.854029,1,11.22,43.4,17,5,0,393.25
18.960023,72.809786,19.105956,72.878464,4,17.76,48.0,22,0,0,389.54
19.094669,72.986068,19.110916,72.924356,1,6.73,19.8,0,6,0,209.59
18.93617,72.83883,19.141944,72.901043,1,23.8,87.2,11,0,0,758.37
19.069786,72.866857,19.13335,72.912372,1,8.53,34.1,11,6,0,306.34
19.105443,72.852841,19.128131,72.911092,2,6.62,25.1,10,1,0,222.1
19.071458,72.873214,18.937302,72.823371,2,15.81,40.1,23,3,1,466.36
18.942399,72.838926,19.067978,72.877634,1,14.54,42.5,22,2,0,357.0
18.933977,72.806291,19.074063,72.816062,1,15.61,40.8,2,5,2,537.39
19.07203,73.014149,19.233712,72.977373,2,18.39,50.5,1,2,0,519.89
19.145754,72.899638,19.091625,72.996541,1,11.83,36.9,14,5,0,305.93
19.132067,72.840027,19.044765,72.84734,2,9.74,26.6,0,2,0,276.0
19.108769,72.865371,19.058142,72.86116,1,5.65,18.4,7,2,0,153.6
18.927888,72.809114,19.048467,72.818297,3,13.44,38.7,13,6,0,319.82
19.211025,72.996361,19.006052,72.833238,1,28.52,114.0,10,6,0,1026.07
18.95521,72.825381,18.957535,72.840835,1,1.65,7.1,11,4,0,64.91
19.02834,72.840528,19.08009,72.991724,2,16.9,51.4,15,1,0,433.47
19.107108,72.851264,19.229924,72.977704,1,19.05,61.8,7,5,0,536.34
19.06737,72.988211,18.937324,72.807694,2,23.86,80.1,16,1,0,693.37
19.120605,72.899241,19.078501,72.873965,1,5.38,15.2,0,4,0,162.84
18.928811,72.827931,18.9343,72.833223,4,0.83,2.4,1,2,0,35.51
19.203388,72.973938,19.056882,72.830616,1,22.18,67.5,15,2,0,569.1
19.06746,72.998134,18.928652,72.81042,1,25.05,71.9,15,3,0,606.19
18.943418,72.806365,19.135362,72.826696,2,21.45,59.2,22,3,0,486.73
19.228474,72.966941,19.002925,72.848284,1,28.01,90.3,6,2,1,887.69
19.12465,72.909246,19.235176,72.98973,1,14.92,57.5,20,6,1,577.12
19.051485,72.821732,19.116555,72.901252,1,11.05,43.1,11,2,0,388.2
18.946178,72.836401,19.047643,72.84579,1,11.33,34.1,7,5,0,298.33
19.11654,72.924759,18.920538,72.823485,2,24.26,71.0,16,5,1,685.9
18.954227,72.80533,19.095625,72.983515,1,24.46,105.9,17,4,0,977.41
19.19975,72.992345,19.026196,72.851088,1,24.35,98.9,19,0,0,878.53
19.059086,72.863865,19.057473,72.816425,1,4.99,14.1,16,6,0,109.0
19.201108,72.997313,19.10452,72.859077,2,18.06,52.8,3,0,0,560.04
18.92754,72.811835,19.069314,72.810416,4,15.77,59.2,17,6,1,599.72
18.951484,72.853828,18.956687,72.844962,1,1.1,4.3,9,6,1,58.55
19.058499,73.009369,18.928911,72.841437,2,22.79,56.3,4,4,1,665.02
18.955388,72.811211,19.124035,72.828008,2,18.84,84.1,9,2,0,773.34
18.951438,72.830703,19.080954,72.850372,1,14.55,40.4,2,4,0,424.95
19.082328,72.868618,19.06858,73.015019,1,15.46,43.0,2,2,0,445.29
18.956651,72.830835,19.230298,72.997337,3,35.1,151.0,9,0,0,1383.0
19.107689,72.863303,18.956578,72.814437,1,17.57,73.5,18,5,0,663.7
19.07616,72.864139,18.939578,72.834847,1,15.5,50.4,15,0,0,435.43
19.057569,72.826784,19.082174,72.981545,1,16.49,45.9,14,3,0,368.94
19.096496,72.872795,19.213676,72.985006,1,17.57,73.1,21,4,0,658.51
19.10042,72.884238,19.016748,72.858018,3,9.7,25.5,23,2,1,304.53
19.120814,72.83741,18.948093,72.80341,2,19.54,76.1,19,3,0,674.91
18.952025,72.854186,19.064576,72.996797,2,19.53,48.1,3,4,0,500.39
19.128468,72.90067,19.134184,72.916767,1,1.81,5.5,7,0,0,51.93
19.088419,72.990468,19.051175,72.835158,1,16.84,68.6,20,3,0,617.58
19.128081,72.8993,19.02779,72.830657,1,13.28,33.6,5,1,0,348.63
19.07265,72.877869,19.075454,72.987251,1,11.5,47.3,21,0,0,413.87
18.938687,72.843493,19.112311,72.828822,2,19.37,51.2,3,2,0,518.14
19.125154,72.8528,19.078516,72.828118,3,5.8,22.1,18,0,0,208.64
19.099864,72.8789,19.031095,72.854512,2,8.06,25.7,16,6,0,222.99
18.942708,72.815828,19.071063,72.983884,1,22.71,103.3,11,3,1,1104.74
19.235591,72.993152,19.221755,72.961192,1,3.69,14.4,19,3,1,151.68
19.101308,72.854921,19.057546,72.873793,1,5.25,16.1,16,1,1,147.17
19.001388,72.853594,19.076276,72.87766,1,8.7,29.0,14,6,1,290.26
18.942121,72.837987,19.199852,72.996385,1,33.14,149.8,8,3,0,1391.91
19.102918,72.83266,19.23261,72.980136,1,21.16,65.2,16,6,0,559.41
19.084627,73.006791,19.110462,72.916196,1,9.94,29.4,1,5,2,417.18
19.056576,72.869091,19.101848,72.881137,3,5.19,18.9,8,2,0,162.04
19.096922,72.98249,19.076299,73.011686,2,3.83,11.2,7,3,1,111.29
18.957075,72.807221,19.139533,72.906937,2,22.84,65.5,15,2,1,630.55
19.130518,72.859251,18.927717,72.823455,1,22.86,95.2,10,1,1,984.74
18.998908,72.833379,19.124378,72.915574,1,16.41,53.5,16,4,0,462.22
19.078445,73.00643,18.951993,72.809616,2,25.02,93.6,21,1,0,832.21
19.138604,72.913469,19.079148,72.854662,1,9.05,27.4,15,1,1,263.05
19.074258,72.850172,19.046585,72.873833,1,3.96,17.9,18,5,0,167.77
19.11937,72.91173,19.062623,72.983891,1,9.86,28.6,0,6,1,341.67
19.124705,72.900983,19.085004,72.881008,2,4.89,12.4,3,1,0,126.8
19.073554,72.87955,19.103383,72.828626,2,6.3,17.5,2,4,0,183.46
19.083474,72.855625,19.03737,72.858584,4,5.14,15.2,22,5,0,134.27
19.060527,72.84647,18.9552,72.821583,1,12.0,33.8,5,0,0,349.11
19.235295,72.994915,19.227725,72.989121,2,1.04,2.8,15,6,1,31.62
19.002475,72.852025,19.076636,72.850782,1,8.25,20.5,0,5,1,238.48
18.928682,72.806549,19.22272,72.96709,2,36.79,133.8,18,0,1,1351.64
19.005692,72.865844,19.061078,72.993823,2,14.8,61.3,18,5,0,554.51
19.015484,72.854009,19.23045,72.993553,1,28.04,107.8,9,4,2,1250.54
19.076965,73.00037,18.926779,72.834229,4,24.17,96.5,11,4,0,864.95
19.114257,72.828862,18.963217,72.817018,1,16.84,52.6,14,4,0,448.56
19.225128,72.960083,19.120302,72.854061,1,16.12,40.8,1,6,0,417.95
18.925728,72.830291,19.055809,72.811097,2,14.6,43.1,13,4,1,421.99
19.108462,72.829276,19.211048,72.985187,3,19.96,52.6,3,6,0,541.03
19.058336,72.844911,19.070634,72.885203,1,4.45,12.7,16,2,0,105.32
19.061467,72.855504,18.926158,72.851692,3,15.05,65.3,20,5,0,596.46
19.120299,72.849694,19.127763,72.855144,1,1.01,3.1,16,5,1,30.8
18.944461,72.824879,19.052994,72.846282,2,12.28,37.4,6,5,1,366.2
19.069686,72.871367,19.129006,72.924488,4,8.64,39.9,8,6,0,362.14
19.121763,72.831028,19.108064,72.916859,1,9.15,30.1,14,1,0,260.31
19.115171,72.857024,19.073675,72.862364,1,4.65,14.3,7,6,0,123.67
18.930983,72.811508,19.086358,72.876773,1,18.59,61.6,13,1,0,531.8
19.139166,72.910228,19.024113,72.836327,1,14.97,38.3,0,4,0,397.46
18.930142,72.818861,18.950718,72.849417,2,3.94,10.8,5,5,0,117.58
18.957307,72.812186,19.081109,72.858781,1,14.61,43.0,7,5,0,359.47
19.016375,72.848445,19.209367,72.984338,1,25.78,72.6,5,3,0,757.76
19.104148,72.858153,18.941289,72.846036,2,18.15,59.3,15,5,0,498.64
19.059301,72.835125,19.048338,72.831196,1,1.29,3.5,22,3,1,43.92
19.12412,72.900094,19.011009,72.849225,1,13.67,51.5,9,2,1,530.24
19.013408,72.847742,19.070762,72.851951,3,6.39,19.9,12,1,1,193.03
19.08441,72.990898,19.088675,72.985324,1,0.75,2.2,3,2,2,49.0
19.013486,72.861566,19.0517,72.814771,1,6.5,27.6,17,5,2,327.99
19.113801,72.853144,19.220048,72.976966,1,17.57,47.0,2,5,0,484.35
19.118692,72.909344,18.955781,72.8229,1,20.27,60.4,15,1,0,513.84
19.219114,72.995329,18.962573,72.808415,1,34.63,95.2,1,0,0,982.55
19.127329,72.895526,19.113991,72.862042,1,3.82,15.3,20,1,0,130.69
19.107683,72.879284,19.116165,72.895942,1,1.99,8.0,11,2,1,71.8
19.08605,72.979601,18.955368,72.815996,1,22.52,59.6,4,2,0,613.74
19.096786,72.884721,19.208906,72.958776,1,14.69,43.2,3,4,2,596.43
18.935388,72.820626,18.954794,72.832993,1,2.52,9.8,10,4,0,84.0
19.103078,72.857197,19.085214,72.881987,1,3.28,9.1,4,5,1,117.59
18.932992,72.804916,19.102722,72.87248,4,20.17,82.2,19,5,0,744.57
19.105832,72.857343,18.924477,72.824284,1,20.46,78.8,11,4,0,694.16
19.064989,72.868095,19.124907,72.85855,1,6.74,19.5,1,4,0,201.82
19.086585,73.001176,19.006767,72.842164,1,18.92,61.9,15,4,1,620.2
19.048219,72.833248,19.227495,72.988071,1,25.73,115.4,21,2,0,1072.05
18.931382,72.838319,19.067208,72.838779,1,15.1,60.4,17,0,0,551.26
19.077369,72.862222,19.202873,72.99345,1,19.62,89.5,19,3,0,833.54
19.235957,72.977859,19.074594,72.981614,3,17.95,72.8,8,5,0,649.83
18.95583,72.822827,19.072945,73.002049,3,22.9,82.9,11,3,0,730.72
18.935477,72.825207,19.101006,72.829173,1,18.41,59.5,14,6,0,504.14
18.955074,72.813247,18.934551,72.844742,1,4.02,11.9,23,5,1,148.76
19.040333,72.819526,19.122978,72.86276,1,10.25,43.6,21,4,1,473.68
19.079255,72.863375,19.065115,72.856743,1,1.72,5.7,14,5,1,68.66
19.081625,72.868454,19.215653,72.98504,1,19.29,56.7,5,6,1,686.09
18.943928,72.834149,19.001951,72.843194,2,6.52,17.2,22,2,0,134.42
19.092606,73.004119,19.054039,72.815326,1,20.3,83.8,21,4,0,758.69
19.076132,72.866809,19.075144,72.831918,1,3.67,9.5,2,3,0,101.13
18.999576,72.859657,18.933843,72.823387,2,8.24,23.0,12,3,0,197.29
19.008065,72.854644,18.928126,72.818002,1,9.69,39.3,18,5,1,408.04
18.92771,72.842836,19.139682,72.891349,2,24.12,70.8,5,3,0,749.36
19.0652,72.863352,19.214542,72.985195,2,20.97,95.0,9,6,0,886.94
19.082767,73.007279,19.042235,72.82824,2,19.35,78.2,10,6,0,698.92
19.041692,72.839212,19.136154,72.893602,2,11.96,29.4,1,0,0,305.12
18.955879,72.833532,18.94471,72.820928,3,1.82,4.7,3,3,0,39.04
19.07859,72.856733,18.9375,72.806474,1,16.55,46.5,7,3,0,388.8
19.130627,72.902621,19.11798,72.842406,1,6.48,19.0,14,2,0,154.8
19.070668,72.864235,19.085615,72.852125,2,2.09,5.2,2,4,0,47.95
19.102479,72.845798,18.932467,72.836487,2,18.93,68.3,9,1,0,600.42
19.058527,72.999141,18.945687,72.853336,1,19.81,54.0,0,6,1,642.91
19.074013,72.846699,19.09445,73.010199,1,17.33,58.2,14,0,0,503.84
19.146378,72.916406,19.102086,72.841341,1,9.3,39.5,8,6,0,360.62
18.93628,72.832544,19.052938,72.827161,1,12.98,36.5,12,1,0,313.01
18.999694,72.835639,18.939278,72.817394,4,6.99,18.3,3,6,2,240.28
19.060548,72.812666,19.113049,72.899246,1,10.81,46.3,8,0,0,429.17
18.932365,72.825471,19.042538,72.820857,1,12.26,33.9,2,5,0,347.76
19.120573,72.843763,19.061749,72.880523,2,7.6,19.0,2,0,1,224.35
19.080012,72.851026,19.071842,72.817875,1,3.6,9.6,3,1,1,119.84
19.014722,72.848804,19.106294,72.864149,1,10.31,30.8,2,1,1,371.27
19.075294,72.826137,19.118645,72.864585,1,6.29,18.2,4,3,2,243.36
19.018481,72.835667,18.944425,72.853974,2,8.46,28.5,14,2,0,244.05
19.072458,72.881991,19.07923,72.886159,1,0.87,2.8,13,5,1,35.34
19.114186,72.856492,19.229532,72.983008,1,18.47,47.1,3,6,0,475.01
18.957721,72.840212,18.941457,72.844984,2,1.88,5.6,22,0,0,50.32
19.03167,72.837465,19.081715,72.857442,2,5.95,20.2,14,2,0,179.77
19.237644,72.99317,19.048744,72.872844,3,24.51,68.0,15,1,2,730.45
19.063951,73.012127,18.998984,72.843038,1,19.19,62.1,6,0,0,534.46
19.006881,72.849936,19.091459,72.859268,1,9.46,28.0,1,0,0,296.5
19.130321,72.827054,19.125186,72.891064,2,6.75,17.6,5,2,0,190.19
19.072952,72.825302,19.145367,72.91313,1,12.25,52.4,9,5,0,471.4
19.085535,72.858364,19.07157,72.851055,1,1.73,4.7,7,2,1,46.26
19.108272,72.857694,19.113872,72.912976,2,5.84,16.1,14,4,0,136.26
19.006512,72.855535,18.932888,72.815836,2,9.19,39.2,10,5,0,361.54
19.118364,72.862313,18.94089,72.828073,1,20.06,77.4,17,6,0,696.07
19.025178,72.852713,18.939959,72.847075,2,9.49,27.1,0,1,0,280.99
19.1121,72.856316,18.921996,72.837535,1,21.23,56.1,23,2,0,573.35
18.955446,72.828455,19.107002,72.868208,2,17.36,50.8,23,3,0,531.97
18.92164,72.850512,19.233001,72.973773,1,36.97,150.0,18,0,0,1361.55
19.21133,72.996473,19.015325,72.842157,1,27.16,113.3,9,0,0,1032.26
19.088683,72.880257,19.207425,72.994885,2,17.87,53.3,7,0,1,520.37
19.09303,73.003795,18.956397,72.846936,1,22.42,55.9,5,3,0,573.81
18.95909,72.81713,19.217852,72.961671,1,32.54,83.2,22,0,0,679.38
18.937531,72.830885,19.226524,72.972407,2,35.41,102.6,22,4,0,854.24
19.056642,72.845075,19.201223,72.981674,3,21.55,68.3,16,4,0,589.71
19.111381,72.857525,19.223886,72.959489,2,16.47,49.1,7,1,0,415.47
18.963457,72.836055,19.120958,72.921924,1,19.7,56.9,3,4,0,603.97
19.095834,72.88205,19.047817,72.817823,1,8.61,23.6,4,6,0,260.07
19.1184,72.889941,19.099444,72.872429,2,2.8,7.6,1,1,0,84.72
18.95587,72.8521,19.051807,72.829291,1,10.93,41.5,21,3,0,366.26
19.236474,72.987627,19.134656,72.849222,3,18.42,46.9,2,4,0,490.34
18.96149,72.81933,19.064955,72.843911,4,11.79,31.9,0,4,0,327.45
19.058374,73.004872,19.013015,72.827944,2,19.27,71.0,18,2,1,716.34
19.036465,72.851566,18.932202,72.834757,2,11.73,36.5,6,3,0,313.48
18.946618,72.843295,18.936155,72.825252,2,2.23,8.9,9,1,0,82.8
19.07328,72.828512,19.092149,73.013951,1,19.6,49.3,3,0,0,505.9
19.05589,72.810542,19.071037,72.855323,1,5.0,13.4,22,3,1,123.02
19.03017,72.860625,19.008671,72.843855,1,2.97,7.7,0,6,0,74.88
19.214112,72.997426,18.935055,72.827343,1,35.81,108.6,7,1,1,1049.81
18.944757,72.817516,19.013476,72.843915,2,8.13,32.1,8,0,2,375.09
19.129866,72.924593,19.039735,72.81755,1,15.07,69.6,10,5,0,643.91
19.115679,72.924149,19.229675,72.968869,2,13.52,56.6,9,2,0,516.06
18.952102,72.828275,19.218348,72.986001,1,33.93,114.2,15,5,0,990.39
19.083427,72.852675,19.045712,72.883991,1,5.33,14.1,1,3,0,145.63
19.085381,72.987903,19.219809,72.992383,1,14.96,62.4,19,0,0,560.65
19.121734,72.906997,18.938325,72.813683,2,22.63,59.9,1,4,0,614.77
19.073897,72.875856,19.073073,72.826525,1,5.19,15.6,16,0,0,133.29
19.231776,72.984702,19.063869,72.884228,2,21.45,71.4,16,5,0,616.02
19.051149,72.855943,19.061631,72.81952,1,4.0,11.5,14,1,1,112.43
19.137406,72.846891,18.933913,72.819079,2,22.82,100.5,8,6,0,929.34
19.036173,72.859745,19.206293,72.990541,1,23.38,68.5,2,2,0,722.65
18.931056,72.838049,18.924895,72.831247,4,0.99,2.9,15,0,0,28.62
19.041737,72.833832,19.081671,72.877762,2,6.41,23.2,21,0,0,205.3
19.072152,72.842013,19.12883,72.898322,1,8.64,25.3,12,3,0,219.88
19.133949,72.923675,18.939819,72.852957,3,22.83,104.2,19,5,0,966.63
19.026677,72.858741,18.94122,72.837555,1,9.76,25.3,1,6,0,259.25
18.935456,72.837436,19.146214,72.90106,3,24.37,98.1,18,1,1,1015.18
19.074578,72.82317,19.101104,72.852456,1,4.26,15.9,11,1,0,143.06
19.223447,72.993511,19.017914,72.840364,1,27.95,85.6,13,0,0,725.01
19.041094,72.829511,19.069151,72.83899,1,3.28,8.3,23,0,2,109.96
18.934397,72.812251,19.062813,72.980822,2,22.76,65.9,6,0,2,714.91
19.04989,72.882152,18.998874,72.845572,1,6.85,19.1,3,0,0,199.14
19.007325,72.844754,19.05111,72.848821,1,4.89,14.4,12,2,1,139.34
18.95894,72.830505,19.208389,72.993204,1,32.58,102.0,15,4,0,865.57
18.94565,72.812901,19.137129,72.863241,1,21.94,61.9,12,6,0,517.53
18.946753,72.814012,19.057322,72.840229,1,12.6,35.1,1,2,0,366.71
19.061185,72.850075,19.106381,72.857324,1,5.08,21.4,21,5,1,218.54
18.949803,72.837987,19.1389,72.839188,2,21.03,58.4,13,2,0,482.1
19.061367,73.003847,18.948687,72.845103,3,20.87,56.9,16,2,0,471.0
19.11268,72.860679,19.011205,72.843457,4,11.43,35.4,13,0,2,383.5
18.944883,72.816797,19.119282,72.854255,1,19.79,57.3,23,5,0,605.47
19.008029,72.837695,18.932207,72.838017,1,8.43,27.7,15,0,2,314.29
18.947179,72.819022,18.929801,72.825881,1,2.06,5.1,4,0,0,46.91
19.100177,72.875903,19.113373,72.862424,1,2.04,5.0,0,2,0,55.75
19.071535,73.01142,18.953601,72.853918,1,21.12,89.4,8,0,1,940.1
19.00851,72.850676,18.948628,72.838683,1,6.78,18.2,23,5,1,208.81
19.067968,72.858615,19.079229,72.839771,2,2.34,10.1,17,4,0,93.7
19.092288,73.017792,19.066815,72.87247,1,15.53,42.5,7,6,1,411.28
19.140352,72.919131,19.004142,72.843718,1,17.09,49.7,3,3,1,597.68
19.082264,72.884122,19.225482,72.967547,1,18.18,49.9,23,6,1,597.1
19.128417,72.834687,19.099455,72.88281,3,5.99,18.3,13,2,0,157.63
19.015874,72.835496,19.036383,72.846948,1,2.58,10.1,8,0,1,105.54
19.204563,72.965552,19.051501,72.83288,1,22.0,79.6,18,4,0,699.75
19.058773,72.855156,19.073949,73.01197,1,16.57,73.2,21,1,0,668.11
19.065734,72.843557,19.090049,73.001874,2,16.86,57.3,15,3,0,495.46
19.075086,72.989817,19.225742,72.96882,1,16.9,75.3,9,6,0,688.77
19.209271,72.997698,19.081734,72.879695,1,18.84,73.9,10,0,0,659.65
19.145416,72.927807,19.081514,72.989141,1,9.59,30.0,13,0,0,258.92
19.11961,72.843522,19.082921,72.983842,2,15.3,65.9,8,6,0,597.21
19.108229,72.925814,18.933493,72.822261,3,22.27,55.1,1,5,0,563.03
19.102666,72.857258,19.082658,73.013758,4,16.59,59.9,17,6,0,520.29
19.02542,72.829637,19.115793,72.855699,1,10.42,25.6,3,5,0,259.07
19.10721,72.916772,19.223633,72.985641,2,14.83,44.6,15,6,0,373.35
19.053099,72.824761,19.129073,72.925289,1,13.53,33.8,5,1,0,345.59
19.128468,72.91265,19.030124,72.846351,1,12.97,38.8,4,5,0,404.68
19.070417,72.818744,18.923891,72.825444,2,16.31,63.4,8,1,0,562.92
19.045707,72.855204,19.006708,72.832316,2,4.96,13.9,4,0,1,166.38
19.041244,72.829327,19.035826,72.859667,1,3.25,9.7,3,0,0,95.6
19.107603,72.82666,19.077099,72.816977,2,3.54,10.5,0,3,0,110.27
19.054388,72.816184,18.944845,72.831545,1,12.29,49.8,17,0,0,450.25
19.068198,72.85365,18.950427,72.823664,3,13.47,62.2,11,5,0,571.3
19.131432,72.859404,18.934986,72.815973,1,22.32,57.9,0,2,0,599.18
19.045838,72.861907,19.014333,72.844609,1,3.95,10.7,0,2,0,114.51
19.141326,72.896222,19.059852,72.874243,1,9.35,41.8,9,6,0,398.47
19.044513,72.848122,19.075944,72.825923,1,4.2,11.5,13,3,0,99.2
19.007348,72.83577,19.13002,72.894067,1,14.95,59.1,17,2,0,527.78
19.138381,72.850853,19.228231,72.996088,1,18.23,66.2,19,1,1,674.78
19.209935,72.986718,19.216476,72.981738,1,0.9,3.9,9,1,1,62.51
19.055394,72.819693,19.092057,72.991674,1,18.53,56.2,14,3,0,480.36
18.926322,72.816166,19.074441,72.854947,3,16.97,64.7,19,1,0,572.46
19.073113,72.816285,19.072338,72.86486,1,5.11,22.3,18,6,0,205.42
19.132325,72.833568,19.02093,72.863467,1,12.78,33.8,5,1,0,348.03
19.062971,72.86399,18.929801,72.823592,1,15.4,43.0,22,4,2,469.04
19.074406,72.992125,19.205457,72.977804,1,14.65,61.7,10,5,0,553.41
19.060461,72.872384,18.946694,72.806185,1,14.44,61.0,21,3,0,557.02
19.136684,72.855188,19.062008,72.980092,1,15.53,41.6,3,6,2,563.34
19.117265,72.853608,19.034646,72.863164,1,9.24,34.4,8,2,0,309.93
19.088488,72.861344,19.116666,72.836087,1,4.11,16.9,19,5,1,183.67
19.089242,72.849257,19.084922,72.851822,4,0.55,1.5,4,6,0,43.19
19.107428,72.861126,19.077489,73.014717,3,16.48,45.9,23,2,2,621.56
18.963673,72.832707,18.955835,72.84508,1,1.57,4.5,1,2,1,54.06
19.132868,72.826664,19.072315,72.824473,2,6.74,17.5,3,2,0,177.14
18.945588,72.853372,19.071825,72.866169,2,14.1,42.2,3,2,0,443.74
19.098502,72.872959,19.014402,72.836394,2,10.11,28.9,6,4,0,240.79
19.120247,72.909036,19.221424,72.968389,1,12.86,40.1,15,4,0,335.16
19.072191,72.826425,19.017133,72.850758,1,6.63,20.7,16,5,0,179.92
19.207432,72.97255,19.060939,72.994425,1,16.45,41.1,0,0,0,421.36
19.076288,72.864659,19.218234,72.997163,3,21.04,80.4,11,4,1,827.54
19.144041,72.922854,19.063912,73.006056,1,12.48,30.8,3,2,1,363.31
19.115577,72.894309,18.959833,72.832134,1,18.51,79.8,10,0,1,846.16
19.094326,72.859265,18.930646,72.836583,1,18.36,82.8,19,6,0,763.47
19.074874,72.863474,18.948701,72.827962,2,14.52,47.3,15,2,0,401.23
19.200628,72.993024,18.931613,72.823549,1,34.81,89.4,2,4,0,912.23
19.081338,72.99785,18.960446,72.841626,3,21.22,61.2,6,3,0,520.03
19.113963,72.835705,19.087601,73.008022,2,18.34,45.5,5,5,1,545.48
19.134067,72.863079,19.090422,73.000105,1,15.19,67.0,10,4,1,714.63
19.103017,72.863111,19.061546,73.010386,1,16.15,45.0,5,5,0,478.34
19.079312,72.884504,19.018035,72.83029,3,8.88,27.4,13,4,1,266.36
18.944895,72.813027,18.943107,72.830052,1,1.8,6.6,10,2,2,74.47
19.061712,72.863252,18.922942,72.835238,1,15.71,46.7,13,5,0,389.24
19.032102,72.848367,19.047404,72.887469,2,4.45,13.0,6,1,0,109.73
18.947998,72.848424,19.065255,72.870176,2,13.24,37.7,15,0,0,304.94
19.126971,72.853869,19.129981,72.847133,2,0.78,3.2,18,0,0,46.16
19.071148,72.836894,18.94424,72.806566,1,14.47,40.5,15,1,0,345.57
19.081655,72.87964,19.128593,72.831647,1,7.26,18.0,4,6,1,213.34
19.100359,72.851253,19.119509,72.903038,3,5.84,18.7,16,1,2,211.96
18.940654,72.839097,18.999175,72.86088,1,6.9,20.3,6,0,0,160.81
18.940386,72.843981,19.078149,72.872276,2,15.6,42.7,15,3,1,402.03
19.035248,72.860213,19.215605,72.967192,1,22.99,101.9,11,6,0,944.91
19.050944,72.835674,19.067259,72.987804,2,16.09,68.0,11,1,0,631.26
19.072173,72.851451,18.94477,72.849182,1,14.17,43.0,7,2,0,360.73
19.072428,72.83234,19.072283,72.886368,1,5.68,22.9,10,5,0,205.87
19.124519,72.858187,19.098973,72.87468,1,3.33,15.4,11,2,0,141.12
19.010398,72.834353,19.07627,72.863731,1,7.95,35.8,10,1,0,326.63
19.108513,72.863331,19.088767,72.853057,1,2.45,8.2,15,6,0,73.26
19.104703,72.874183,18.95418,72.834523,2,17.25,47.0,22,2,0,389.08
19.087542,72.854537,18.951216,72.82476,1,15.48,59.9,18,2,1,615.6
19.20807,72.994243,19.010554,72.862256,1,25.97,72.6,1,0,1,869.72
18.935666,72.814652,18.948567,72.813241,3,1.44,5.2,19,1,0,49.06
19.083548,73.006739,19.091113,72.869241,1,14.47,35.8,22,6,0,296.65
19.072346,73.015912,19.078319,72.86572,1,15.8,48.6,6,3,0,406.47
19.074002,72.87806,19.12598,72.856685,1,6.2,15.6,5,5,0,166.47
19.071705,72.835956,19.078955,73.011997,1,18.52,75.4,10,4,1,783.38
19.072314,72.985985,19.047871,72.837317,1,15.86,41.1,0,5,0,423.71
18.94671,72.807053,19.217937,72.975488,1,34.97,119.0,12,0,0,1030.46
19.199262,72.995077,19.220773,72.979944,4,2.87,9.5,13,5,0,79.7
19.047496,72.881606,19.02061,72.837266,1,5.54,14.5,2,3,0,156.67
19.076914,72.880478,18.941167,72.853719,1,15.35,51.9,15,2,0,453.07
18.955849,72.82239,19.207553,72.97146,1,32.07,106.1,16,0,0,909.45
18.999352,72.829195,18.956948,72.833238,2,4.73,21.4,10,1,0,198.22
19.055739,72.854983,19.078849,72.989625,1,14.38,41.6,5,3,0,429.93
19.068242,72.882795,19.048519,72.834147,1,5.56,18.8,14,4,0,163.79
19.21002,72.960109,19.127693,72.864742,1,13.57,38.3,5,3,0,395.8
19.137812,72.849244,19.085587,72.873148,2,6.33,20.8,7,4,0,172.92
19.072386,72.862678,19.080664,73.015208,3,16.06,68.6,9,6,2,812.6
19.066636,72.978768,19.115724,72.853031,2,14.3,61.6,18,4,0,567.8
19.138712,72.852081,19.054558,72.84875,3,9.36,43.3,10,0,0,401.95
19.041707,72.821216,19.045545,72.8257,1,0.64,2.9,19,1,1,58.84
18.940541,72.81866,19.036102,72.842894,2,10.93,29.5,0,3,0,300.36
19.099662,72.855137,18.9291,72.837882,2,19.05,68.2,11,6,0,595.44
18.930613,72.825874,19.079832,73.010525,1,25.54,70.8,4,2,0,740.17
18.998443,72.834542,19.115869,72.857445,4,13.28,41.1,16,5,0,352.61
19.089832,72.869844,19.025745,72.84746,3,7.5,20.3,22,6,0,168.26
19.040522,72.848276,18.943084,72.836845,1,10.9,46.5,9,2,1,477.59
19.009494,72.849854,19.085273,72.85656,1,8.46,35.4,19,6,0,320.81
19.074442,72.854464,19.215739,72.962499,1,19.38,79.0,19,5,0,710.12
19.054987,72.877448,19.124271,72.920391,1,8.93,27.8,15,3,0,236.96
18.92513,72.830022,18.937299,72.844327,1,2.02,5.6,12,5,1,54.67
19.057146,72.989896,19.063418,72.840586,1,15.71,43.2,0,5,0,450.69
19.057685,73.003591,19.040791,72.829666,2,18.38,47.8,5,0,1,560.88
18.943437,72.811014,19.0764,72.881805,1,16.55,40.7,5,5,0,418.66
19.048173,72.836995,19.065965,72.827091,2,2.24,5.6,0,5,1,71.85
19.067328,72.866711,19.00852,72.843527,1,6.98,22.1,15,2,0,188.5
19.062691,72.981608,18.930272,72.804606,2,23.73,63.0,0,3,1,747.1
19.072968,72.859447,18.937481,72.808112,1,16.0,69.3,17,3,1,731.28
19.099869,72.854327,18.931395,72.832255,1,18.88,62.8,13,1,1,614.63
19.059053,72.815154,18.945545,72.821743,4,12.64,31.5,22,1,1,298.91
19.033122,72.844207,19.120364,72.894504,1,11.05,50.3,8,3,0,472.63
19.109005,72.859658,19.051197,72.851319,3,6.49,19.1,7,0,0,162.81
19.050755,72.846442,19.068254,73.013103,4,17.62,70.3,19,5,0,627.74
19.035163,72.84919,19.139355,72.907181,1,13.09,42.7,15,1,0,355.2
19.1457,72.894268,18.9367,72.847141,1,23.76,60.9,0,4,2,803.96
19.06293,72.9878,19.200997,72.976689,2,15.4,54.9,10,4,2,630.92
19.069603,73.014023,19.203726,72.9662,1,15.74,46.5,13,3,0,388.14
19.033489,72.855801,18.937047,72.843251,1,10.8,35.4,15,5,0,300.76
19.143276,72.890175,19.013012,72.860167,1,14.82,40.6,22,2,1,386.13
18.930961,72.85213,19.222682,72.985369,1,35.33,131.9,11,3,1,1339.63
19.061408,72.83629,18.940077,72.821053,1,13.59,56.5,17,5,0,507.51
19.079239,72.856107,19.064709,73.007859,4,16.03,68.1,17,0,0,625.72
19.081517,72.854235,18.958084,72.827112,1,14.02,47.7,12,5,0,413.08
19.081917,72.981404,18.954279,72.837146,1,20.77,82.6,17,6,0,740.08
19.05874,73.011773,19.138108,72.852038,2,18.96,47.5,4,5,0,485.66
19.132859,72.923952,19.096817,72.881789,3,5.97,25.2,8,0,0,228.74
19.059375,72.981286,19.115807,72.921728,3,8.86,27.9,14,5,1,269.37
19.09196,72.860096,19.13458,72.836426,3,5.35,23.5,8,4,0,216.58
19.132258,72.860348,19.024128,72.832766,1,12.37,44.9,11,0,0,393.72
18.999613,72.842265,18.939795,72.816023,2,7.2,20.8,12,5,0,180.39
19.094391,73.015695,19.119067,72.845123,2,18.13,48.9,22,3,0,406.56
19.123971,72.839638,19.057828,72.827811,1,7.46,33.4,9,3,0,303.85
19.077932,72.843687,19.032886,72.828273,1,5.26,20.0,20,6,0,179.4
18.933291,72.826311,19.200756,72.994857,1,34.62,141.3,17,1,0,1271.35
19.080828,72.854768,19.22108,72.958849,2,19.05,85.7,20,0,0,796.15
19.066898,72.812916,19.11913,72.86483,1,7.97,23.6,12,4,1,229.53
19.13736,72.899278,19.199009,72.993225,2,12.01,55.7,21,1,2,685.76
18.94567,72.850289,19.061585,72.993843,2,19.85,64.1,7,2,0,550.95
19.231828,72.976913,19.059753,72.862416,1,22.6,82.5,10,1,0,722.02
19.074533,72.983877,19.090169,72.879682,2,11.09,41.2,10,4,0,364.78
19.224624,72.975408,19.128058,72.849174,2,17.06,75.2,19,5,0,691.48
18.956136,72.853126,18.925065,72.83009,2,4.22,11.1,4,4,0,101.36
19.124779,72.82686,19.071329,72.881237,1,8.24,36.2,9,3,0,331.74
19.076431,72.86474,19.043709,72.827064,2,5.38,22.3,19,4,1,235.8
19.069313,72.812619,18.934017,72.855079,1,15.69,68.1,19,5,1,710.19
19.054602,72.868196,19.077504,72.884443,1,3.07,11.4,18,0,0,100.4
19.095959,73.016337,19.10463,72.846052,2,17.92,57.5,15,5,0,493.43
19.13487,72.832899,19.145357,72.90433,1,7.59,23.0,12,0,0,192.08
19.007196,72.854871,18.934761,72.835251,1,8.31,24.7,3,0,0,264.55
19.136131,72.906252,19.093895,72.99583,1,10.52,46.3,21,0,0,426.59
19.116505,72.906861,19.07075,72.883828,2,5.63,17.2,14,3,1,168.46
19.055177,72.870284,19.21457,72.980009,3,21.14,78.5,18,2,1,797.35
19.06659,72.825323,18.961915,72.814574,2,11.69,30.2,2,5,0,300.71
19.045837,72.840758,19.137989,72.924862,1,13.53,39.8,15,3,0,338.48
19.134171,72.925652,19.107272,72.868505,3,6.71,18.4,1,1,0,194.1
19.124296,72.855052,19.107239,72.906986,3,5.78,23.2,21,0,0,202.43
19.081431,72.855273,19.043855,72.817938,1,5.73,26.1,10,3,0,241.62
19.232377,72.989094,19.012508,72.85908,1,28.01,74.8,22,6,1,710.5
19.078203,72.979773,19.029278,72.854059,1,14.29,41.9,23,5,0,448.56
19.081821,73.001618,19.105176,72.874268,2,13.63,38.4,12,2,2,422.82
19.060433,72.884097,18.93281,72.852271,1,14.58,36.0,2,6,0,369.05
19.063052,72.863059,19.064445,72.85181,1,1.19,4.3,20,1,0,45.92
19.057683,72.815779,19.20562,72.975649,2,23.51,59.6,23,1,0,608.71
19.218057,72.964206,19.21645,72.992157,2,2.94,11.4,18,2,1,117.14
19.073564,72.886169,19.113978,72.912388,1,5.27,14.4,7,4,0,117.68
19.082983,72.884304,19.07683,72.83264,1,5.47,22.4,10,5,0,205.92
19.217339,72.968894,19.008713,72.86693,2,25.55,83.1,6,4,1,818.36
19.070735,72.87672,19.222005,72.959537,1,18.94,58.0,6,3,0,494.41
19.000244,72.861582,19.109795,72.901327,3,12.88,58.5,19,5,0,539.92
19.11066,72.921579,19.072396,72.884263,1,5.79,14.6,22,1,0,116.98
19.135033,72.917484,19.066301,72.835489,3,11.52,46.1,21,6,0,411.03
19.200849,72.991938,18.956772,72.853149,1,30.81,90.0,16,1,0,759.18
18.929591,72.830197,19.078444,72.832457,1,16.55,51.3,12,3,0,435.11
19.05903,72.821636,18.998447,72.830858,1,6.81,18.8,14,3,0,151.58
19.136421,72.895728,18.940243,72.818709,1,23.27,67.4,15,5,0,566.11
19.114228,72.860731,19.201441,72.981404,2,15.96,73.6,11,1,0,679.88
19.078125,72.872136,18.937277,72.831712,1,16.23,58.3,20,6,0,511.15
19.115508,72.923836,18.937208,72.807977,2,23.27,73.3,12,0,0,619.65
18.998505,72.845628,19.056903,72.816157,1,7.19,20.5,23,0,0,219.65
19.085136,72.995483,19.06887,72.841972,2,16.23,65.3,17,3,2,757.87
19.112054,72.890658,19.073295,72.87141,1,4.76,21.0,9,3,0,195.45
19.131559,72.863177,18.959534,72.83927,1,19.29,49.1,2,3,1,584.93
18.949227,72.854246,19.215539,72.963638,4,31.77,88.8,3,3,2,1194.82
19.053797,72.817201,19.212824,72.965873,1,23.59,97.0,11,0,0,874.8
19.010846,72.852343,19.100656,72.840219,1,10.07,39.9,18,3,0,361.48
19.046487,72.828951,18.938377,72.809281,1,12.2,41.4,15,5,0,353.39
19.052355,72.854609,19.205804,72.989186,3,22.16,96.6,17,6,0,891.46
19.236548,72.987014,18.957042,72.807356,1,36.36,157.5,11,0,0,1443.48
19.061542,72.841013,19.12697,72.891587,2,9.01,36.0,20,6,0,324.34
19.108463,72.828839,19.003762,72.841645,1,11.72,39.6,6,1,0,342.0
19.103293,72.84256,19.036771,72.860946,1,7.65,23.2,16,4,0,192.0
19.139783,72.914379,19.096344,72.846163,2,8.64,32.4,8,1,0,285.92
19.219685,72.993633,19.05877,72.820995,1,25.48,77.6,16,2,0,661.92
19.122199,72.914007,19.067397,72.815911,1,11.97,34.5,4,5,0,356.71
19.108926,72.82981,19.072855,72.879864,1,6.61,20.0,16,5,0,163.67
19.077923,72.860968,19.129733,72.854492,2,5.8,19.5,16,2,0,171.74
18.930706,72.850858,19.106662,72.848125,2,19.57,53.4,2,4,0,558.67
18.920487,72.84051,19.08221,72.873047,1,18.31,52.5,4,5,0,557.75
19.064645,72.860933,19.065868,73.00793,1,15.45,47.6,6,3,0,409.03
19.019175,72.842934,19.107888,72.857449,1,9.98,26.2,22,2,1,257.57
19.123831,72.841418,19.073207,72.871465,1,6.45,19.3,2,6,0,205.59
19.020358,72.853764,19.048995,72.88298,1,4.42,12.9,3,3,1,159.45
19.108137,72.856958,19.060507,73.002496,2,16.18,54.2,14,6,0,465.13
19.060698,72.854023,18.955597,72.809948,1,12.57,45.9,20,1,0,404.02
18.954919,72.820418,19.076937,72.872549,3,14.63,66.3,19,2,0,610.57
19.07546,72.810781,19.12206,72.852949,1,6.82,17.4,5,4,0,176.63
19.084858,73.012998,19.070382,72.854115,1,16.77,77.2,20,1,0,730.05
18.933508,72.824099,19.125081,72.856918,1,21.58,56.1,5,2,0,566.25
19.087083,73.000094,18.956217,72.815399,1,24.26,68.6,23,5,2,936.11
18.944134,72.829279,19.120738,72.829002,1,19.64,49.6,1,3,0,513.93
19.103988,72.854189,18.941929,72.83688,1,18.11,56.1,12,3,0,472.96
18.960061,72.836277,19.085792,72.994412,1,21.72,78.7,8,5,0,693.91
19.230842,72.984409,19.047239,72.83026,2,26.06,67.1,0,1,0,687.81
19.035152,72.835602,19.106114,72.862179,1,8.37,27.3,13,1,2,316.6
18.934675,72.840937,19.117206,72.860619,1,20.4,67.5,6,2,0,580.78
19.114172,72.866167,19.05632,72.886982,1,6.79,29.5,11,4,0,270.8
19.099585,72.875901,19.14195,72.908989,3,5.85,18.3,13,3,0,164.22
19.059682,72.832993,19.224549,72.992043,1,24.8,89.3,19,4,0,779.49
19.045904,72.818959,19.091512,72.858609,1,6.56,28.3,11,1,0,252.03
19.052852,72.832862,19.061195,72.868626,1,3.87,10.3,22,6,0,93.36
19.055755,72.840469,19.068919,72.813253,3,3.21,13.5,21,1,0,125.61
19.089039,72.852079,18.924424,72.823785,4,18.54,62.1,14,1,0,540.79
19.069501,73.008492,19.064945,72.881787,2,13.33,43.6,7,1,0,379.9
19.08709,73.015129,18.933655,72.823694,1,26.38,69.6,0,6,0,719.34
19.076066,72.872651,19.077264,72.883335,1,1.13,4.2,17,0,0,52.49
19.097008,73.017608,19.032229,72.863369,1,17.74,68.3,10,6,1,701.02
19.101513,72.852657,19.022522,72.831462,1,9.06,32.7,20,3,0,284.29
19.083879,72.86762,19.025189,72.848421,1,6.83,20.0,0,6,0,214.28
18.937854,72.842444,19.06103,72.822938,2,13.85,56.1,8,6,1,577.01
19.059345,72.99313,19.042699,72.838031,1,16.41,62.7,20,5,1,640.74
19.106078,72.870517,18.960927,72.823402,3,16.88,76.7,21,5,0,705.18
18.953999,72.840476,18.959801,72.816321,3,2.62,7.0,2,5,0,62.99
19.049853,72.882998,18.954677,72.80847,3,13.17,34.1,23,4,0,351.99
19.110398,72.864384,19.226582,72.95981,1,16.35,47.2,0,6,1,574.1
19.078586,72.867617,19.011154,72.828954,1,8.53,24.1,13,2,1,230.62
19.003868,72.843371,19.135856,72.926711,1,17.09,54.7,7,1,1,543.9
19.073993,72.988734,19.082244,73.007815,1,2.21,5.5,2,4,0,56.09
19.04969,72.812341,19.103119,72.836872,1,6.48,24.0,8,1,2,259.55
19.072793,72.873421,19.213127,72.968681,1,18.54,72.1,8,3,0,644.82
19.211584,72.984865,18.949087,72.815943,1,34.16,115.4,7,2,1,1156.79
18.954285,72.825804,19.040841,72.820356,2,9.64,27.9,6,0,0,238.1
19.068305,72.819584,19.086757,72.85659,1,4.4,12.5,1,5,0,140.69
18.927153,72.837371,19.083472,72.873559,1,17.79,52.5,3,4,0,559.15
18.935701,72.806764,19.085941,72.870792,1,18.01,70.7,9,5,0,631.2
19.218847,72.981624,19.072493,72.865971,2,20.31,53.8,22,5,0,434.04
18.920559,72.832853,19.078337,72.858568,1,17.75,82.3,21,0,0,768.11
19.089618,72.998397,19.010115,72.863812,1,16.68,69.6,8,5,0,641.75
19.087316,72.984136,19.022474,72.844257,3,16.37,48.0,15,3,1,464.53
18.999153,72.8457,19.103507,72.842824,3,11.61,41.9,18,0,0,369.22
19.106114,72.835941,19.104886,72.86224,2,2.77,12.5,21,1,0,114.5
19.065065,72.815142,19.047254,72.825977,1,2.28,6.6,12,5,0,61.13
19.085242,72.879158,19.097771,72.859919,3,2.46,7.5,7,2,0,65.03
19.082446,72.855479,19.071784,72.883114,1,3.14,8.8,12,6,0,64.16
18.924707,72.840307,19.041996,72.818598,1,13.24,52.6,19,2,0,471.54
19.004073,72.862382,19.072991,72.854114,1,7.71,22.0,4,3,0,229.86
19.080846,72.885026,19.106769,72.897203,1,3.15,11.5,17,2,1,120.54
19.096551,72.979201,19.070434,72.853883,1,13.49,40.9,14,2,0,346.79
19.125318,72.889992,19.062232,72.846514,1,8.37,32.7,9,4,0,300.89
19.07886,72.847353,19.055952,72.822202,1,3.67,15.0,17,5,2,193.32
19.098998,72.855734,19.106244,72.870802,2,1.78,4.8,22,4,0,38.07
19.012367,72.8559,19.120007,72.906706,1,13.11,59.9,9,6,0,550.58
19.004406,72.867446,18.939591,72.840185,1,7.76,22.6,5,1,0,237.04
19.051032,72.821684,19.130723,72.892326,2,11.56,43.0,19,1,0,380.73
19.064084,72.86018,18.940831,72.812647,1,14.59,43.8,6,4,1,416.18
19.068139,72.985802,19.101506,72.829481,2,16.84,53.7,13,1,1,530.2
19.075477,72.815516,19.108931,72.857452,1,5.77,17.3,7,4,1,182.28
19.041639,72.845985,19.121829,72.864079,2,9.12,24.9,6,5,2,279.05
19.057279,72.884306,19.082615,72.869611,2,3.21,9.4,14,6,2,97.73
18.950784,72.806238,18.928801,72.827463,1,3.31,8.8,3,3,0,86.01
18.92575,72.835096,19.079056,72.863852,1,17.31,53.4,15,4,0,454.71
19.072483,72.994748,19.082472,72.879816,2,12.13,34.7,14,4,0,298.66
19.062067,72.838769,19.122256,72.841351,1,6.7,20.4,12,5,0,172.28
19.116857,72.856888,19.060661,72.811671,1,7.85,28.9,18,5,0,254.81
19.132162,72.847744,19.074464,72.823816,2,6.89,26.0,17,4,2,295.4
19.005663,72.865969,18.952352,72.838348,3,6.6,19.3,22,6,0,160.04
19.076188,72.846649,19.006628,72.853743,1,7.77,36.0,8,5,1,392.95
19.075307,72.851203,19.116971,72.861968,1,4.77,13.4,0,0,0,142.11
19.225633,72.97905,19.106202,72.880882,1,16.81,63.9,18,3,0,570.45
19.123259,72.905744,18.921804,72.831615,1,23.72,66.0,5,2,0,683.37
18.950802,72.840702,19.104562,72.874885,2,17.47,57.2,15,5,1,578.6
19.067571,73.006325,19.122965,72.899233,2,12.83,57.1,21,3,2,685.56
19.222118,72.991097,19.068755,72.848598,2,22.69,55.8,23,4,2,740.27
19.061162,72.852122,19.107412,72.846151,1,5.18,15.1,12,6,0,127.18
19.225371,72.987551,19.089753,72.878301,1,18.95,52.7,0,0,0,553.95
19.085942,72.852119,19.129733,72.915097,4,8.22,20.5,3,6,0,201.29
18.929195,72.826928,19.234175,72.971014,1,37.14,102.9,22,6,1,982.75
18.920597,72.846838,19.048449,72.81555,1,14.59,46.8,16,2,0,395.84
18.932236,72.833448,19.123266,72.826909,3,21.25,62.2,3,1,1,753.37
18.936594,72.83786,19.101126,72.850661,2,18.34,51.0,23,0,1,594.9
19.212313,72.972974,19.078843,72.871577,1,18.27,49.6,0,0,0,513.94
18.937486,72.826135,19.062601,72.860069,3,14.36,61.6,19,4,1,653.35
18.929033,72.808882,19.065452,72.866981,1,16.35,64.6,21,6,0,575.39
19.07165,73.013528,19.068004,72.844893,1,17.73,56.2,7,5,0,469.56
19.06293,72.885826,19.142139,72.907723,1,9.1,25.7,5,6,0,274.67
19.072756,72.846577,19.001464,72.841254,2,7.95,33.5,18,6,1,345.23
19.226648,72.993682,19.013836,72.844014,1,28.41,71.9,1,6,0,732.26
19.135544,72.926587,19.091766,72.992178,1,8.44,39.1,17,3,0,364.06
18.930021,72.826962,19.115986,72.925294,4,23.12,68.0,15,0,0,573.8
19.073855,73.004861,19.071801,72.863596,1,14.85,43.5,5,1,0,455.41
19.134819,72.90058,18.945752,72.814171,4,22.9,56.3,1,6,0,566.68
19.072321,72.884506,19.108491,72.854083,1,5.14,21.6,19,3,0,199.25
18.950905,72.853697,19.059462,72.883683,1,12.48,33.9,2,5,1,399.14
19.063553,72.871161,19.005521,72.867753,1,6.46,17.3,22,6,1,161.44
19.085693,72.983908,19.104792,72.863387,3,12.84,41.1,12,3,0,347.4
18.924746,72.821174,19.058777,72.81995,1,14.9,42.5,1,2,2,582.64
19.04777,72.838291,18.941993,72.834406,1,11.77,46.2,9,1,0,413.03
19.109254,72.861906,19.135022,72.900763,1,4.99,19.1,20,3,1,204.13
19.042435,72.822297,19.21554,72.98715,2,25.89,93.5,10,6,0,823.69
19.073276,72.87263,19.11717,72.910778,3,6.32,25.7,21,0,1,265.76
19.07148,72.841436,19.124681,72.920027,1,10.16,28.3,2,6,0,302.45
19.103707,72.862847,19.054006,72.823965,1,6.87,20.1,1,0,0,213.97
19.12763,72.907339,19.020705,72.863815,1,12.74,47.2,19,1,0,426.41
19.094094,72.860296,19.08755,72.880121,3,2.21,6.6,15,3,0,54.66
19.072327,73.002644,19.221905,72.967726,1,17.03,56.5,13,1,0,491.97
19.112952,72.826532,19.12119,72.827143,4,0.92,3.0,15,0,0,47.77
19.119821,72.84465,19.031224,72.843026,1,9.85,24.4,3,0,0,244.44
19.116608,72.912022,19.125065,72.901469,2,1.45,3.9,4,3,0,44.99
19.102769,72.8696,19.052748,72.814357,1,8.04,26.0,12,3,0,223.15
18.932107,72.824972,19.052768,72.825926,3,13.42,61.7,20,3,0,559.16
19.133037,72.907941,18.926979,72.824767,1,24.52,73.9,15,2,0,617.08
18.936542,72.830248,19.073184,72.814259,1,15.29,68.3,9,4,0,634.8
19.060033,72.86185,19.07894,72.826204,1,4.3,18.3,11,5,0,165.53
18.941218,72.803558,19.073613,72.876079,1,16.58,49.1,23,6,0,519.26
19.226701,72.978916,19.093162,72.873027,3,18.55,50.1,2,0,0,521.59
19.122838,72.843463,19.081643,72.866708,2,5.19,13.2,0,1,0,130.12
18.948074,72.835733,19.009597,72.852704,1,7.07,25.6,20,3,0,217.86
19.05987,72.882188,19.199492,72.997504,1,19.69,76.1,17,4,0,681.16
19.002836,72.86213,18.938153,72.835623,1,7.71,25.7,7,3,0,230.09
18.936792,72.840682,19.102665,72.856444,1,18.52,70.4,10,4,0,619.0
19.085113,72.851983,19.138308,72.901992,1,7.91,20.4,4,3,0,202.17
19.012081,72.858182,19.066741,72.981184,1,14.29,63.1,18,5,0,591.24
18.947895,72.826911,19.086446,73.015942,1,25.14,81.8,12,4,0,705.39
19.079333,72.865781,19.072895,72.859826,1,0.95,2.7,16,6,0,28.0
19.017224,72.865799,19.202426,72.964562,1,23.06,88.0,21,1,1,893.42
18.957833,72.809604,19.077731,72.881876,3,15.34,43.2,6,3,0,355.16
19.052259,72.818186,19.003594,72.857371,2,6.8,18.2,23,1,0,185.13
19.120925,72.830498,19.008175,72.831239,1,12.54,38.5,12,1,0,324.45
18.959885,72.816959,18.935485,72.817548,3,2.71,9.2,7,6,0,84.04
18.924793,72.826305,19.109588,72.855035,2,20.77,59.0,13,5,0,488.71
19.085352,72.862125,19.002205,72.84294,2,9.46,27.2,3,6,0,293.61
19.222531,72.963221,18.943822,72.835759,2,33.76,126.4,10,4,0,1115.17
19.135819,72.832948,19.019888,72.838531,1,12.9,50.9,11,3,0,457.05
19.070132,72.844243,19.06684,72.9822,1,14.5,63.3,8,3,0,586.77
18.937383,72.839222,19.08363,72.865684,1,16.5,47.8,23,0,0,500.48
19.139587,72.856196,19.096131,72.864884,2,4.92,13.8,16,5,0,117.24
18.936579,72.816615,19.010591,72.841479,3,8.64,29.3,7,2,0,249.64
19.107881,72.880154,19.002307,72.847762,1,12.22,46.4,9,0,0,406.76
19.1042,72.855369,19.203308,72.988328,2,17.79,72.8,18,5,0,658.61
18.935826,72.813828,19.218942,72.994509,1,36.76,101.7,3,3,0,1051.58
19.07198,72.884519,19.003546,72.864315,2,7.9,28.7,20,2,0,258.21
19.056229,72.833284,18.959061,72.806203,1,11.17,27.6,2,3,0,276.82
19.077152,72.865214,19.123684,72.865014,2,5.17,14.0,5,6,0,150.38
19.095014,72.981404,19.101394,72.852323,1,13.58,61.0,18,0,0,554.44
19.101838,72.838736,19.081205,73.00573,3,17.7,51.4,3,0,2,696.98
19.145544,72.892668,19.058939,72.867183,1,10.0,43.0,10,1,2,510.56
19.051036,72.884363,19.053129,72.876512,1,0.86,2.5,22,3,1,37.07
19.102224,72.829392,19.145497,72.927354,1,11.36,34.1,4,3,1,408.27
18.951321,72.82948,18.960793,72.812541,1,2.07,5.2,1,4,0,56.18
19.124244,72.836342,19.093567,73.014002,1,18.98,56.8,12,6,0,473.1
18.939654,72.821956,19.096651,72.981481,1,24.21,72.4,13,1,0,605.28
18.941255,72.82002,19.084593,72.868584,1,16.74,63.4,8,1,0,559.76
19.041654,72.833826,19.054475,72.841738,1,1.65,7.3,17,1,2,87.03
19.135751,72.851846,19.117766,72.91932,2,7.37,31.0,18,6,0,278.96
18.933428,72.817218,19.080893,72.852884,1,16.82,61.9,19,2,0,544.07
19.115523,72.890801,19.005008,72.84326,1,13.27,43.9,16,6,0,382.75
19.057672,72.983327,19.124661,72.863496,1,14.63,37.3,23,1,0,376.84
19.09063,72.85494,19.099838,72.863092,1,1.33,5.7,21,6,1,65.01
19.13102,72.890812,19.018217,72.843048,2,13.51,56.7,17,1,1,597.11
19.219592,72.961553,19.085789,72.878506,1,17.25,76.0,9,5,0,701.1
19.043967,72.835669,18.998892,72.837007,3,5.01,14.5,16,1,0,118.66
19.073087,72.836753,19.121075,72.896963,2,8.28,33.3,21,6,0,292.06
19.079129,72.84211,19.026491,72.84255,1,5.85,19.3,6,0,0,161.84
19.012171,72.827944,19.129805,72.837503,1,13.12,35.2,5,6,0,358.67
19.093047,72.988359,19.076065,72.872522,2,12.32,35.4,22,2,0,293.32
18.999149,72.849847,19.20649,72.994734,3,27.63,119.8,8,6,0,1104.12
18.939204,72.807911,18.923965,72.841034,2,3.87,16.3,20,5,0,151.28
19.10266,72.862524,19.085037,72.860856,1,1.97,7.3,10,3,1,72.14
19.077572,72.978701,19.011598,72.854726,1,14.95,60.1,20,1,0,545.95
18.93879,72.825954,19.049705,72.85036,1,12.6,39.9,6,5,1,393.21
19.062712,72.838712,19.05659,72.88318,1,4.72,14.2,15,6,1,145.39
19.065544,73.016708,19.123272,72.905059,3,13.37,42.9,15,0,0,370.78
19.12597,72.836191,19.065754,72.873661,1,7.77,23.6,13,5,0,191.8
18.947605,72.825317,19.128472,72.904545,2,21.77,77.4,21,1,1,767.43
19.065723,72.822827,19.02217,72.85218,1,5.74,21.4,11,4,0,186.28
19.083921,72.987313,18.930466,72.824866,3,24.14,108.2,17,0,2,1297.83
18.950833,72.828401,19.088357,72.996902,1,23.4,96.3,9,5,0,869.17
19.072072,72.878002,18.955652,72.834608,1,13.73,34.6,0,5,0,352.23
19.063229,72.880965,19.009224,72.859434,1,6.42,17.3,22,1,0,136.84
19.076685,72.843658,18.92654,72.82722,2,16.78,66.9,21,6,0,598.11
19.234301,72.985916,19.217839,72.960681,1,3.22,10.2,15,1,0,83.95
19.060451,72.828344,19.092056,73.008573,3,19.26,81.2,18,2,0,735.05
19.228924,72.990858,19.142905,72.909281,1,12.84,37.6,13,4,0,311.68
19.066156,72.812337,19.107112,72.91798,2,12.0,55.2,20,2,0,516.99
19.092777,72.878232,18.99794,72.856913,2,10.78,30.4,0,1,2,407.27
19.061855,72.876043,19.062418,72.984188,1,11.37,44.0,19,1,1,446.72
19.221842,72.963579,19.074184,72.855166,1,19.98,91.4,11,4,0,853.54
19.216691,72.997296,19.011245,72.836749,1,28.4,75.0,23,2,0,778.49
18.939332,72.844983,19.104032,72.865221,2,18.44,52.1,4,4,1,618.21
19.112865,72.913259,19.084674,72.994318,2,9.08,25.7,15,4,1,243.86
19.054168,72.829527,18.9575,72.839753,1,10.8,42.1,8,4,0,382.03
19.081257,73.006347,19.094435,72.981798,1,2.97,7.8,2,2,0,83.04
19.066984,72.84328,19.028107,72.839353,1,4.34,18.0,8,1,1,195.71
19.081548,72.846007,19.01867,72.84448,2,6.99,30.3,19,1,1,317.41
18.933749,72.810124,19.205907,72.963017,1,34.26,100.0,2,5,1,1216.75
19.048657,72.881314,18.926848,72.840529,1,14.21,36.9,0,1,0,376.0
19.041186,72.820402,18.942634,72.830092,4,11.01,30.5,4,3,1,359.38
19.058991,72.886594,19.13918,72.851479,3,9.65,30.0,13,3,1,295.96
19.223369,72.993365,18.951689,72.818688,2,35.35,106.9,13,4,2,1183.29
19.121371,72.864536,19.136151,72.892374,1,3.35,9.1,22,3,1,78.27
19.05738,72.873932,19.041131,72.844397,2,3.59,10.7,1,4,0,113.6
19.083195,72.849211,19.060949,72.869602,1,3.27,11.7,17,5,0,105.45
19.132574,72.923118,19.139004,72.838871,1,8.88,36.0,9,0,1,365.31
18.927256,72.829406,19.113938,72.828075,1,20.76,93.2,8,5,0,865.38
19.087183,72.993011,19.139314,72.859433,1,15.18,64.6,11,1,0,589.04
19.090805,73.018319,18.920341,72.820181,1,28.16,70.0,3,1,0,710.78
19.067156,72.814829,19.018021,72.858737,1,7.15,20.8,14,4,0,168.53
19.229595,72.995456,19.2348,72.985028,1,1.24,3.0,22,5,0,30.99
19.113532,72.924315,18.933996,72.846874,1,21.56,58.8,16,3,0,491.1
19.064861,72.86077,19.066616,72.820769,1,4.21,10.9,3,0,1,126.97
19.069204,73.017268,19.051084,72.843314,1,18.39,77.4,9,2,0,710.9
19.07048,72.992361,19.121054,72.852527,1,15.73,67.0,20,0,0,606.37
19.081991,72.854122,18.945105,72.812372,1,15.84,39.2,0,3,2,518.69
19.143667,72.905232,18.937227,72.833822,4,24.15,90.2,8,1,0,801.56
18.929636,72.846835,18.94639,72.837835,1,2.09,9.5,20,1,0,81.43
19.207473,72.975306,18.955285,72.81691,3,32.61,129.0,8,6,0,1150.78
19.046716,72.862134,19.132456,72.861899,1,9.53,29.6,6,4,0,254.35
19.096234,72.852836,19.037509,72.85727,1,6.55,20.6,6,0,0,181.47
19.054634,72.886388,19.046185,72.861994,1,2.73,7.2,0,6,0,74.26
19.199061,72.962303,18.921017,72.854628,4,32.92,108.1,14,6,0,939.65
19.085173,72.869315,19.139452,72.846018,2,6.51,23.6,9,0,0,201.27
18.951625,72.841189,18.924099,72.826584,1,3.42,9.1,3,1,1,112.91
19.093483,72.996798,19.131472,72.908175,4,10.22,39.1,8,2,1,394.91
19.142399,72.899444,19.056317,72.81215,1,13.26,47.1,8,6,0,404.94
19.128805,72.851362,19.059314,72.837412,1,7.86,19.4,1,3,0,199.75
19.07385,72.824515,19.076346,73.010158,1,19.51,53.8,4,2,1,640.07
19.119887,72.912209,18.93976,72.836422,1,21.56,63.2,16,3,0,527.09
19.226963,72.997018,19.120668,72.83531,2,20.69,60.2,5,4,0,633.26
19.051961,72.843263,19.071486,72.840593,1,2.19,5.6,1,0,1,70.51
19.057139,73.017639,19.032581,72.858199,1,16.98,57.4,6,6,0,491.21
19.20702,72.980415,19.092631,72.867638,4,17.38,50.7,5,3,0,525.66
19.060892,72.872641,19.125157,72.840473,1,7.91,19.5,4,4,1,215.18
19.042504,72.819235,19.082337,72.982485,4,17.72,55.9,12,0,1,548.81
19.211486,72.961001,19.107291,72.924326,1,12.21,34.9,12,1,0,295.16
19.028804,72.858026,19.006173,72.857359,1,2.52,11.4,20,6,0,108.04
19.066146,72.830366,19.07851,73.015108,1,19.46,70.6,19,1,0,620.32
19.046841,72.820843,19.050871,72.834527,1,1.51,4.4,16,6,0,28.51
18.955538,72.811887,19.078196,72.820149,1,13.67,55.6,21,3,1,576.87
18.948411,72.809974,19.135496,72.833812,1,20.95,53.6,2,0,0,557.96
19.226421,72.995239,19.070997,72.86269,2,22.19,79.1,18,1,0,689.79
19.199646,72.960709,19.078258,72.860901,1,17.09,63.3,20,4,0,562.45
18.957783,72.838284,19.053507,72.825987,3,10.72,35.6,13,3,0,304.64
19.057988,72.854862,19.059654,72.990193,1,14.22,43.7,15,2,0,372.75
19.14535,72.91772,19.071948,72.817113,3,13.35,57.9,19,2,0,530.05
18.93343,72.808161,19.062978,72.818029,1,14.44,41.1,22,0,0,343.36
19.13464,72.920398,18.937883,72.818014,1,24.38,67.4,3,6,0,698.36
19.089517,72.979739,19.144553,72.906033,1,9.87,27.7,4,0,0,290.03
19.104907,72.878394,18.951391,72.803829,1,18.78,61.9,6,1,0,530.56
19.124934,72.92258,19.09506,73.016241,1,10.39,34.6,15,1,0,307.53
19.208202,72.961794,19.004704,72.85786,2,25.13,74.9,13,3,1,733.37
19.082787,72.998798,19.036714,72.8493,1,16.53,46.1,7,5,0,383.45
19.123497,72.834701,18.924194,72.803807,2,22.4,98.4,18,4,1,1038.04
19.1222,72.89181,18.932488,72.828788,1,22.11,92.5,8,3,0,846.61
19.123749,72.904454,18.935301,72.808554,2,23.25,102.7,10,4,0,942.78
19.095015,73.011376,19.109175,72.870026,2,14.94,43.1,7,1,0,357.36
19.059441,72.887519,19.058064,72.83581,2,5.44,19.5,20,6,0,176.85
19.094599,72.853137,19.083593,72.998643,2,15.34,42.1,13,4,0,342.19
19.052888,72.823319,19.075692,72.837027,1,2.92,9.1,15,3,1,89.76
19.072958,72.886206,18.944084,72.837901,1,15.2,39.7,4,4,0,409.26
19.092604,73.005407,19.076641,72.875678,1,13.75,61.3,8,0,0,578.62
19.209644,72.99471,19.108157,72.856209,2,18.41,46.9,3,1,1,552.6
19.068313,72.820767,18.924323,72.822409,1,16.01,40.3,4,1,2,530.53
19.102915,72.851703,19.023306,72.840078,1,8.94,30.3,6,5,0,263.44
19.078505,72.843785,19.10695,72.859474,3,3.57,10.2,23,0,0,108.16
19.07477,72.863711,19.054123,72.878367,1,2.76,8.7,16,4,0,70.62
19.202892,72.992887,19.080903,72.868034,1,18.87,72.4,18,6,0,649.28
19.05813,72.856304,19.072361,72.873651,1,2.41,6.3,4,5,1,79.56
19.005454,72.838068,19.046992,72.854048,2,4.91,15.9,12,0,0,135.05
19.105059,72.865505,19.049483,72.816511,2,8.04,32.3,11,3,0,291.38
18.938501,72.842656,19.057939,72.989518,1,20.37,51.0,0,3,0,517.29
19.137171,72.85112,19.062505,72.847643,2,8.31,36.3,17,5,0,329.44
19.11687,72.924991,19.056173,72.820173,1,12.92,36.2,16,0,0,305.69
18.955389,72.842959,19.012467,72.858278,1,6.55,16.4,2,6,0,163.94
18.925884,72.845954,18.946879,72.806599,2,4.75,13.1,14,5,1,126.88
19.074635,72.829904,19.076351,72.813924,3,1.69,4.2,1,4,0,45.78
19.02132,72.86058,19.07771,72.884228,1,6.75,22.0,7,1,0,192.86
19.212517,72.980854,18.962648,72.843239,1,31.32,78.5,4,6,0,797.56
19.208826,72.985027,19.124397,72.850699,1,16.95,44.4,4,6,0,451.42
19.12578,72.82854,19.013679,72.845168,2,12.59,31.4,23,0,2,421.63
18.949739,72.826748,19.021937,72.83006,2,8.04,25.5,16,1,1,249.84
19.14545,72.918893,18.951933,72.831202,1,23.41,64.6,4,1,1,768.54
19.214206,72.986107,19.069947,72.874019,1,19.9,54.4,14,3,1,526.29
18.92443,72.82248,19.112503,72.918348,2,23.21,85.3,11,4,1,869.48
19.135653,72.917363,19.131188,72.913601,4,0.63,1.9,2,1,0,43.83
19.12647,72.863038,18.939885,72.824064,4,21.15,59.0,4,2,0,608.39
19.071577,72.857452,19.073083,72.865178,1,0.83,2.4,0,6,0,28.11
19.071454,73.000668,19.096558,73.014834,3,3.16,9.8,15,0,0,86.82
19.056399,72.858034,19.067132,72.882009,1,2.79,7.6,0,0,0,74.52
19.236806,72.984164,19.205409,72.998026,2,3.78,11.4,15,3,0,93.67
18.93766,72.837834,18.938399,72.807756,2,3.16,9.3,3,0,1,118.66
19.125752,72.906073,19.028943,72.843539,2,12.61,37.7,4,5,1,459.41
19.198652,72.986938,19.046609,72.840239,1,22.88,100.7,8,4,0,923.51
19.138715,72.857045,19.016699,72.866584,1,13.6,35.9,3,6,0,367.53
19.107446,72.905641,19.121783,72.83811,4,7.27,19.6,3,1,0,201.62
19.064767,72.888374,19.228343,72.965928,1,19.93,58.0,0,0,1,699.16
19.105588,72.876858,18.93421,72.839145,4,19.46,49.9,0,3,2,661.27
19.114326,72.850408,19.057557,72.809985,1,7.61,31.3,20,0,0,283.62
19.056458,72.818637,18.949177,72.837626,1,12.1,34.4,3,6,0,358.38
18.924864,72.825928,18.9388,72.821972,1,1.6,6.7,17,1,0,57.2
18.937272,72.828912,19.039709,72.82206,1,11.41,31.2,14,1,0,254.98
19.058363,73.002916,18.9476,72.843346,3,20.81,80.5,9,4,0,728.24
18.93665,72.842545,19.112035,72.840909,4,19.5,89.9,18,6,0,839.55
19.066823,72.881805,19.107501,72.858133,2,5.16,15.1,23,4,0,156.2
19.047499,72.849868,19.080576,72.882583,3,5.03,21.4,11,2,0,196.12
19.065664,72.833879,19.235359,72.978943,4,24.25,68.1,13,4,0,568.86
19.069927,72.842425,19.016546,72.831058,2,6.05,20.5,16,5,0,171.28
19.130751,72.827428,18.937454,72.841491,2,21.54,61.4,6,4,2,669.03
19.045029,72.844627,19.069649,72.879309,1,4.56,13.2,6,1,0,115.07
19.114832,72.895162,19.077566,72.872151,1,4.8,13.3,12,2,0,118.69
18.95369,72.837259,19.101854,72.864028,1,16.71,48.9,16,0,0,408.56
19.088924,72.856838,18.955436,72.815312,2,15.47,44.4,14,5,0,372.69
19.043927,72.842158,19.0567,72.875625,1,3.79,10.7,16,3,0,87.7
19.132986,72.910455,19.022188,72.86411,1,13.25,39.1,0,1,0,410.81
19.086477,72.876198,19.033384,72.853124,2,6.38,22.9,17,0,0,197.09
19.062179,72.9861,19.09258,72.986614,1,3.38,9.9,2,3,1,133.08
18.931679,72.852125,18.939685,72.827383,1,2.75,8.1,2,6,1,95.38
19.083522,72.855015,19.106953,72.850624,1,2.65,8.0,14,5,1,78.47
19.064038,72.868842,19.097823,72.868533,1,3.76,13.3,20,1,1,119.13
18.958402,72.826172,19.215061,72.97754,2,32.67,91.3,6,2,0,766.68
19.231869,72.977133,19.058561,72.831772,4,24.59,73.6,14,0,0,621.4
19.026365,72.844966,19.229149,72.990213,1,27.23,111.0,10,1,0,998.58
19.093037,72.854005,19.216035,72.982283,1,19.2,52.0,5,5,0,542.37
19.133848,72.91673,19.07116,72.843681,3,10.37,40.2,18,0,0,358.82
19.001231,72.862253,19.070616,73.014291,2,17.75,69.2,9,0,0,619.57
18.937876,72.851721,18.938947,72.852163,1,3.5,13.4,21,0,0,120.84
19.026554,72.840323,19.068052,72.86411,1,5.25,20.4,10,6,1,211.73
19.018689,72.853925,19.071965,73.01581,1,18.02,60.4,15,1,1,594.2
18.952496,72.848787,19.13787,72.857524,2,20.63,77.4,8,3,0,684.62
19.013714,72.861398,19.137498,72.831666,1,14.11,53.3,17,2,0,475.66
19.02638,72.844511,19.10846,72.859566,1,9.26,26.7,5,4,0,280.17
19.132326,72.924424,19.204901,72.997995,1,11.17,43.1,20,2,0,384.68
19.217856,72.978977,19.094525,72.987699,1,13.74,42.4,14,4,1,415.39
19.006785,72.829951,19.082743,72.99223,1,19.03,48.5,0,0,1,560.17
19.092174,72.993429,19.088847,72.996027,1,1.61,6.4,10,6,0,56.24
19.202937,72.973594,18.937695,72.85005,2,32.22,104.6,12,5,0,890.02
19.118727,72.856396,19.076872,72.861606,1,4.69,13.9,3,0,0,135.15
19.09866,72.883484,19.075387,72.850885,2,4.29,14.0,14,5,1,140.06
19.126737,72.914387,19.076925,72.881379,1,6.54,18.7,14,3,1,169.21
18.927046,72.847997,19.100287,72.867747,1,19.38,83.8,20,5,0,774.85
18.957566,72.817034,19.079581,72.832703,1,13.67,33.9,22,3,0,284.34
18.950507,72.849267,19.103623,72.847925,2,17.03,74.3,8,0,1,778.94
19.135033,72.902547,19.210944,72.968218,1,10.9,45.3,11,4,0,417.19
19.010278,72.862036,19.073207,72.842473,2,7.29,29.0,9,4,0,261.84
19.086589,72.991612,19.026234,72.835953,2,17.68,51.1,23,5,0,533.56
19.103369,72.851399,19.101733,72.861366,1,1.06,3.5,14,4,0,39.98
19.074591,72.866099,19.077795,72.864419,1,3.45,9.5,0,3,0,101.21
19.07545,72.882017,19.132779,72.833367,1,8.17,24.4,0,4,2,328.01
19.12337,72.840691,19.102124,72.863118,1,3.34,9.3,15,4,1,81.66
18.95635,72.844884,19.109144,72.903226,1,18.06,74.4,17,5,0,675.96
19.130616,72.891767,19.082001,72.882818,1,5.49,20.9,20,4,0,181.49
19.133635,72.917687,19.032822,72.86376,1,12.56,42.5,14,0,1,421.61
18.933514,72.840951,18.925234,72.847205,1,1.13,3.7,15,3,0,44.64
18.955613,72.81567,19.003661,72.835937,1,5.75,21.9,8,2,0,198.08
19.066697,72.848188,19.09963,72.865832,3,4.1,16.6,11,1,0,143.13
19.023571,72.8505,19.035386,72.85356,1,1.35,5.7,8,4,0,46.66
19.077752,72.979377,19.134185,72.911508,1,9.5,38.1,17,3,0,342.95
18.938125,72.824203,18.951908,72.819706,1,1.6,6.8,8,4,0,58.34
19.091562,72.993096,19.093159,72.856598,3,14.34,42.8,22,6,0,364.46
19.102124,72.859093,19.106909,72.863597,2,0.71,1.8,2,5,0,34.54
19.074327,73.005709,19.20076,72.976918,1,14.38,40.6,23,6,2,556.96
19.094737,73.007135,19.113301,72.863081,2,15.28,58.4,20,5,0,517.83
19.237326,72.996194,19.087638,72.985285,1,16.68,52.6,12,4,0,449.89
19.205612,72.970293,19.111614,72.90082,1,12.75,37.4,23,2,0,389.6
19.087858,72.8499,19.07234,72.854004,1,1.78,6.5,21,3,0,61.0
19.07381,72.999895,18.948253,72.832858,1,22.43,102.0,8,2,0,945.31
19.107135,72.857986,19.224494,72.969307,2,17.52,68.8,11,4,0,618.06
19.128062,72.920318,19.027609,72.828619,2,14.75,59.7,19,3,1,623.31
19.00246,72.864752,19.041134,72.810583,1,7.14,24.2,12,2,0,210.75
19.050753,72.822372,18.961662,72.83611,3,10.01,28.9,14,2,1,275.35
18.946764,72.828402,19.103908,72.853751,2,17.68,45.1,5,1,0,452.81
19.107984,72.924191,18.952833,72.827793,1,20.01,52.1,4,0,1,618.09
18.939738,72.815956,19.114582,72.908147,2,21.72,77.0,9,5,0,673.4
19.032628,72.846191,19.133058,72.898642,1,12.45,34.8,7,5,0,300.73
19.048757,72.820433,19.140693,72.920663,4,14.68,38.9,22,3,0,320.97
19.082161,72.850342,18.947702,72.826999,1,15.15,40.2,22,2,0,332.39
19.0772,72.847717,18.94447,72.837587,2,14.8,54.9,18,1,0,497.71
19.075376,73.017972,19.027475,72.855118,2,17.93,66.5,21,1,1,679.81
19.092158,72.861773,19.02843,72.838635,2,7.49,22.4,16,3,0,193.49
19.049792,72.826593,18.94198,72.811283,1,12.1,39.3,12,5,2,439.79
19.075417,72.812552,19.203947,72.973252,2,22.12,61.3,4,5,0,638.15
18.938462,72.811241,19.230303,72.978195,2,36.89,91.7,23,5,0,929.86
19.120196,72.828944,19.138898,72.832252,1,2.11,6.2,13,1,0,48.59
19.075095,72.864294,19.098599,72.877183,1,2.94,8.0,7,6,1,73.39
18.940524,72.816892,19.11647,72.861883,1,20.13,92.6,21,4,1,994.14
19.079691,72.880608,19.097486,72.875642,4,2.05,8.9,8,6,1,94.71
19.100142,72.848186,19.078072,72.842858,1,2.52,7.2,23,5,0,79.41
19.082977,72.867059,19.211441,72.962202,1,17.43,45.6,3,6,0,471.05
18.949746,72.823419,18.952915,72.819962,1,0.51,1.7,6,6,0,38.11
19.12429,72.891834,19.0779,72.869397,2,5.67,23.5,18,6,0,207.76
19.045524,72.817013,19.130827,72.923686,1,14.68,49.1,16,2,0,418.47
19.07118,72.821317,19.204324,72.995764,2,23.56,61.0,0,6,0,623.6
19.132644,72.830565,19.205924,72.984666,1,18.12,76.6,18,0,1,809.87
19.121293,72.832674,19.107492,72.842934,1,1.88,4.6,4,3,0,39.39
19.002187,72.848438,19.075437,72.870762,1,8.48,22.3,5,4,0,236.03
19.083162,73.018139,19.120843,72.914716,1,11.65,36.8,12,3,0,304.9
19.226112,72.987091,19.235683,72.967665,1,2.3,7.8,12,0,0,62.4
18.928178,72.838727,18.933445,72.838868,2,0.59,1.7,23,2,0,41.12
18.926952,72.821822,18.95237,72.829442,3,2.94,8.2,12,3,0,64.17
18.932637,72.830208,19.053526,72.820398,1,13.48,34.1,4,5,0,352.43
19.069183,72.991409,19.072685,72.816982,1,18.34,73.4,21,4,0,652.2
19.003058,72.859698,19.12272,72.900953,1,13.99,42.0,7,3,0,356.78
19.053143,72.81738,19.132358,72.901912,1,12.51,36.6,23,1,0,382.25
19.030614,72.858662,19.221889,72.989595,1,25.33,83.1,7,1,0,712.49
19.049045,72.872112,19.093469,72.874281,4,4.95,19.0,20,0,0,163.33
19.098789,72.878406,19.105016,72.841723,4,3.92,10.8,13,2,0,89.27
18.997945,72.832189,19.049044,72.882536,3,7.77,20.1,0,5,0,207.18
18.940577,72.823567,19.027201,72.831586,1,9.67,38.8,21,3,1,401.74
19.220593,72.982168,18.957989,72.811634,2,34.26,126.3,10,6,0,1114.63
19.008879,72.836651,19.066811,72.992097,3,17.56,56.1,14,0,0,484.39
19.014213,72.830807,19.071109,72.832471,1,6.33,15.6,22,2,0,130.47
19.231978,72.979694,19.132836,72.844507,3,17.97,51.4,0,5,0,545.92
19.012137,72.864022,19.054928,72.86482,3,4.76,14.7,12,1,1,147.68
19.106896,72.923445,19.115692,72.856996,1,7.05,28.9,21,0,0,264.23
19.051785,72.82768,19.020885,72.831251,1,3.46,8.5,1,5,1,106.64
19.234353,72.967073,19.049441,72.870075,1,22.95,64.7,1,6,0,671.28
19.049544,72.883442,19.083964,72.850492,1,5.16,21.9,18,6,0,202.54
19.127872,72.913947,18.949555,72.8342,1,21.53,81.1,20,5,0,715.31
19.08266,72.859258,19.103184,72.855707,1,2.31,6.9,4,3,0,71.73
19.098643,72.873872,18.934227,72.819129,1,19.17,86.1,19,3,0,795.02
19.115501,72.836322,19.052353,72.841205,1,7.04,32.2,9,4,0,292.91
19.058924,72.847279,19.052243,72.841528,2,0.96,3.2,12,5,0,47.0
18.939793,72.812071,19.0795,72.835846,3,15.73,63.7,20,1,0,577.69
19.066467,72.865792,19.042703,72.834223,2,4.24,11.5,2,0,0,120.69
18.93308,72.819362,19.071204,73.007742,2,25.06,70.2,1,2,0,729.19
19.001968,72.833492,19.027034,72.83666,3,2.81,7.8,13,2,0,63.43
19.095222,72.865086,19.051002,72.888467,1,5.5,20.8,17,3,0,182.46
18.922024,72.84734,19.062653,72.981761,1,21.08,86.2,17,5,0,775.92
18.958525,72.826281,19.230029,72.984567,1,34.47,91.3,4,3,1,1087.09
19.20545,72.977429,19.090992,73.015083,1,13.33,37.0,6,6,1,356.02
19.202758,72.976578,19.075577,73.013964,1,14.68,63.9,21,0,0,582.96
19.018244,72.83013,19.131601,72.831686,1,12.61,35.6,14,0,0,300.07
19.14426,72.897244,19.021021,72.832732,1,15.29,41.0,22,0,1,383.67
19.068537,72.882454,19.087886,73.000534,2,12.59,37.2,15,1,0,316.55
19.072444,72.86574,19.031993,72.862922,2,4.51,12.2,2,0,0,121.77
19.075211,72.851988,19.049541,72.870991,1,3.48,11.6,7,3,0,91.6
19.046355,72.839326,19.09484,72.862328,1,5.91,16.9,1,1,0,178.43
19.077569,72.866648,19.139225,72.909731,1,8.22,35.6,18,6,1,370.67
19.122882,72.840991,18.934543,72.805983,1,21.26,52.2,23,4,1,613.59
19.224543,72.980424,18.92733,72.849219,1,35.81,98.0,16,4,0,811.35
18.924862,72.834638,19.004002,72.849404,1,8.94,23.9,5,1,1,283.55
19.128281,72.924864,19.082971,72.983048,2,7.92,34.2,21,5,0,313.42
18.955171,72.814362,18.941421,72.845208,3,3.59,9.1,1,1,0,96.77
18.940693,72.824531,19.029693,72.840575,2,10.04,39.3,9,4,1,405.54
19.011192,72.856037,19.217895,72.980563,1,26.45,71.0,0,3,1,847.75
19.103223,72.879196,19.127486,72.892297,1,3.03,9.3,7,1,1,90.12
19.119433,72.890582,18.998566,72.864834,2,13.71,40.0,0,2,0,416.91
19.100345,72.87081,19.113683,72.890249,3,2.52,7.5,2,2,0,85.84
19.121801,72.915676,19.078733,73.015468,1,11.53,32.0,15,4,0,260.43
18.922311,72.818111,18.949361,72.838499,1,3.69,10.8,0,4,0,113.26
19.134347,72.838556,19.034942,72.839259,1,11.05,29.3,2,4,0,297.92
19.099957,72.878402,18.937237,72.854688,1,18.26,70.7,17,0,1,725.62
19.074992,72.879744,18.928198,72.854272,2,16.54,43.9,1,0,0,449.47
19.233907,72.971015,19.113325,72.908337,1,14.94,62.5,21,6,1,659.54
19.224088,72.979605,19.080624,72.995635,1,16.04,43.8,16,6,2,471.28
19.235616,72.960932,19.071298,72.869777,1,20.63,92.7,21,1,0,860.44
19.021871,72.845812,18.931145,72.819425,1,10.46,41.3,21,1,0,370.02
19.028804,72.836324,19.207545,72.974216,1,24.59,65.3,3,4,1,777.3
18.936835,72.819839,19.050252,72.832466,4,12.68,37.0,2,0,0,390.82
19.122473,72.913732,19.222518,72.992518,3,13.86,41.3,7,4,0,357.94
19.105464,72.859095,19.056173,72.815407,1,7.15,31.6,19,5,0,296.56
18.923823,72.823592,19.205705,72.992498,3,36.02,157.8,21,3,0,1458.49
19.074388,72.865949,19.076997,72.846962,1,2.02,5.3,22,5,0,39.34
19.016244,72.86023,18.95517,72.833184,3,7.36,27.5,11,2,0,252.64
19.023097,72.849368,19.106921,72.883902,1,10.0,36.6,21,6,1,376.64
19.049299,72.817167,18.954553,72.848295,1,11.03,31.1,22,4,1,298.11
18.959564,72.810652,19.143447,72.916477,1,23.28,102.7,8,4,0,940.63
19.219423,72.974185,19.237187,72.982911,3,2.18,6.3,14,4,0,52.36
19.072104,73.008589,19.062787,72.86017,1,15.63,43.1,7,3,2,476.04
19.052862,72.818422,19.200304,72.977104,1,23.38,92.4,17,4,0,830.03
18.92626,72.842285,19.086599,73.014269,1,25.39,98.4,19,1,1,1008.99
18.960874,72.841952,19.215961,72.968812,1,31.34,98.7,12,6,2,1094.23
19.086737,72.851612,19.103605,72.852178,1,1.88,8.5,18,4,0,79.75
19.050346,72.865888,19.060215,72.865023,3,1.1,2.9,23,3,1,49.11
19.230122,72.974404,19.225128,72.974514,1,0.56,1.6,2,6,0,43.66
19.060834,72.847954,19.10322,72.852943,3,4.74,17.2,10,4,0,149.95
19.125718,72.910851,19.058275,73.010665,1,12.89,38.3,5,6,0,403.15
19.134725,72.840006,19.070286,73.002974,1,18.56,53.6,12,5,0,446.23
19.049149,72.842938,19.007164,72.866799,2,5.3,15.0,12,6,0,115.3
19.004165,72.840189,19.227098,72.965795,2,28.08,80.8,4,2,0,840.21
19.062742,72.870065,19.230645,72.964047,1,21.12,65.2,13,6,0,545.05
19.070678,73.002221,19.107459,72.859314,1,15.56,45.0,1,3,0,474.39
19.070246,72.833456,19.130679,72.853172,2,7.03,21.2,12,6,0,181.33
19.080357,73.007773,19.123175,72.838785,2,18.38,49.2,2,0,0,503.77
19.063213,72.821277,19.214268,72.965571,1,22.62,96.8,17,6,0,888.26
19.076783,72.854141,19.102009,72.877881,1,3.75,14.5,17,2,0,125.69
19.140475,72.919702,19.074683,72.871446,1,8.9,24.8,22,1,0,205.42
19.080602,72.846379,19.053291,72.814501,2,4.52,12.5,2,1,1,147.69
19.087258,73.01583,19.096579,72.845739,1,17.9,52.8,7,6,2,579.83
19.127159,72.911002,19.106696,72.908057,1,2.3,8.7,11,1,0,76.74
19.10879,72.854876,19.100539,72.84223,3,1.61,6.3,17,1,0,56.4
18.923991,72.847989,19.059755,72.993811,3,21.52,89.8,21,6,0,807.31
19.102566,72.838103,19.083522,72.847166,1,2.32,9.6,21,2,1,100.2
19.198609,72.971859,19.095517,72.995843,1,11.74,47.1,21,3,0,427.97
19.124508,72.835984,19.068041,72.826566,1,6.36,25.6,20,4,0,234.13
19.139957,72.908891,18.935359,72.829707,1,24.22,73.4,7,5,0,620.73
19.059632,72.878199,18.934248,72.825838,2,14.99,38.3,5,6,0,392.67
19.07742,72.884103,19.002231,72.860338,2,8.73,27.6,6,4,0,231.93
19.142675,72.922364,19.087612,72.858475,1,9.09,32.4,10,5,0,283.2
19.006502,72.83513,19.116603,72.895679,1,13.8,44.4,7,1,0,376.76
19.066433,72.825349,19.144693,72.895087,1,11.38,28.2,3,1,0,278.47
19.095359,73.006811,19.138011,72.843472,1,17.8,73.5,21,2,0,659.21
19.097093,73.010683,19.11215,72.846747,1,17.31,79.2,20,1,0,735.29
18.935217,72.826767,19.135955,72.917999,2,24.29,67.7,12,6,0,561.44
18.920306,72.818433,19.073098,73.009991,2,26.35,77.6,2,6,0,811.43
19.13635,72.894558,19.203576,72.95951,1,10.12,25.4,0,0,0,255.99
19.099708,72.862041,19.071814,72.853859,1,3.22,9.0,4,1,1,112.92
19.094152,72.870452,19.012658,72.855224,1,9.2,25.4,5,2,0,269.98
19.210445,72.981996,19.009725,72.836726,1,27.04,80.4,3,4,0,849.74
19.023343,72.852794,19.126549,72.898888,1,12.46,38.6,12,5,2,427.11
19.07226,72.862602,19.080543,72.868434,1,1.11,3.7,13,4,0,40.92
18.932811,72.809872,19.06811,72.811202,1,15.05,49.8,7,6,0,424.18
18.933286,72.838428,18.955839,72.81756,1,3.33,9.6,4,4,0,104.46
19.142206,72.919585,19.113973,72.917028,1,3.15,13.4,17,5,1,145.73
18.942163,72.841981,19.023383,72.845635,1,9.04,30.8,6,6,0,268.17
19.079348,72.874649,18.92475,72.82663,2,17.92,70.4,17,6,0,637.2
19.138101,72.893964,18.958567,72.840719,2,20.73,70.0,15,3,0,610.41
19.128194,72.910108,19.199074,72.972336,1,10.24,28.4,6,6,1,264.97
19.047458,72.841678,19.089156,72.852157,2,4.77,17.0,21,3,0,148.36
19.204468,72.966881,18.953152,72.811132,1,32.39,117.9,18,3,0,1044.49
19.05502,72.864165,19.117829,72.901475,1,8.01,26.9,16,0,0,233.45
19.061111,72.884749,19.083281,72.981986,4,10.51,26.0,0,1,1,303.41
18.963309,72.827112,19.085715,72.879645,1,14.69,52.5,19,6,0,463.33
19.129697,72.844753,18.93946,72.848693,1,21.16,58.6,7,3,0,478.21
18.950502,72.827318,19.072035,73.009601,3,23.45,64.6,4,4,0,665.95
19.052947,72.813293,19.134678,72.826444,1,9.19,25.5,1,4,0,263.03
19.217889,72.975583,19.089749,72.989154,2,14.32,42.9,22,1,1,419.5
19.061452,72.826708,19.062141,72.880289,3,5.63,24.1,17,6,0,215.45
19.071644,72.873173,19.107842,72.927162,1,6.96,17.2,4,4,1,199.26
19.108419,72.923571,19.057829,72.847444,1,9.78,30.5,13,5,0,257.82
19.06829,72.819519,19.08892,72.996532,1,18.74,54.1,22,5,0,451.27
19.10801,72.890758,19.100677,72.849591,2,4.4,10.9,4,0,0,112.28
19.074648,72.885535,19.097387,72.854841,3,4.1,12.7,6,1,1,125.55
19.224006,72.995637,18.933635,72.816109,2,37.4,155.8,9,2,0,1412.4
18.937569,72.821161,19.143945,72.892286,1,24.14,64.8,23,6,0,661.96
19.109502,72.884651,19.237535,72.984147,2,17.66,77.4,8,5,0,710.01
19.002115,72.829899,19.089294,73.007836,2,21.07,56.9,22,5,0,471.84
18.952806,72.811928,19.082092,72.866616,2,15.48,66.3,18,1,1,698.64
19.100926,72.831427,19.043284,72.824082,2,6.46,17.7,13,5,0,146.28
18.938378,72.809796,19.027206,72.849848,3,10.74,29.4,15,3,0,247.86
19.107224,72.85562,19.132079,72.854484,1,2.77,11.5,20,4,0,112.04
19.090821,72.985607,19.058702,72.979295,2,3.63,15.0,21,0,1,158.56
19.110028,72.865226,19.095141,73.001013,1,14.36,63.6,21,0,0,590.04
19.011373,72.837764,19.104176,72.883859,1,11.4,50.4,17,4,1,525.58
19.111927,72.835935,18.945593,72.828639,2,18.51,81.9,19,3,0,761.11
19.236364,72.967506,18.935537,72.831714,2,36.37,101.1,0,5,1,1216.0
19.058066,72.988595,19.06824,72.862912,1,13.26,42.8,6,0,0,361.99
19.13807,72.90564,19.115787,72.853014,3,6.06,23.2,19,3,0,205.34
19.028154,72.864407,19.139762,72.907187,1,13.2,44.5,14,3,1,449.96
19.120659,72.927192,19.066029,72.981258,1,8.32,25.2,7,2,0,211.58
19.064694,72.993907,18.935327,72.805914,1,24.45,99.2,8,2,0,898.28
19.058897,73.000868,19.128208,72.859369,3,16.75,62.9,20,6,0,565.57
19.042227,72.813515,19.141556,72.923793,1,16.01,43.8,1,5,2,590.87
19.056798,72.869961,19.208137,72.991426,1,21.12,65.0,12,2,1,637.34
18.933763,72.851845,19.020356,72.856142,3,9.64,41.9,10,5,0,377.32
19.054977,72.813224,19.101844,72.849634,2,6.47,17.8,15,0,0,151.73
18.948667,72.819318,19.202821,72.968301,1,32.31,145.7,21,4,0,1342.73
19.237907,72.974973,19.096938,72.866516,2,19.38,57.6,22,5,0,485.09
19.11742,72.858145,19.107571,72.905591,1,5.1,19.6,10,6,0,160.73
19.078158,72.836676,19.099113,72.859263,4,3.33,12.7,18,6,0,111.14
19.137534,72.92205,19.000868,72.865144,1,16.33,69.2,11,6,0,621.12
19.23148,72.971145,19.088439,73.018571,3,16.67,67.6,21,0,0,610.43
19.138251,72.905951,19.09105,72.853513,1,7.61,18.7,0,5,1,225.4
19.039992,72.828294,19.058702,72.825688,3,2.1,9.0,17,5,1,92.16
18.944096,72.832896,18.928355,72.823932,1,1.99,5.6,4,3,0,58.5
19.07087,72.827916,18.948195,72.805034,2,13.85,63.7,19,1,0,588.77
18.962431,72.806362,19.047626,72.81584,1,9.53,24.6,2,0,0,244.9
19.101927,72.861893,19.134524,72.833704,2,4.68,21.6,20,4,0,201.82
18.95062,72.838449,19.07499,72.867128,2,14.15,46.0,14,4,0,393.75
18.927985,72.826048,19.078556,72.867331,1,17.3,65.4,10,2,0,588.91
19.001351,72.833576,19.134253,72.846717,3,14.84,68.7,9,0,0,639.8
19.091315,72.855965,18.922611,72.838697,1,18.85,78.3,18,6,1,809.94
19.008717,72.846818,19.059845,72.852811,1,5.72,18.2,15,5,0,157.46
19.074904,72.997064,19.053696,72.842336,1,16.43,47.3,7,4,0,395.04
19.129297,72.92371,18.929686,72.850083,2,23.51,92.4,8,5,1,947.65
19.070905,72.831579,19.09366,73.014659,1,19.4,65.6,13,1,0,568.37
19.023176,72.831947,19.071879,72.81491,1,5.7,15.8,15,5,0,128.0
19.0658,73.018036,19.139443,72.891586,1,15.61,61.7,11,1,2,719.13
19.107765,72.840563,18.925183,72.828781,2,20.34,66.9,6,0,0,570.15
19.221986,72.986896,18.9354,72.807208,3,37.04,115.4,15,2,0,983.98
19.076225,72.996419,19.229065,72.997946,1,17.0,43.9,5,5,0,454.89
18.961787,72.825363,19.134143,72.907763,2,21.03,60.1,23,5,0,628.03
19.096806,72.979513,19.10046,72.835533,2,15.13,47.0,6,0,1,461.19
19.232082,72.976869,19.086099,73.013448,1,16.68,46.9,6,1,0,392.83
19.058628,73.015675,19.063303,72.885555,3,13.69,40.8,15,4,0,344.49
19.072401,72.887692,19.071394,72.827089,2,6.37,18.9,3,0,0,198.51
19.075809,72.850729,19.208455,72.960087,2,18.7,62.3,7,1,0,544.72
19.072555,72.856587,19.065349,72.87168,1,1.78,4.8,5,5,0,46.07
19.232205,72.99491,19.006398,72.864432,1,28.61,83.5,15,6,0,703.22
19.131891,72.926074,19.064343,73.000713,3,10.86,49.2,19,2,0,464.86
19.058844,73.014796,19.081569,72.872622,1,15.15,68.4,18,1,0,631.07
19.077088,72.813392,18.931878,72.829708,1,16.24,58.0,9,5,0,512.94
19.078603,73.006531,18.961466,72.835224,1,22.23,89.7,17,4,0,804.95
19.107989,72.869818,19.128711,72.83649,1,4.19,11.9,6,3,1,117.83
19.083813,72.852156,18.955315,72.824094,1,14.59,48.2,7,4,0,412.03
19.067875,73.001094,19.130856,72.892168,1,13.42,39.2,13,1,0,330.28
19.012559,72.867226,19.070466,72.87559,4,6.5,19.2,14,1,0,163.18
19.128936,72.918231,18.954831,72.822752,1,21.81,71.6,14,0,0,614.99
19.14254,72.912697,19.199376,72.983901,2,9.79,42.5,11,2,1,457.87
19.122998,72.863019,19.079343,73.003862,4,15.57,42.5,6,5,0,340.72
18.941319,72.826091,19.033167,72.864634,1,10.99,40.1,17,1,0,353.59
19.096586,72.847028,19.10948,72.863879,1,2.28,9.0,9,6,0,76.16
19.069733,72.853197,19.035994,72.828623,1,4.55,18.8,9,4,1,198.17
19.08711,72.872352,19.227306,72.968682,3,18.58,55.9,7,6,0,467.66
19.143455,72.92714,19.108865,72.864665,1,7.61,21.3,4,3,1,254.04
19.094525,72.880902,19.138724,72.906747,2,5.61,22.8,17,6,1,224.31
19.133434,72.917075,19.065936,72.85367,1,10.04,27.3,0,6,1,323.75
19.073687,72.979569,19.23057,72.989997,1,17.48,54.6,16,5,0,462.77
19.108467,72.882391,19.023334,72.843033,1,10.33,32.6,15,6,0,278.45
18.949681,72.833631,19.079541,72.858257,2,14.67,41.9,22,0,0,345.89
18.954788,72.834125,18.936849,72.814175,1,2.9,12.9,10,4,1,129.32
18.94921,72.828366,19.122012,72.916278,4,21.32,85.1,9,4,0,761.66
19.214248,72.961547,19.130813,72.864906,1,13.75,35.7,4,6,1,414.82
19.083589,72.878606,19.079668,72.860788,1,1.92,5.4,6,5,1,55.54
18.932259,72.814828,18.942605,72.841938,1,3.07,11.8,19,1,0,106.36
19.066072,72.848218,18.930307,72.8266,1,15.27,62.8,21,4,0,570.88
19.089772,72.986963,19.063938,73.001096,2,3.23,8.2,23,0,0,82.9
19.022429,72.862625,19.051361,72.815824,3,5.88,26.7,9,2,0,247.47
19.235763,72.989511,19.059888,72.987536,1,19.56,81.4,11,6,0,737.9
18.948497,72.816509,19.123326,72.889674,2,20.91,62.0,23,3,0,660.12
19.015091,72.854597,19.095066,72.867128,2,8.99,26.3,7,4,0,219.49
19.106253,72.84017,18.947157,72.850876,2,17.73,70.2,11,6,0,635.45
19.128215,72.844273,19.055,72.841602,2,8.15,37.6,10,6,0,354.97
18.939086,72.810181,18.95158,72.831878,1,2.67,8.0,16,1,1,82.18
19.055221,72.844749,19.062276,72.86491,1,2.26,6.8,2,2,0,80.95
18.95412,72.82678,19.062495,72.847639,1,12.25,40.1,13,1,0,341.8
19.065887,73.015203,19.070933,72.862163,2,16.09,67.6,10,0,0,622.68
18.929639,72.852268,19.142477,72.924081,3,24.84,73.6,5,5,0,780.78
19.12953,72.827452,19.215985,72.988374,1,19.44,52.0,4,6,1,610.2
19.075961,72.992076,18.955323,72.852419,1,19.89,48.9,2,6,2,650.4
19.107101,72.827214,18.959659,72.809899,2,16.5,47.0,12,4,0,398.21
19.069999,72.843006,19.075663,73.00431,1,16.96,53.3,16,6,0,456.82
18.955974,72.806973,19.062462,72.81741,1,11.89,51.1,19,1,0,463.22
19.133659,72.921579,19.097304,72.863691,1,7.3,29.3,11,2,0,274.58
19.003583,72.840777,19.102085,72.837754,1,10.96,27.3,4,0,0,280.32
19.072713,72.850808,19.100295,72.851206,1,3.07,14.1,18,0,0,137.75
19.049267,72.817769,19.058742,73.005827,2,19.79,89.3,8,0,0,825.43
19.022035,72.843124,19.068999,72.876022,2,6.26,19.2,16,4,0,170.17
18.92404,72.810694,19.068129,73.013576,1,26.68,71.4,1,5,0,741.83
18.95975,72.839107,19.212455,72.983988,1,31.96,134.4,21,6,0,1225.34
19.082373,72.85879,19.104479,72.871287,1,2.79,8.3,5,3,0,90.7
18.93682,72.804247,18.963222,72.835973,3,4.44,11.9,1,5,2,165.37
19.10884,72.827099,18.932618,72.818931,1,19.61,63.1,13,4,0,535.52
19.075696,72.871746,18.920836,72.820018,3,18.06,58.2,14,0,1,573.8
18.92344,72.854359,18.936209,72.822539,1,3.64,10.1,22,4,0,88.14
19.086339,73.01195,18.927716,72.822553,2,26.6,73.3,3,6,0,757.89
19.120112,72.844161,19.078803,73.017883,2,18.82,51.7,13,3,0,436.69
19.116929,72.905676,19.075816,72.872494,1,5.75,16.8,22,3,0,148.41
19.018151,72.849312,19.08071,72.888479,1,8.08,25.0,14,6,0,211.43
19.030414,72.839675,19.094804,73.006846,1,18.97,76.9,8,2,1,795.16
19.089088,72.877239,19.116351,72.899917,3,3.86,10.4,4,0,0,111.84
18.935298,72.816517,19.107214,72.927715,2,22.41,83.3,17,6,0,737.48
19.080636,72.853333,19.037756,72.848551,4,4.79,15.4,12,2,0,132.45
19.013468,72.849301,19.03469,72.837117,4,2.68,10.8,9,2,0,99.07
19.08063,72.879954,19.007291,72.829662,1,9.72,24.1,4,4,0,247.67
19.071487,72.82933,19.124737,72.918737,1,11.1,39.5,18,3,0,351.84
19.075498,72.812678,18.95261,72.811963,1,13.66,52.2,20,2,0,466.3
19.135505,72.848672,19.113101,72.837256,3,2.76,9.3,7,5,1,87.76
19.012217,72.845553,19.055325,72.843491,1,4.8,18.8,17,0,0,162.78
19.062247,72.838119,19.070997,72.878752,1,4.38,17.3,20,3,0,153.41
19.095444,72.981479,19.104228,72.86551,1,12.22,47.9,9,4,0,430.37
19.094391,72.855153,19.071906,72.841715,1,2.87,11.3,11,5,1,120.62
19.075035,72.836989,18.949836,72.815841,1,14.1,42.2,1,4,0,441.65
19.079059,72.989344,19.120882,72.826571,2,17.72,57.6,13,6,1,565.06
18.941762,72.815681,19.093368,73.014534,1,26.85,111.6,18,1,1,1161.93
19.077344,72.812653,19.107724,72.87486,3,7.36,21.3,12,0,0,185.19
19.215898,72.979498,19.09115,72.996799,1,13.99,55.6,17,2,1,572.41
18.927193,72.847415,19.080625,72.870559,1,17.23,79.5,10,5,1,854.84
19.109135,72.906294,19.115575,72.849209,1,6.04,20.5,14,0,0,180.66
19.069568,72.995919,18.959818,72.818862,3,22.26,62.9,12,3,0,529.6
19.023444,72.833052,19.081299,72.879136,1,8.05,23.3,23,2,0,241.97
19.073089,72.848019,19.093324,72.867141,4,3.02,12.1,19,5,1,123.65
19.130079,72.829363,18.940743,72.825302,4,21.06,77.7,19,3,0,684.01
19.049835,72.846947,18.957057,72.829969,3,10.47,34.8,6,3,0,302.66
19.016438,72.833178,19.068618,72.871692,1,7.07,23.7,16,6,0,208.81
19.099281,72.87901,19.041502,72.838443,2,7.71,30.8,19,1,1,318.64
18.960359,72.826786,19.051564,72.833321,4,10.16,30.1,4,2,1,363.62
19.071406,72.855191,19.071024,72.876799,3,2.27,6.5,23,4,1,74.02
19.012018,72.844555,19.068799,72.868002,1,6.78,22.9,12,6,0,209.04
19.060426,72.865136,19.057687,73.00502,1,14.7,39.4,1,6,1,468.44
19.145632,72.896595,18.956818,72.839054,3,21.85,93.7,9,2,0,851.53
19.112671,72.893452,18.932538,72.833695,4,20.99,94.5,10,0,0,874.9
19.088269,73.003616,19.112877,72.841956,1,17.21,62.2,17,5,0,541.49
19.023102,72.849252,19.109642,72.847262,1,9.63,24.6,4,4,0,249.02
19.08304,73.016596,19.219846,72.972792,1,15.89,61.9,19,3,0,541.93
19.202314,72.975673,19.072283,73.008182,1,14.86,61.9,18,1,0,562.44
19.135301,72.892267,19.144668,72.91765,1,2.86,8.9,14,2,0,81.61
18.962063,72.822643,19.21483,72.981454,1,32.69,130.1,10,6,0,1170.75
19.12732,72.856678,19.226767,72.991164,3,17.94,78.1,18,4,0,708.04
19.087543,72.854051,19.102137,72.881803,1,3.34,12.7,21,4,0,114.22
19.064344,72.841329,18.998672,72.841123,1,7.3,18.2,4,0,0,189.37
19.093586,72.874155,19.227603,72.981715,2,18.7,72.0,17,2,0,639.43
19.093303,72.861407,18.939775,72.812202,1,17.84,51.0,14,5,1,488.88
19.109496,72.866507,19.000493,72.844357,1,12.34,45.8,18,1,1,471.85
18.923447,72.822737,19.129593,72.921987,4,25.19,98.3,18,5,0,879.99
19.129416,72.851722,19.118822,72.86284,2,1.66,5.2,16,2,0,43.87
19.227142,72.973277,19.051651,72.882881,2,21.7,72.8,16,2,0,634.86
19.107016,72.878777,19.07106,73.001211,1,13.47,38.2,4,3,0,393.88
19.112818,72.840692,19.138605,72.921835,2,8.99,33.6,9,2,0,289.23
18.950262,72.808092,18.947085,72.841224,1,3.5,11.4,13,0,0,98.07
19.125429,72.847094,19.232348,72.969307,2,17.5,49.2,7,2,1,477.32
19.005591,72.846937,19.116513,72.890706,1,13.16,49.9,17,4,0,432.55
19.074296,72.823133,19.077708,72.999578,2,18.55,62.7,14,1,1,630.22
19.099139,72.872226,18.924724,72.834328,1,19.8,58.9,4,2,1,710.26
19.130047,72.828914,18.93709,72.826544,1,21.46,94.2,8,3,0,854.89
19.206558,72.974553,19.081124,73.001578,1,14.23,58.1,10,6,0,528.64
19.203156,72.959514,19.068697,72.999256,2,15.52,44.9,13,1,0,371.84
19.209974,72.992023,18.931425,72.827128,2,35.49,101.6,5,3,0,1057.15
19.080133,72.865566,19.06737,72.831042,4,3.9,17.1,8,4,0,161.94
19.20274,72.967686,19.049018,72.833486,3,22.16,98.0,8,3,0,903.59
19.206142,72.994414,19.077753,72.87796,1,18.8,80.8,21,2,0,746.41
18.924816,72.816636,19.113205,72.843633,1,21.14,56.4,4,2,0,583.61
19.082187,72.878605,19.074965,72.867206,2,1.44,6.2,10,1,0,60.47
19.237469,72.961059,19.069034,72.824772,1,23.57,68.0,16,3,0,563.05
19.202604,72.997523,19.000419,72.855889,1,26.96,105.6,17,6,0,945.17
19.015526,72.847731,18.945453,72.838919,2,7.85,23.5,6,4,2,265.64
18.93967,72.825821,19.066729,72.991557,1,22.43,67.7,7,4,0,573.77
19.145343,72.89267,18.925913,72.849311,1,24.82,78.0,12,2,1,775.95
19.133207,72.913433,19.070767,72.86503,1,8.61,31.6,10,2,1,323.03
19.060566,72.833338,19.106956,72.849781,2,5.44,14.3,4,0,0,157.82
19.045871,72.887728,19.124474,72.926648,1,9.65,25.2,3,2,0,259.85
19.095276,72.860348,19.0724,72.850609,1,2.74,8.9,14,3,0,70.4
19.222104,72.969122,19.055814,72.827789,2,23.71,70.9,13,3,0,594.73
19.123354,72.861631,19.203409,72.990754,3,16.22,46.3,1,4,0,489.64
19.06939,72.874664,19.073748,72.874336,1,2.61,7.5,23,6,0,78.24
18.92971,72.808591,19.100793,72.852615,2,19.58,72.0,19,2,0,632.99
19.118258,72.889328,19.101199,72.86556,1,3.14,9.3,1,3,0,92.78
18.953143,72.839888,18.944384,72.822096,3,2.11,9.4,17,4,0,85.52
19.085062,72.856079,18.958979,72.83381,3,14.21,63.8,10,2,0,597.81
18.954909,72.833544,19.141249,72.902525,1,21.95,90.9,8,3,0,833.28
19.136926,72.906255,19.076685,73.008813,1,12.69,39.6,15,6,0,348.45
18.956609,72.839457,19.112104,72.844245,2,17.3,69.5,8,6,0,620.94
19.016647,72.834735,19.064077,72.887274,2,7.64,19.2,23,4,0,199.68
19.048943,72.876715,19.101267,72.847638,1,6.57,26.1,10,0,2,307.41
19.077781,72.852312,19.079915,72.859829,1,0.82,2.9,17,0,0,35.45
19.003531,72.853012,18.932763,72.822379,2,8.5,33.5,21,6,0,312.49
18.945963,72.853557,19.117039,72.921324,2,20.31,84.9,17,6,0,771.7
19.058817,73.008292,19.00456,72.855992,2,17.11,64.8,19,6,2,749.19
18.937311,72.844964,19.047072,72.850406,1,12.22,48.5,8,5,2,559.88
19.028363,72.866485,19.081174,72.854506,1,6.01,19.1,16,0,0,157.12
19.072027,72.8769,19.085416,72.850778,2,3.12,7.7,3,6,1,97.59
19.042989,72.834163,18.952794,72.827694,2,10.05,25.8,22,1,0,214.61
18.940537,72.815817,19.019438,72.861838,2,10.02,42.3,18,6,0,384.1
19.076745,72.995453,19.109294,72.860864,2,14.6,54.7,9,5,0,483.88
19.130477,72.926829,18.925389,72.814592,1,25.68,81.4,13,2,2,895.36
19.082702,72.849635,18.950178,72.803954,1,15.5,42.3,2,3,1,505.24
19.22443,72.964612,19.128068,72.901964,1,12.57,38.6,13,2,1,376.63
19.084612,72.868316,18.934249,72.825366,2,17.32,50.3,22,2,0,424.43
19.07711,72.835581,19.073033,72.829183,1,0.81,2.4,12,6,0,34.44
19.073508,72.826577,19.068241,72.853567,1,2.9,7.4,3,5,0,80.45
19.128768,72.913701,19.208391,72.976468,1,11.04,41.1,20,1,1,424.77
19.139479,72.843546,19.079114,73.017609,1,19.48,61.4,16,4,0,525.94
19.051391,72.837337,19.060251,72.988649,2,15.93,49.0,16,6,1,475.03
19.006981,72.833476,18.928872,72.808173,4,9.08,26.7,4,0,2,373.21
18.959393,72.847077,19.117051,72.857276,2,17.56,65.6,21,5,1,660.59
19.08649,72.980457,19.142617,72.899897,1,10.52,42.1,8,6,0,375.39
19.088204,72.857421,19.066172,72.840113,1,3.05,8.3,13,0,1,73.65
19.067504,72.812563,18.955972,72.808964,1,12.41,40.2,12,4,0,330.38
19.064855,72.814716,19.22306,72.958808,2,23.21,60.0,22,3,0,497.23
18.943709,72.815477,19.234685,72.975164,2,36.45,91.1,0,6,1,1062.34
18.926798,72.82516,18.937058,72.826816,1,1.15,5.2,19,3,1,64.35
19.016646,72.863469,19.095449,72.867887,2,8.77,32.2,8,0,1,329.38
19.008665,72.83963,19.054015,72.851407,1,5.19,17.0,6,1,0,149.01
18.946436,72.804842,19.078767,72.816499,2,14.77,43.2,0,3,0,450.25
19.115547,72.89422,19.229523,72.976011,1,15.31,45.1,4,0,1,543.35
19.077995,72.85492,19.07024,72.842119,1,1.6,6.3,10,4,0,57.37
19.119573,72.896563,18.943207,72.828915,1,20.86,69.5,16,4,0,606.5
19.025792,72.853959,18.953294,72.812119,1,9.18,38.6,21,6,0,351.5
18.927832,72.837228,19.066033,72.810078,1,15.63,70.0,18,2,0,651.75
19.119209,72.912926,19.074284,72.819582,1,11.01,32.5,22,4,0,267.83
19.027793,72.864766,19.144187,72.891604,2,13.25,43.0,15,4,0,369.09
19.209848,72.98201,19.086428,72.874897,1,17.75,51.3,23,3,0,540.55
18.948001,72.837549,19.213878,72.984886,1,33.37,101.1,7,0,0,854.28
19.108916,72.877483,18.950638,72.832404,2,18.23,54.6,12,4,1,530.75
18.999276,72.863104,19.099542,72.84814,1,11.26,45.6,18,4,0,415.41
19.201111,72.978292,18.94571,72.815535,1,33.15,95.1,2,6,0,991.24
18.9446,72.820578,19.04663,72.883258,1,13.12,47.6,18,1,1,485.3
19.07923,72.876594,19.061926,72.840314,2,4.27,16.4,10,0,0,154.06
19.078336,72.847922,19.207445,72.993599,2,20.98,76.9,9,4,0,681.03
19.023986,72.853293,19.146214,72.914776,3,15.05,68.3,11,5,1,727.4
19.005546,72.843788,19.065693,73.014872,2,19.19,61.0,13,1,1,604.52
19.132756,72.846527,19.235353,72.985839,2,18.55,73.4,20,5,0,657.38
19.024473,72.833986,19.104949,72.867852,2,9.63,24.3,23,3,0,243.8
18.951952,72.837027,19.086925,72.983395,2,21.49,68.6,14,5,0,589.09
19.060547,72.8272,19.138499,72.836633,1,8.72,28.3,6,3,0,247.45
18.931376,72.818546,18.920234,72.833606,2,2.01,5.7,15,6,1,50.37
19.015853,72.863739,19.129726,72.862908,1,12.66,33.8,2,6,1,398.77
19.004891,72.859296,19.122681,72.890341,2,13.5,33.2,2,1,0,345.93
19.047938,72.825999,19.131347,72.832829,2,9.3,31.6,15,5,0,277.28
19.075239,72.984231,19.203821,72.959841,1,14.53,52.7,10,1,1,530.01
18.961005,72.821215,19.107191,72.861433,1,16.8,55.4,7,4,0,476.54
19.23687,72.963334,19.013897,72.84545,1,27.71,90.3,6,0,0,772.91
19.075893,72.816718,19.117051,72.845429,1,5.48,15.3,13,0,0,129.04
19.084169,72.852463,19.202665,72.993398,2,19.82,63.3,13,6,2,701.9
19.137694,72.90648,19.013621,72.860251,1,14.63,67.0,11,0,0,621.09
19.092207,72.981791,19.105597,72.838652,1,15.11,46.4,13,6,0,397.0
19.061437,73.004225,18.942434,72.841823,3,21.6,97.8,11,6,1,1040.06
19.040576,72.81479,19.118599,72.834856,2,8.93,29.2,13,1,0,257.04
19.037493,72.831942,19.004071,72.86689,1,5.23,24.2,21,3,0,221.23
18.925759,72.844276,19.21771,72.989954,1,35.89,146.3,8,3,1,1526.54
18.927539,72.825526,19.009009,72.849479,2,9.4,35.0,11,3,1,360.04
19.069545,72.838503,19.22415,72.973448,1,22.28,82.9,18,1,2,952.7
19.124464,72.855426,19.135497,72.861592,2,1.39,4.1,3,2,0,54.82
19.213811,72.991821,19.231566,72.98436,1,2.12,6.0,2,1,0,63.2
19.080611,72.882171,19.067849,72.884183,2,1.43,6.5,11,4,0,59.45
19.062356,72.883314,18.929224,72.804949,1,16.94,55.9,16,3,0,481.11
19.117411,72.915183,18.921156,72.846534,1,22.98,100.0,21,3,1,1058.16
19.082439,72.866699,18.942821,72.830486,1,15.98,44.6,12,3,0,366.53
18.933956,72.816005,19.090968,73.009572,2,26.81,86.1,15,1,0,738.19
19.134194,72.912055,19.086591,72.989723,4,9.73,28.9,4,4,0,301.3
19.229853,72.978269,18.928495,72.818421,1,37.48,164.4,19,1,0,1513.68
19.0048,72.853878,18.950855,72.818046,2,7.08,22.5,15,6,1,221.59
19.078256,72.857402,19.13144,72.919737,1,8.82,25.5,0,2,0,264.73
19.075007,72.866634,19.109121,72.83696,1,4.91,14.8,13,6,0,123.31
19.077266,72.834533,18.928129,72.824907,2,16.61,49.3,12,6,0,418.85
19.079249,72.868212,18.927642,72.819858,1,17.61,73.8,17,4,1,753.4
19.07071,72.852238,19.077782,72.823892,3,3.08,13.1,18,5,0,125.37
19.075614,73.00733,19.217484,72.979026,1,16.05,42.4,0,2,0,445.99
19.222795,72.958299,19.199084,72.986746,1,3.98,16.4,8,1,0,151.38
19.12529,72.853241,19.094258,72.879489,1,4.42,18.2,20,3,0,169.63
19.116418,72.909301,19.117726,72.854309,1,5.78,17.0,15,0,0,142.2
19.109079,72.894349,19.107518,72.863729,1,3.22,9.1,3,2,0,104.86
19.105714,72.867273,19.227622,72.979484,1,17.96,82.5,18,5,0,769.25
19.118806,72.907243,19.093564,72.982341,1,8.37,24.4,13,6,0,209.04
19.092996,73.010268,18.932382,72.832238,2,25.87,79.3,14,1,0,674.09
18.951722,72.819951,18.932742,72.83202,2,2.46,7.2,14,3,0,63.0
18.941366,72.814402,19.139686,72.92248,1,24.81,80.5,6,6,0,678.11
19.060914,72.80993,19.059188,72.997747,2,19.74,85.3,21,6,0,780.39
19.210562,72.997598,19.009293,72.855991,1,26.87,102.2,18,2,0,904.96
19.042976,72.82573,19.206345,72.98541,2,24.73,105.1,8,5,1,1093.67
19.206558,72.96408,18.933607,72.830679,3,33.43,82.6,3,0,0,834.9
19.228223,72.969894,19.08143,72.854966,1,20.3,63.9,15,0,0,546.84
18.952604,72.822823,19.033847,72.86079,1,9.88,27.9,5,6,0,287.33
19.12036,72.911436,19.079809,72.849799,1,7.89,21.6,4,2,0,216.67
19.059831,72.989812,19.061759,72.992871,1,2.45,9.5,17,5,0,80.87
19.084102,72.991658,19.1009,72.857849,1,14.18,50.9,11,2,0,451.58
19.102831,72.880098,19.089408,72.853578,1,3.16,11.2,18,6,0,97.61
19.070338,72.97982,18.93966,72.840974,1,20.6,78.0,19,0,1,790.95
19.138491,72.840336,19.10928,72.854924,2,3.59,16.4,20,5,0,159.43
18.95961,72.825684,19.127649,72.844819,1,18.79,74.5,20,4,2,873.12
18.942499,72.805736,18.92773,72.831026,2,3.13,13.9,17,2,0,125.02
19.003106,72.838419,19.066564,72.994386,1,17.85,66.6,10,5,0,588.43
19.049497,72.844353,19.056258,72.838717,1,0.96,2.4,4,5,0,34.97
18.926276,72.849426,19.030104,72.858764,1,11.59,33.0,15,4,0,274.49
19.062176,72.986322,19.138299,72.846685,1,16.94,65.6,10,5,0,577.56
19.225933,72.958958,19.085495,73.007074,2,16.41,45.7,23,4,0,467.42
18.95159,72.826366,19.113022,72.920811,2,20.51,63.9,15,5,0,540.78
18.926224,72.823036,19.090355,72.860317,4,18.67,56.5,6,6,2,614.42
18.931387,72.841267,19.014154,72.857385,3,9.36,26.8,16,4,0,224.26
19.089578,72.873934,19.138913,72.900077,1,6.14,18.3,6,1,1,172.15
19.10554,72.862199,19.114084,72.892259,1,3.3,9.9,23,3,1,127.52
19.068734,72.873632,19.085583,72.862424,2,2.21,5.6,5,5,0,61.64
19.086702,73.009451,19.142204,72.923571,1,10.93,31.2,7,2,0,263.23
19.118562,72.920432,18.926188,72.811287,2,24.27,99.9,8,2,0,904.05
19.105948,72.87483,19.06224,72.843235,1,5.89,16.5,7,5,0,136.65
19.135167,72.924105,19.209161,72.975107,1,9.82,44.3,17,2,2,541.77
18.943402,72.831628,19.055687,72.873355,2,13.23,51.7,11,2,1,531.75
19.095547,72.876457,19.131373,72.838579,1,5.63,23.4,9,5,1,251.71
19.13428,72.92239,19.121818,72.922302,1,1.39,3.6,2,3,1,44.48
19.099435,72.856083,18.951768,72.817205,1,16.92,77.5,11,1,0,718.72
19.136662,72.86167,19.124607,72.917891,3,6.06,24.4,19,3,1,247.43
19.036999,72.839046,19.02989,72.837537,1,0.81,3.0,21,1,0,40.08
19.064919,72.833768,19.064419,73.013586,3,18.9,86.9,17,4,0,814.59
19.19871,72.969514,19.046279,72.838639,1,21.83,56.5,1,4,0,575.4
19.077349,72.875671,18.948427,72.828226,1,15.18,57.6,21,4,1,593.58
19.01851,72.851724,18.943558,72.844495,1,8.37,38.4,21,6,0,358.26
19.134045,72.839535,19.083222,73.001465,1,17.93,59.3,15,2,1,594.76
18.942751,72.852036,19.116214,72.829963,1,19.43,72.2,18,0,0,633.01
19.221282,72.9589,19.019194,72.84328,2,25.54,71.3,0,4,0,738.63
19.068978,73.007674,18.952511,72.809153,3,24.56,91.1,11,0,1,933.97
18.946611,72.832346,19.068716,72.997688,1,22.06,62.3,5,5,0,652.7
19.059998,72.822949,19.058695,72.849381,1,2.78,8.8,12,3,0,74.51
19.077022,72.876961,19.145462,72.927815,2,9.3,42.6,10,4,0,395.3
19.050971,72.838637,19.028181,72.862186,2,3.54,9.0,23,2,0,88.69
19.091894,72.985557,19.05228,72.884512,1,11.5,33.7,16,3,0,287.35
18.9294,72.842088,18.931307,72.803848,1,4.03,13.5,14,2,0,114.34
19.074516,72.849222,19.130077,72.891848,1,7.63,25.5,6,3,0,213.06
18.941597,72.838253,18.934687,72.853143,1,1.74,5.8,15,2,1,52.8
19.117976,72.856447,19.071408,72.88391,2,5.93,19.8,14,6,0,170.94
19.01438,72.8525,19.209001,72.992495,1,26.17,79.8,14,0,0,677.4
19.082812,72.877041,19.118346,72.85038,1,4.84,19.1,9,0,0,169.66
19.060689,72.862118,19.108414,72.863471,1,5.31,23.7,21,5,0,218.75
19.050732,72.857292,19.075572,72.820644,1,4.74,12.8,2,6,0,135.58
19.065067,72.885498,19.071082,72.997576,1,11.8,36.9,14,0,1,358.44
18.948768,72.816035,19.072251,72.992635,1,23.09,68.5,6,1,0,579.78
18.938689,72.80887,19.072514,72.822402,1,14.95,65.0,21,5,0,588.47
18.948969,72.831725,18.950628,72.832436,1,3.06,8.6,12,4,1,83.75
19.138544,72.913479,19.115416,72.926309,1,2.9,8.2,22,3,0,73.02
19.027276,72.866756,19.078892,72.86414,2,5.75,21.4,20,2,0,193.58
18.936741,72.842057,19.059652,72.816964,1,13.92,61.5,9,1,1,647.72
19.081506,72.995526,19.063508,72.878279,2,12.48,31.9,23,6,0,325.68
19.23604,72.984261,19.122797,72.904336,2,15.13,69.6,8,3,0,644.25
19.023313,72.865973,19.069137,72.879967,1,5.3,20.9,17,4,0,182.41
19.204944,72.975728,19.107496,72.89459,2,13.79,53.0,10,0,0,472.47
19.108217,72.853975,18.927756,72.816794,1,20.44,68.0,15,5,0,588.26
19.084778,72.886905,19.037517,72.833601,1,7.68,22.5,12,5,0,192.28
19.207814,72.994675,19.090458,72.983062,4,13.11,34.1,1,0,0,349.4
19.073879,72.999596,18.947004,72.836439,1,22.21,72.7,15,4,0,624.35
19.112987,72.898277,19.105177,72.868533,4,3.24,13.3,10,5,0,117.48
18.952479,72.848958,19.085032,72.988137,3,20.77,61.4,3,3,0,642.13
19.082087,72.862976,19.208425,72.986159,3,19.1,47.8,23,0,0,494.46
18.923943,72.839337,18.937043,72.854177,2,2.14,9.3,11,0,0,84.13
19.125615,72.850744,18.953336,72.820523,1,19.42,64.9,15,0,0,567.59
19.113659,72.906689,19.123261,72.912463,1,1.23,4.4,19,0,0,48.12
19.123291,72.832537,19.084151,73.009637,1,19.11,49.3,3,0,0,509.36
19.137574,72.860283,19.029714,72.847622,1,12.07,36.0,12,5,0,298.57
19.085712,72.863102,19.032268,72.867624,3,5.96,27.6,9,6,1,292.52
19.10637,72.832654,18.954046,72.815968,4,17.03,42.8,3,6,0,433.04
19.071818,72.989458,19.096985,72.862348,1,13.65,42.7,15,6,1,416.6
19.231229,72.980125,19.003729,72.850759,1,28.72,88.1,13,2,0,742.05
19.067563,72.887972,19.046561,72.881158,1,2.44,7.1,23,5,0,77.62
19.058979,72.816561,19.030619,72.852264,1,4.9,14.1,15,5,1,137.96
19.070834,72.853161,19.140829,72.921371,1,10.58,29.9,15,4,0,255.77
19.071522,72.852196,19.074205,72.841798,2,1.13,2.9,2,3,0,33.57
19.130184,72.849355,19.078815,73.017882,2,18.61,53.7,15,6,0,448.33
19.09058,72.995292,19.105159,72.86498,3,13.79,34.4,5,5,1,412.1
19.12714,72.912778,18.924269,72.820669,2,24.55,109.2,19,4,0,1007.2
18.954727,72.848855,19.136209,72.905099,2,21.03,68.3,14,2,0,591.9
19.098567,72.850268,19.101027,72.854386,2,0.51,1.4,1,1,0,48.86
19.103588,72.877545,18.926084,72.829889,2,20.36,65.7,16,0,0,568.99
18.943833,72.824062,19.144661,72.894969,1,23.54,94.1,11,1,0,840.82
19.145355,72.901701,19.077319,72.866431,1,8.42,21.7,3,6,0,225.85
19.123647,72.893351,19.144965,72.921167,1,3.76,13.6,11,4,0,108.25
19.122882,72.831958,19.098607,72.883669,1,6.07,26.0,20,0,0,231.88
19.237184,72.959844,18.961215,72.803775,1,34.79,98.4,1,5,1,1181.29
18.953973,72.832997,19.080555,72.870114,4,14.61,61.2,10,6,0,546.13
19.091263,72.856054,19.081444,72.856392,1,1.09,4.3,21,3,0,54.15
19.128756,72.900019,19.085836,72.854091,2,6.79,27.7,21,0,0,257.76
19.136182,72.862414,19.119725,72.895224,1,3.9,16.2,18,6,0,146.23
19.037192,72.830671,19.061471,72.988867,2,16.85,43.4,2,3,1,515.59
19.137934,72.842772,19.072057,72.987551,1,16.88,70.8,11,0,1,744.28
19.086821,72.858367,19.119376,72.9019,3,5.83,16.3,13,0,0,127.6
19.10609,72.836858,18.93582,72.837867,3,18.93,87.1,21,6,0,819.06
19.046627,72.881709,19.099454,72.856797,2,6.43,27.4,10,1,1,293.06
19.128983,72.924959,19.045141,72.818147,1,14.59,53.8,11,0,1,539.03
18.999593,72.839465,18.923862,72.832791,3,8.45,36.6,20,6,0,333.78
19.082325,72.864372,19.042765,72.847473,1,4.74,20.0,11,0,1,210.7
19.092832,72.988187,19.085514,72.860202,1,13.47,37.0,3,3,0,382.07
18.963192,72.838448,18.952398,72.814033,1,2.83,7.2,23,6,1,90.93
19.066654,72.864634,19.089372,72.991827,1,13.6,37.7,15,6,0,311.57
19.099576,72.871211,19.220207,72.966831,1,16.76,63.1,19,6,0,555.8
18.945751,72.819443,19.233017,72.985049,1,36.38,157.4,17,6,0,1440.99
19.088017,72.847191,19.07372,72.840892,1,1.72,4.5,1,0,0,46.58
19.114193,72.909285,19.130558,72.84637,1,6.86,24.7,17,6,0,226.19
18.952573,72.825749,19.06264,72.869479,1,13.07,38.7,15,3,0,319.3
19.088805,72.868461,19.051882,72.813398,3,7.1,22.7,16,2,0,196.94
19.054469,72.841103,18.920996,72.81864,2,15.03,44.6,6,5,0,382.68
19.138879,72.838894,18.958465,72.813876,2,20.23,74.7,18,5,0,649.96
19.039923,72.840569,19.216145,72.96212,1,23.39,95.8,20,3,1,999.5
19.124009,72.827623,19.1218,72.926994,1,10.44,29.2,23,5,0,307.32
19.120997,72.889117,18.947192,72.850175,2,19.75,50.5,23,2,0,519.37
19.109364,72.905065,19.058603,72.858462,2,7.47,28.7,11,5,1,289.23
19.236748,72.971411,19.071842,72.87028,2,21.19,79.7,10,0,0,712.83
18.945078,72.842405,19.075029,73.004039,1,22.31,55.4,1,3,1,655.26
19.106983,72.849016,19.118821,72.920239,1,7.6,28.6,11,0,0,243.84
19.083582,72.883079,19.088367,72.8714,1,1.34,6.0,9,6,0,71.94
18.941585,72.832822,18.9469,72.836104,1,0.68,1.8,4,3,0,41.74
19.105565,72.851976,19.118286,72.860285,3,1.66,7.7,8,5,1,78.36
19.053136,72.86822,19.139169,72.916974,2,10.85,48.4,11,5,1,508.82
19.062717,72.851643,19.031379,72.834884,2,3.9,11.3,0,6,0,112.99
19.229843,72.986545,19.048944,72.847309,1,24.87,95.6,21,4,0,845.24
19.079813,72.985109,19.091705,72.86432,1,12.76,34.2,5,2,0,358.78
19.139961,72.906958,19.036999,72.83394,3,13.78,58.5,17,0,1,610.7
19.090687,72.846364,19.060926,72.86299,1,3.74,12.3,14,0,0,105.92
19.220751,72.995983,19.029244,72.840755,2,26.82,72.6,22,6,0,595.25
19.206746,72.974051,19.10943,72.912187,1,12.62,57.1,11,4,0,529.47
19.131528,72.853452,18.94534,72.831495,1,20.83,54.9,23,3,0,560.21
18.92407,72.852584,19.120866,72.840315,3,21.92,64.7,13,5,0,543.09
18.941939,72.833748,19.081334,72.88846,1,16.53,43.3,23,3,0,438.56
19.015992,72.839655,19.137105,72.915698,3,15.66,69.0,18,3,0,632.91
18.93472,72.840319,19.23658,72.981057,1,36.68,112.0,13,3,0,948.33
19.227899,72.969011,19.048841,72.884285,2,21.81,78.4,8,3,0,691.05
19.118278,72.827636,19.036395,72.82891,2,9.11,29.2,16,4,1,286.04
19.198451,72.99732,19.101453,72.827585,2,20.84,60.7,0,0,0,635.77
19.069627,72.877114,19.127091,72.839932,3,7.49,31.0,19,0,0,285.63
19.094007,72.878282,19.224438,72.980386,1,18.04,52.3,0,6,2,712.43
18.948374,72.808297,19.07824,72.99171,1,24.09,66.4,23,2,0,688.31
19.033092,72.854364,18.940315,72.841248,1,10.41,45.2,11,0,0,414.55
19.089906,72.87177,18.934486,72.828234,3,17.88,76.4,19,1,2,906.58
19.101053,72.856221,18.938108,72.818926,1,18.54,73.0,10,2,0,658.52
19.081972,72.851693,19.061965,72.878545,1,3.59,10.0,14,5,0,81.6
19.129975,72.834687,19.072612,72.856123,2,6.76,22.3,15,6,0,191.75
18.938002,72.829689,19.056691,72.813386,2,13.31,38.7,12,1,0,327.68
18.928445,72.839392,18.949589,72.808609,3,4.0,17.3,10,4,1,182.96
19.092527,72.864368,19.091128,72.882915,1,1.96,5.5,22,0,0,49.85
19.016026,72.844903,19.06997,72.842054,1,6.01,18.3,13,1,0,158.96
19.11782,72.927885,19.209753,72.980232,1,11.61,33.8,4,2,0,353.07
19.055402,72.843093,19.076257,72.858622,2,2.84,8.0,4,3,0,86.27
19.064399,72.979461,19.076994,72.855433,2,13.11,36.0,2,2,0,368.97
19.104229,72.849677,18.941991,72.806256,3,18.61,50.0,23,1,0,523.84
19.071228,72.846196,19.060387,73.004262,2,16.66,45.6,6,4,1,436.2
19.024999,72.842303,19.226113,72.972427,1,26.21,74.7,23,1,0,780.26
19.131412,72.826482,19.017583,72.860546,2,13.15,34.1,1,5,0,341.36
19.106479,72.924177,19.089082,72.851664,3,7.86,21.4,23,2,0,216.33
19.062491,72.861932,19.133708,72.855609,2,7.95,22.6,4,5,0,231.51
19.014562,72.83311,19.046622,72.860014,1,4.55,12.5,0,0,1,146.69
19.07369,72.833373,19.126065,72.86064,2,6.49,17.7,4,3,1,207.65
19.13723,72.858935,19.045772,72.83923,1,10.38,30.0,5,2,1,367.06
19.010732,72.844319,18.935111,72.8478,1,8.42,24.8,22,4,0,203.12
19.030498,72.836823,18.924414,72.819684,1,11.93,38.8,6,2,0,327.07
18.958275,72.85136,19.002959,72.838984,2,5.14,15.4,12,6,2,173.0
19.237836,72.978236,19.072193,72.886966,1,20.76,63.6,6,5,2,707.69
18.929447,72.838387,19.051818,72.824989,4,13.68,44.9,14,1,0,377.89
19.117957,72.826707,18.932725,72.836256,1,20.62,59.2,2,5,1,720.89
19.073655,72.822812,19.127228,72.908413,2,10.79,30.7,3,3,0,319.98
18.945754,72.817806,19.047599,72.844376,3,11.66,33.8,4,4,2,464.29
19.056927,72.883556,18.955359,72.836592,1,12.33,36.0,12,4,0,303.31
18.93477,72.832492,19.142753,72.904441,2,24.33,93.1,20,4,0,827.21
19.077971,72.88156,18.956192,72.81983,1,15.02,42.1,14,4,0,353.56
19.137328,72.849298,19.077956,73.017311,3,18.85,82.9,10,3,1,880.84
19.013195,72.867784,19.218583,72.991832,1,26.3,82.3,7,2,0,697.24
19.125443,72.85889,19.227053,72.994661,2,18.19,71.1,21,6,0,620.4
18.959687,72.828215,19.061343,72.986898,1,20.15,60.3,4,1,0,636.2
19.024215,72.86771,19.069069,72.815055,2,7.45,21.2,23,0,0,218.46
19.084087,72.879638,19.22086,72.960057,3,17.4,76.6,9,5,0,708.34
19.076985,72.869855,19.120175,72.893371,2,5.4,19.7,9,5,0,173.57
18.952153,72.822376,19.034665,72.865001,1,10.21,30.0,7,6,0,262.53
19.143558,72.888915,19.129967,72.91899,1,3.5,9.0,22,4,0,84.1
19.122689,72.864697,19.122181,72.854813,2,1.04,2.9,15,3,0,30.8
19.113811,72.917379,19.084021,72.861932,2,6.7,19.3,13,6,0,158.29
19.223124,72.991742,18.938514,72.851669,1,34.9,141.8,10,5,1,1470.95
19.135759,72.83497,19.236734,72.991854,3,19.94,82.6,10,3,1,863.23
19.106998,72.842974,19.00399,72.839436,1,11.46,34.1,22,3,0,290.45
18.938884,72.812917,19.082162,72.85674,1,16.58,41.5,22,4,0,341.4
19.052253,72.847062,19.072341,72.885822,1,4.65,13.7,22,4,0,120.6
19.130383,72.85364,19.074979,72.853613,3,6.16,16.8,22,2,0,138.15
19.13588,72.918902,19.003382,72.856177,1,16.14,45.8,5,0,0,476.2
18.936034,72.816,19.113153,72.858554,1,20.2,87.3,8,0,0,797.48
19.237405,72.98953,19.092333,73.013519,1,16.33,55.5,16,0,0,478.37
19.063929,72.997607,19.105849,72.867393,1,14.46,52.9,19,4,1,530.82
18.939842,72.828688,19.071658,72.879764,1,15.61,41.9,2,6,0,427.83
19.07588,72.869797,19.111003,72.833637,2,5.45,17.3,6,0,0,145.15
18.940852,72.819531,19.109113,72.897569,2,20.43,56.9,0,1,1,681.9
19.113639,72.889154,19.07663,72.835921,1,6.94,23.3,7,2,1,229.01
19.122815,72.860292,19.114884,72.833362,1,2.96,9.5,16,1,1,88.13
19.108973,72.900861,19.030182,72.857219,2,9.89,44.9,21,0,0,414.06
19.102551,72.882679,19.131575,72.890018,1,3.32,9.3,16,5,0,78.32
19.079391,72.858894,19.067871,72.825685,3,3.72,12.3,14,0,0,103.62
18.954267,72.844856,19.06008,72.849344,2,11.78,34.2,5,1,0,362.7
19.00413,72.832732,19.099513,72.846378,1,10.7,39.1,18,4,0,339.64
19.073708,72.881723,19.000435,72.858169,2,8.52,27.2,14,6,0,235.12
18.938774,72.836202,19.10381,72.852855,1,18.43,77.9,8,6,0,710.86
18.922776,72.826318,19.124966,72.830018,4,22.49,103.9,10,5,0,960.78
19.105522,72.828028,19.083277,73.016854,2,19.99,61.3,12,2,1,603.95
19.066738,72.822689,18.959309,72.838333,4,12.06,52.3,18,4,1,550.68
19.08622,73.014007,19.122142,72.828953,2,19.85,57.4,5,2,0,606.36
19.074313,72.851308,18.946667,72.834586,3,14.3,55.4,17,6,0,490.74
19.052904,72.841666,18.959131,72.842474,2,10.43,29.3,3,3,0,314.24
19.235037,72.986885,19.141291,72.914311,1,12.91,36.2,12,1,0,303.96
19.131095,72.907315,19.115591,72.845704,1,6.7,17.1,2,1,0,176.23
18.93856,72.814286,19.110433,72.894928,1,20.91,59.9,4,4,0,621.65
19.125486,72.909858,19.139315,72.895312,1,2.17,6.3,4,4,1,76.55
19.059446,72.844138,19.216038,72.97457,1,22.16,64.7,1,6,1,779.78
19.07804,72.983493,19.122756,72.849706,3,14.91,37.0,4,0,0,376.34
18.942397,72.803752,19.108601,72.897335,1,20.94,63.2,14,5,0,525.74
19.056189,72.821629,19.035454,72.847632,1,3.58,9.4,3,3,0,102.7
19.047305,72.855981,19.044182,72.834423,1,2.29,6.8,16,0,1,76.35
19.064822,72.878919,19.082372,73.014102,2,14.34,39.3,4,4,0,408.42
19.067289,72.979055,19.087676,72.847993,1,13.96,45.9,6,2,0,396.48
18.940278,72.812708,18.921568,72.819247,1,2.19,8.4,19,5,0,82.04
18.998674,72.849668,19.073598,72.837812,3,8.42,24.0,2,2,0,252.76
19.126176,72.897808,19.071671,72.872341,1,6.63,24.0,17,3,2,278.19
18.958804,72.854608,19.033594,72.83936,1,8.47,23.4,2,3,0,241.31
19.122214,72.860923,19.221258,72.97573,1,16.33,53.8,16,3,0,461.65
19.068594,72.987946,19.091967,72.998809,1,2.84,11.9,18,4,0,108.21
19.124715,72.897702,19.070869,72.869847,1,6.66,19.3,22,6,0,166.52
19.056361,72.863731,19.204986,72.994754,3,21.51,64.6,15,6,1,624.14
19.001406,72.839085,19.106795,72.835212,1,11.73,46.3,20,3,0,418.76
18.926584,72.828156,19.084992,72.991455,2,24.6,61.0,5,0,2,800.53
19.137174,72.852799,19.117023,72.924231,2,7.83,20.5,1,1,1,242.82
19.216039,72.983792,19.201488,72.986441,1,1.64,6.8,18,2,0,64.24
19.076097,72.861359,19.071318,72.999485,1,14.53,46.5,13,4,0,408.96
19.096767,72.994793,19.113076,72.845478,1,15.79,58.7,8,2,0,522.53
19.081424,72.871069,19.066513,72.878489,1,1.83,7.4,18,0,1,66.55
18.939814,72.825396,18.926596,72.850923,4,3.06,9.0,13,3,0,80.65
19.073774,72.848334,19.083794,73.014485,1,17.5,55.1,7,5,1,541.53
19.071127,72.870585,19.09617,72.84591,1,3.8,13.8,18,6,0,127.75
18.944009,72.838365,19.215775,72.989843,1,34.16,91.0,0,3,0,941.39
18.947465,72.847957,18.924292,72.839915,2,2.71,12.5,17,4,1,134.4
19.119163,72.91505,19.033612,72.866775,2,10.78,28.5,0,0,1,334.11
19.0578,72.846368,19.010848,72.836374,4,5.33,16.0,6,5,0,133.5
18.95515,72.822732,18.945889,72.809698,1,1.71,7.1,8,1,1,76.39
18.938578,72.805682,19.068748,72.83954,1,14.91,44.6,6,3,1,440.13
19.020955,72.8453,19.050983,72.867629,2,4.08,11.1,22,5,0,98.02
19.133706,72.859573,19.095994,72.852346,1,4.26,12.9,7,5,0,112.72
19.087327,72.996203,19.028707,72.841439,2,17.52,52.3,15,5,0,438.2
19.058028,72.873667,19.078643,72.851342,1,3.28,12.4,9,0,0,112.05
19.220015,72.99596,19.059536,72.8351,1,24.58,72.3,5,6,0,755.94
18.938851,72.827865,19.089871,72.988718,3,23.83,85.8,20,5,0,755.71
19.005781,72.845735,19.08259,72.877429,2,9.17,29.1,6,3,0,242.31
19.095634,72.986,18.941584,72.8456,1,22.61,73.0,7,2,1,725.54
18.936759,72.832063,19.090893,72.996318,1,24.33,100.0,17,5,0,906.4
19.076135,72.877338,19.116186,72.924394,1,6.65,18.9,6,0,0,159.89
19.062188,72.886316,18.94213,72.839395,2,14.23,56.9,11,0,1,597.16
19.048949,72.820129,19.145975,72.907849,3,14.19,41.6,2,2,0,436.29
19.082249,72.880319,19.088348,72.879339,3,0.69,1.8,0,2,0,36.65
19.057918,72.815866,18.999585,72.838498,1,6.91,28.9,9,5,0,265.17
19.235555,72.979655,18.944158,72.828397,3,36.09,115.7,7,4,0,990.11
19.099271,72.877491,19.102967,72.838184,4,4.15,17.5,21,5,0,154.9
19.066169,72.995826,19.102724,72.842132,1,16.65,65.6,9,1,0,579.39
19.226222,72.963057,18.923593,72.853038,2,35.58,161.6,8,1,0,1505.85
18.936168,72.815918,19.221325,72.959227,1,35.1,160.6,18,6,0,1494.27
19.088498,72.981479,19.056317,72.822048,4,17.13,54.2,13,1,0,465.35
19.102999,72.879489,19.141969,72.916783,2,5.84,25.9,18,1,0,244.37
19.065086,73.017706,19.211191,72.988772,1,16.53,44.9,23,4,1,535.4
19.127493,72.91919,18.962119,72.828043,2,20.73,78.5,18,3,0,699.82
19.046376,72.819155,19.046628,72.870647,1,5.41,23.5,11,6,0,218.59
19.096158,72.874792,19.105532,72.852021,2,2.61,7.2,4,6,0,78.69
19.079454,72.853084,19.201891,72.978836,1,18.97,72.3,21,4,0,637.06
19.08253,73.015807,19.137444,72.889251,2,14.63,43.8,12,2,0,369.15
19.090086,72.999621,19.121404,72.832077,2,17.94,47.0,0,4,2,621.43
18.92165,72.84007,19.052572,72.887964,1,15.4,43.9,12,4,1,417.56
19.076165,72.855242,19.086124,72.996402,2,14.88,36.7,4,2,0,374.07
19.071999,73.003723,18.939019,72.838147,2,22.84,70.3,12,4,0,586.23
19.204411,72.965299,19.06455,73.005063,1,16.1,47.2,16,5,1,459.27
19.07955,73.01657,19.046729,72.877567,1,15.06,39.5,3,2,0,401.25
18.952841,72.807362,19.122673,72.893623,2,20.95,87.4,10,2,0,798.2
19.112439,72.914134,19.141946,72.888307,2,4.26,17.5,21,1,0,162.96
19.083658,72.859789,19.097278,72.847547,2,1.99,4.9,5,4,0,61.49
19.123088,72.837443,19.117205,72.896707,1,6.26,18.1,6,0,1,169.94
19.091769,73.002783,19.228786,72.974565,1,15.52,45.5,2,4,1,546.38
18.948679,72.831652,19.090453,72.994152,1,23.25,85.0,10,5,0,747.14
18.959558,72.809366,19.070486,72.880597,2,14.43,38.7,22,6,0,318.0
18.932811,72.854967,19.068029,72.830553,2,15.25,44.4,0,1,0,477.32
19.216587,72.996867,19.035942,72.863116,1,24.51,69.3,4,4,0,724.21
19.072413,72.820619,19.131399,72.857678,1,7.63,28.8,8,1,1,300.66
19.10694,72.870617,19.225237,72.991269,3,18.27,58.4,7,0,0,497.23
18.934803,72.849147,19.071323,72.984412,1,20.8,79.7,19,5,0,711.09
18.927262,72.809137,19.055296,72.876376,2,15.9,44.1,6,5,0,362.01
19.141694,72.909625,18.94036,72.839549,1,23.57,77.3,7,3,1,763.92
19.215813,72.978518,19.114649,72.828447,2,19.36,47.6,23,4,0,485.09
19.223149,72.968008,19.232023,72.961642,1,1.19,5.0,18,0,0,62.38
19.212538,72.983355,19.000314,72.861437,2,26.85,104.3,21,0,1,1080.23
19.07129,72.853371,19.074206,73.000465,1,15.46,62.2,11,0,0,560.3
19.064988,73.00862,19.042135,72.830602,1,18.88,74.1,19,6,1,762.99
19.146052,72.898192,19.066362,73.000605,1,13.94,37.5,4,6,0,394.56
19.122445,72.894354,19.047174,72.831169,4,10.68,29.0,2,5,1,337.22
19.089737,73.001008,19.07204,73.006029,2,2.04,8.9,10,6,0,84.45
19.200862,72.991652,19.069937,72.990326,2,14.56,56.6,8,1,0,520.08
19.076188,73.014784,19.031532,72.8418,1,18.85,84.0,17,1,0,777.31
19.2317,72.977842,18.932431,72.847509,1,35.99,121.5,13,1,1,1213.09
19.053862,72.837071,18.948264,72.830902,1,11.76,53.4,11,2,0,493.0
18.930998,72.82737,18.943612,72.824883,2,1.43,4.2,0,6,2,67.35
19.104341,72.87908,19.088899,72.856471,1,2.93,8.7,1,0,0,93.62
18.931093,72.84858,18.924338,72.805105,2,4.63,20.8,9,3,0,198.29
18.938713,72.807281,19.22694,72.986491,1,37.17,164.7,8,1,1,1744.74
18.950564,72.83128,19.138746,72.850689,1,21.02,74.8,17,4,0,656.29
19.09909,72.864773,19.233151,72.984264,1,19.49,57.9,3,4,0,607.52
18.937962,72.845028,19.05944,72.818013,2,13.8,36.9,0,6,0,384.35
19.208618,72.971651,19.214438,72.994284,1,2.46,9.7,20,0,0,86.42
19.222399,72.963741,19.102492,72.874581,1,16.29,47.3,23,0,0,498.93
19.096382,72.985421,19.058521,73.01557,2,5.27,18.9,18,4,0,171.69
19.083834,72.858491,19.052911,72.835972,2,4.17,15.3,9,4,1,158.88
18.932196,72.827978,19.117676,72.836302,1,20.64,60.7,6,3,0,513.0
19.106435,72.851505,19.032719,72.867643,1,8.37,24.0,22,4,0,198.75
19.206587,72.992049,18.949953,72.806552,1,34.56,85.3,23,0,1,1001.0
19.01134,72.832347,19.081717,73.010459,1,20.29,79.0,11,2,0,699.67
19.139917,72.924006,19.20789,72.995908,2,10.68,46.6,8,0,0,426.68
19.057791,72.868348,19.080741,72.983261,2,12.34,34.0,0,3,0,346.94
19.058233,72.998186,19.217122,72.995006,1,17.67,48.8,14,5,0,401.12
19.027258,72.854512,19.110918,72.855854,2,9.3,26.4,22,0,0,223.16
18.951802,72.824768,19.227949,72.967248,3,34.16,132.3,20,6,1,1356.74
19.060812,72.874126,19.110228,72.847017,3,6.19,17.3,7,1,0,144.34
19.085187,72.849536,19.054193,72.87643,2,4.46,19.6,18,4,0,181.92
18.947897,72.831771,18.952825,72.827288,2,0.72,2.1,3,0,0,41.09
19.072501,73.016875,19.218788,72.970212,2,16.99,45.6,3,3,0,478.9
19.10109,72.860072,19.054795,72.831435,3,5.96,21.6,18,0,1,216.7
18.927258,72.804268,18.948756,72.831771,1,3.75,9.8,22,5,1,89.62
19.118738,72.902545,19.206904,72.958474,1,11.43,45.4,9,1,0,405.34
19.005611,72.848623,19.003304,72.847779,1,3.25,14.9,9,6,0,132.95
19.076703,72.867001,19.075014,72.866378,1,2.94,11.1,8,3,0,93.34
18.960165,72.822716,19.080119,73.004442,1,23.3,66.5,6,3,0,549.83
19.078149,72.834535,19.22932,72.988386,1,23.32,71.5,12,3,0,610.04
19.079547,72.820178,19.138046,72.912729,2,11.7,39.8,6,4,2,444.04
19.229364,72.994528,18.938281,72.805257,4,37.99,110.2,6,0,0,916.22
19.077902,72.993646,18.936052,72.84088,1,22.51,73.9,16,6,0,646.98
19.127063,72.851865,19.003054,72.853938,2,13.79,38.2,4,5,0,391.68
18.945521,72.827475,19.105485,72.846918,1,17.9,70.0,17,0,0,625.01
19.141478,72.922584,19.09539,72.987256,4,8.51,27.0,16,2,0,224.72
19.047813,72.860418,19.118002,72.863833,2,7.81,29.0,8,1,2,326.48
19.009784,72.862009,18.927457,72.807551,1,10.8,34.6,12,4,0,297.4
18.960907,72.818903,19.077529,72.809892,1,13.0,38.2,23,5,0,398.69
19.23689,72.992647,19.074275,72.874964,2,21.9,57.4,22,5,0,474.98
19.10118,72.859969,19.093616,72.993755,1,14.08,42.0,6,2,0,346.85
19.221645,72.966089,19.06381,72.85981,2,20.8,58.0,14,1,0,480.64
18.93496,72.821962,19.214412,72.983901,1,35.43,90.4,4,3,1,1064.7
19.105374,72.854647,19.132386,72.826912,1,4.18,16.0,20,5,0,132.67
19.074699,72.870148,19.080901,72.853541,1,1.88,5.3,23,5,0,53.35
19.062743,72.855846,19.061286,72.869153,4,1.41,4.8,12,3,0,39.88
19.065588,72.849609,19.084302,72.864031,4,2.57,8.2,7,3,0,74.37
19.045985,72.86527,19.199974,72.976989,1,20.76,68.9,16,1,0,589.69
19.052978,72.844866,19.115991,72.848324,1,7.02,18.5,0,0,0,193.15
19.064145,72.864143,19.211675,72.99003,2,21.07,62.1,0,0,0,655.87
19.086406,72.857789,19.032593,72.858608,1,5.98,19.1,12,5,0,160.24
18.930669,72.842834,19.043994,72.828856,1,12.69,56.3,18,3,2,682.34
19.072333,72.986214,19.217062,72.994732,2,16.12,40.5,22,0,0,325.26
18.941829,72.824326,18.924217,72.812358,2,2.33,8.5,19,3,0,71.27
18.961719,72.814302,19.227779,72.964269,2,33.52,95.2,22,5,0,792.26
19.127304,72.861407,19.0966,72.849413,1,3.64,10.9,4,0,1,135.16
18.946317,72.822378,19.000087,72.855687,2,6.93,20.6,12,3,0,174.53
18.927108,72.849636,19.122151,72.892074,1,22.14,85.1,8,5,0,758.6
19.071701,72.99964,19.058257,72.845366,1,16.28,45.9,1,0,0,479.92
19.046928,72.83453,19.219216,72.965596,1,23.59,70.0,15,1,0,592.42
19.051638,72.812293,19.042302,72.822699,4,1.51,4.1,0,0,0,41.2
19.075136,72.861288,19.033578,72.834948,1,5.39,15.7,15,3,0,131.87
19.050897,72.887997,19.078375,72.818165,2,7.95,22.2,6,4,0,184.94
18.943244,72.828646,19.208756,72.979262,1,33.5,151.3,8,0,0,1406.51
18.956636,72.836384,19.087886,72.97949,1,20.96,90.4,9,6,0,827.68
18.946003,72.806414,19.048248,72.861693,1,12.77,31.4,2,5,0,316.71
18.926716,72.842689,19.106198,72.878841,2,20.32,57.2,23,4,0,592.72
19.070431,72.864112,19.12309,72.898703,3,6.89,20.0,2,5,1,245.54
19.052934,72.854409,18.942997,72.820504,2,12.73,38.9,16,4,0,337.79
19.070524,72.847502,18.923541,72.844564,1,16.35,47.4,4,5,1,577.08
19.144135,72.925764,19.212658,72.998038,1,10.76,27.1,22,4,0,226.34
19.078519,72.855834,19.063307,72.88118,1,3.16,8.6,5,2,1,93.61
18.954607,72.848583,18.929294,72.828697,1,3.51,11.3,12,6,0,97.75
19.118587,72.830175,18.963037,72.836973,1,17.31,47.1,3,2,0,488.85
19.024588,72.867377,19.030863,72.834855,1,3.49,8.9,5,2,0,92.05
19.090671,73.009116,18.93411,72.836834,1,25.12,91.6,19,0,2,1050.68
19.001118,72.855855,19.200588,72.968027,1,25.12,80.4,15,2,0,688.65
19.04398,72.821572,18.957563,72.825095,1,9.62,26.9,13,5,0,218.26
19.107644,72.862181,19.001348,72.840337,1,12.04,40.9,13,4,0,368.64
19.077214,72.875736,19.202345,72.996639,2,18.84,60.7,14,0,1,605.26
18.951025,72.819947,19.049902,72.82689,1,11.02,30.5,22,2,0,253.16
19.133036,72.894849,19.051051,72.873285,1,9.39,42.1,18,3,0,394.22
19.010739,72.828188,19.209794,72.977601,1,27.14,98.3,11,3,0,858.85
19.094387,72.999075,19.086676,73.011379,1,1.55,5.1,16,5,0,51.34
19.060861,72.816828,19.201745,72.989935,1,24.0,96.2,17,3,0,861.45
19.145995,72.90178,19.065013,72.835588,1,11.38,50.3,18,5,0,475.94
18.942136,72.817341,19.215421,72.976849,3,34.7,142.3,10,5,0,1281.25
19.136224,72.862412,19.091868,72.864306,2,4.94,12.5,0,4,0,121.69
18.934964,72.83335,19.133678,72.849803,1,22.16,71.0,16,6,0,600.96
19.05857,72.848344,19.006525,72.848357,2,5.79,16.0,3,1,0,164.4
19.206683,72.989752,19.211803,72.990748,1,0.58,1.5,0,4,0,28.98
19.021523,72.841116,19.074536,72.873661,2,6.82,25.4,10,3,0,232.61
19.073869,72.859108,19.124631,72.920042,1,8.54,23.7,3,4,0,252.8
19.210123,72.99057,19.122892,72.923552,1,11.98,34.9,4,4,2,474.2
18.923613,72.825755,19.0775,72.996824,1,24.82,90.4,19,5,2,1037.28
18.951721,72.803979,19.127059,72.901126,1,22.01,69.7,6,0,0,596.13
19.072677,72.993357,19.022923,72.852554,4,15.8,45.3,16,0,0,383.54
18.930094,72.815347,18.946737,72.851816,2,4.26,16.6,10,3,0,154.4
19.105564,72.852555,19.19874,72.990814,2,17.84,47.2,4,3,0,480.91
19.076958,72.854939,19.097616,72.846722,4,2.45,10.2,10,2,0,93.1
19.05318,72.838818,19.014576,72.841741,1,4.3,18.3,8,2,0,167.24
18.924103,72.8135,19.068195,72.828277,4,16.1,49.6,15,4,1,479.95
19.079351,72.86681,18.948525,72.818949,2,15.39,54.7,20,4,1,556.28
19.023812,72.850089,19.015121,72.844298,1,1.14,3.8,7,6,0,46.9
18.925686,72.816267,19.128638,72.837191,3,22.67,66.8,0,1,0,702.3
18.947723,72.838194,18.921668,72.827095,3,3.12,13.7,20,0,0,126.39
19.088374,72.854081,18.952702,72.81467,1,15.64,63.6,10,1,0,576.36
19.069815,72.884725,19.129747,72.833081,1,8.59,22.7,1,6,0,231.29
18.954811,72.853069,19.079908,72.854919,1,13.91,38.6,5,0,0,402.23
19.056926,72.85131,19.136858,72.83785,1,9.0,25.9,16,3,0,221.62
19.067225,72.827787,19.133622,72.9007,2,10.64,26.5,2,1,0,276.76
19.104388,72.872323,18.956695,72.811962,1,17.61,71.6,20,1,0,645.58
19.04412,72.835339,19.021835,72.855442,1,3.26,15.0,11,2,0,145.68
18.925167,72.838427,18.953017,72.811918,1,4.17,11.0,5,1,2,146.7
19.07482,72.87314,19.071791,72.882329,1,1.02,3.2,7,6,0,35.0
19.116825,72.900753,19.066188,72.990794,1,11.01,36.9,14,6,0,314.71
19.093641,72.861782,19.035709,72.841316,1,6.79,30.5,8,1,0,282.89
19.138199,72.917276,19.072881,72.854833,1,9.79,24.7,3,3,0,250.17
19.059561,73.012746,19.075881,72.991517,1,2.88,7.9,1,0,0,82.83
18.922911,72.82485,19.112059,72.843595,1,21.12,60.4,13,2,1,588.72
19.090503,72.98918,19.079298,72.998977,1,1.62,4.2,3,2,0,44.68
18.936244,72.816156,19.200599,72.977894,1,33.96,127.2,8,6,0,1133.04
19.141501,72.904824,19.076878,72.879144,1,7.68,27.6,17,3,0,240.29
18.92739,72.821783,18.932211,72.851717,1,3.19,9.4,23,5,1,119.31
19.025096,72.83176,19.006112,72.855632,1,3.28,10.6,14,0,0,88.74
19.061229,73.016967,19.07018,72.865609,1,15.94,62.0,17,1,0,559.44
19.071094,72.856986,18.934997,72.81353,1,15.81,50.1,16,4,0,427.67
19.069844,72.85376,19.076482,73.014622,2,16.92,76.0,19,0,1,802.87
18.954372,72.840766,19.064433,72.997828,3,20.55,55.9,5,3,0,581.1
19.072264,72.832399,19.045445,72.817874,1,3.35,9.5,2,5,0,103.29
19.119588,72.914992,19.11127,72.919346,2,1.03,2.6,22,3,0,28.47
18.931437,72.852879,19.041331,72.840317,1,12.29,52.0,9,6,0,477.0
19.129415,72.894826,19.092449,72.866297,2,5.09,16.9,14,0,0,148.3
19.070043,72.984552,19.076012,72.82813,1,16.45,69.1,19,2,0,634.21
19.106036,72.859786,19.064753,72.981807,2,13.62,53.9,11,6,0,489.43
19.05445,72.87417,19.113226,72.889147,4,6.72,17.4,4,6,0,186.17
19.065864,72.877705,19.10728,72.851055,1,5.39,16.8,15,6,0,134.18
19.082737,72.888564,19.105686,72.844126,1,5.32,15.1,2,5,0,164.74
19.119289,72.89152,19.063135,72.997054,4,12.73,36.5,15,1,0,301.09
19.014274,72.867222,18.937123,72.838239,1,9.1,22.5,5,6,0,224.65
19.074353,72.995044,19.06995,72.849301,1,15.32,65.7,17,3,0,604.61
19.110635,72.848665,19.047499,72.857134,1,7.08,32.0,9,3,0,300.87
19.032868,72.866893,19.082184,72.856139,1,5.6,20.2,10,0,0,176.18
19.104369,72.872977,19.125361,72.921348,2,5.59,18.7,6,6,1,177.5
18.956043,72.851042,19.211055,72.975526,1,31.23,111.3,21,1,0,976.76
19.044496,72.81519,19.125353,72.841322,2,9.4,25.1,1,1,1,296.92
19.065354,72.845837,19.209555,72.989095,1,21.99,82.5,9,4,0,722.66
19.060954,72.867351,18.944558,72.828762,2,13.56,37.4,4,2,0,379.09
19.056769,72.832816,19.08155,73.013221,2,19.16,54.0,15,1,0,450.7
19.014525,72.861787,19.235307,72.96024,1,26.64,72.9,1,3,1,869.57
19.074379,72.863538,19.073187,72.815447,1,5.06,14.3,22,1,0,116.47
19.071879,72.853121,19.060386,72.830701,2,2.68,7.9,3,6,0,84.81
18.933426,72.853039,19.102949,72.875154,1,18.99,59.1,6,4,1,579.64
19.014618,72.84328,19.078433,72.870086,2,7.63,21.6,6,0,0,164.35
19.136312,72.92481,19.092378,72.984179,1,7.92,29.5,11,6,0,255.41
19.119995,72.910411,19.136582,72.859216,2,5.69,15.6,6,6,0,132.63
19.003154,72.84684,19.015163,72.854518,1,1.56,5.6,20,2,0,49.95
19.07609,72.853697,19.024512,72.848153,2,5.76,14.5,4,5,0,152.88
19.092452,72.849213,19.054296,72.813241,2,5.68,15.4,4,4,0,158.26
19.064636,73.001346,19.065085,72.827099,2,18.31,76.7,17,0,1,796.36
19.072801,72.847581,18.93275,72.843379,3,15.58,42.8,7,5,0,358.51
19.084797,73.014398,18.96116,72.812579,1,25.28,106.7,8,0,0,976.78
19.138046,72.927325,19.228932,72.975337,4,11.29,31.1,4,0,0,327.52
19.090684,72.858748,19.077594,73.001711,1,15.09,48.5,16,5,0,418.17
19.041923,72.844796,19.215198,72.965936,2,23.09,66.3,6,6,0,554.64
18.950312,72.850806,19.074034,72.983615,2,19.6,80.4,19,1,0,729.3
19.116497,72.86478,19.089908,72.878547,1,3.29,9.5,1,1,0,104.22
19.131816,72.858794,19.054722,72.827193,3,9.19,29.1,15,2,0,246.78
18.945937,72.845792,19.218425,72.9963,1,34.18,105.2,15,0,2,1167.37
19.210363,72.972236,19.10845,72.836006,1,18.25,79.3,21,0,1,836.48
18.948279,72.82207,19.099423,72.859337,3,17.26,50.8,7,6,0,430.56
19.075369,72.857759,19.00374,72.847682,1,8.03,36.8,17,0,0,346.58
19.022255,72.839063,19.02212,72.861607,3,2.37,6.6,12,6,1,64.76
19.044848,72.8354,19.208602,72.98203,3,23.85,72.7,13,2,1,708.04
19.122541,72.919916,19.002572,72.846602,1,15.41,37.9,23,1,1,442.91
19.105795,72.839215,19.081402,73.014548,2,18.62,47.5,22,5,0,393.66
19.081949,72.870247,19.097035,73.013636,1,15.16,50.9,16,2,0,436.07
19.094375,72.982917,19.117464,72.830055,3,16.27,46.4,4,2,0,483.02
19.064804,72.809796,19.075528,72.84858,2,4.25,13.1,14,1,0,112.07
19.060088,72.882237,18.93413,72.840627,1,14.67,41.9,12,0,0,363.17
19.032792,72.851552,19.082648,72.858536,1,5.59,25.4,8,0,0,251.64
19.130575,72.927759,19.104659,72.863911,2,7.3,21.2,5,4,0,217.82
19.100189,72.857635,19.04791,72.827964,1,6.6,24.1,17,6,0,212.9
19.068448,73.018332,19.099856,72.871246,3,15.85,69.4,9,0,0,631.93
19.127367,72.851089,18.926845,72.815361,1,22.61,96.1,17,6,0,881.61
18.949763,72.842702,19.234056,72.986386,4,35.03,99.8,12,6,0,834.12
18.934778,72.840475,19.200019,72.972598,2,32.6,95.6,12,1,0,794.09
19.077672,72.883381,18.939229,72.839911,1,16.06,45.2,7,1,0,384.38
19.1384,72.896048,18.935294,72.818242,1,24.02,89.5,8,1,0,782.39
19.080425,72.992259,19.220724,72.974051,4,15.72,40.4,5,3,0,409.57
19.034555,72.861644,19.012483,72.846018,3,2.95,10.6,8,2,0,94.39
19.110863,72.916689,19.093754,73.008532,3,9.84,33.5,13,3,0,288.47
19.062956,72.847642,18.947909,72.82213,1,13.07,59.4,11,2,0,551.29
18.952029,72.826773,19.138275,72.912205,3,22.57,92.1,17,2,0,835.87
18.94516,72.828697,19.118064,72.913441,1,21.19,76.4,11,3,0,669.64
19.121954,72.900513,19.221692,72.997847,1,15.08,38.2,3,1,0,389.72
19.074664,72.823108,19.068973,72.99986,1,18.59,73.7,10,6,0,662.36
19.107252,72.837433,19.07877,72.868747,1,4.57,17.8,9,2,1,178.59
18.947312,72.831564,19.006021,72.852188,2,6.88,22.0,15,5,0,196.51
19.145157,72.910218,19.066626,72.810636,1,13.63,37.6,23,4,0,391.2
19.092103,72.885453,19.079928,72.884314,3,1.36,3.9,12,1,0,28.0
18.924038,72.841066,19.139334,72.858822,1,24.01,72.7,14,6,0,616.62
18.930241,72.813725,19.082779,72.85948,1,17.63,48.7,23,5,0,500.24
19.207032,72.984402,19.017955,72.86753,1,24.35,104.8,9,5,0,962.55
19.120861,72.83745,19.080251,73.018567,2,19.56,85.2,17,6,0,789.22
19.024894,72.848667,19.042889,72.809507,1,4.58,14.6,15,2,0,122.33
19.131762,72.891433,19.007698,72.861319,1,14.15,51.9,18,1,1,527.58
18.951866,72.834761,19.11306,72.898638,1,19.14,80.2,8,6,0,721.41
18.96305,72.808206,18.925613,72.820796,1,4.37,19.9,10,1,0,181.66
19.004718,72.841758,19.072161,72.991774,1,17.46,44.2,5,5,0,446.7
19.123611,72.924212,19.202328,72.975736,1,10.29,46.9,19,6,0,436.5
19.097412,72.866422,19.089309,72.884382,2,2.09,7.7,19,0,0,63.76
19.237981,72.96342,18.962963,72.821904,2,34.0,141.9,11,4,0,1295.09
19.11165,72.916344,19.075795,72.830211,2,9.89,25.3,2,6,0,260.35
19.058917,72.825574,19.027195,72.853542,1,4.59,19.8,18,0,0,174.79
19.111456,72.828539,18.931189,72.835039,1,20.06,90.1,19,4,0,834.2
19.082182,73.014134,18.946434,72.826169,1,24.87,71.8,6,0,0,598.61
19.044406,72.838349,19.107072,72.925468,1,11.51,44.3,18,1,0,396.01
19.142716,72.919442,19.223005,72.969915,4,10.38,29.6,15,1,0,236.59
18.921228,72.837964,19.100323,72.883803,3,20.49,60.2,4,0,1,731.21
18.954755,72.813712,19.103627,72.854879,1,17.11,51.9,15,6,0,451.14
19.018365,72.838014,19.144509,72.891224,2,15.1,45.2,3,0,0,466.95
19.047428,72.884135,19.075202,72.856311,1,4.25,11.4,4,3,0,121.63
19.205124,72.973765,19.134505,72.915133,1,9.98,42.3,9,0,1,449.84
19.029972,72.855315,19.223579,72.98849,1,25.67,63.2,1,1,0,643.02
19.086712,72.876249,19.054019,72.826701,1,6.35,21.4,13,6,0,200.41
19.016198,72.856739,18.954609,72.851318,1,6.87,28.2,9,5,0,256.99
19.075728,72.882411,19.139718,72.916844,2,7.98,35.8,11,1,0,339.97
19.071243,72.862112,19.02189,72.840357,2,5.95,17.4,13,3,1,170.65
19.107672,72.867577,19.104599,72.875062,1,0.86,2.3,3,3,0,36.07
19.077531,72.87132,19.022071,72.849867,1,6.57,18.7,4,5,1,222.55
19.072885,72.850506,19.015383,72.839182,1,6.5,16.7,4,3,0,172.41
18.99855,72.828665,19.064133,72.875915,4,8.82,23.1,4,3,0,244.42
18.925394,72.839168,19.109559,72.858692,1,20.58,60.5,15,3,0,509.28
19.059805,72.875454,19.122298,72.910583,2,7.87,25.0,7,0,0,213.75
18.920275,72.836825,19.041865,72.834268,2,13.52,37.7,3,6,2,522.84
19.217915,72.987422,19.097092,72.983679,2,13.44,59.5,11,4,1,634.14
19.118245,72.9105,19.06742,72.887935,1,6.13,16.7,0,4,0,170.29
19.12661,72.829914,19.086229,72.878455,2,6.8,19.9,1,3,1,237.14
19.216239,72.997896,19.125494,72.853341,2,18.23,46.7,5,5,0,478.22
18.950514,72.820296,18.942339,72.83533,1,1.82,5.0,6,6,0,42.7
19.131927,72.852684,18.952145,72.837614,1,20.05,50.2,22,5,0,406.03
19.095801,73.005727,19.123776,72.923915,1,9.14,27.2,14,5,0,223.76
19.106416,72.919699,18.9414,72.816227,2,21.33,61.0,15,4,0,515.86
19.117821,72.835679,19.072704,73.00034,3,18.01,57.0,7,3,1,553.01
19.07042,72.991792,19.212503,72.958489,1,16.18,61.8,17,6,0,540.71
19.132622,72.856087,19.000493,72.829531,2,14.95,64.8,9,4,0,586.79
19.024814,72.865668,19.04602,72.837393,3,3.79,10.0,0,5,1,119.79
19.220495,72.980881,19.065357,72.876184,3,20.46,69.2,6,6,0,589.94
19.02041,72.840707,19.111608,72.84186,3,10.14,30.2,23,0,0,318.92
18.94087,72.827754,19.060889,72.987666,3,21.47,84.0,11,2,0,758.19
19.060445,72.81409,19.046164,72.825189,2,1.97,7.4,20,3,0,61.54
19.099756,72.828558,19.075782,72.815545,1,3.0,9.2,12,6,0,74.19
19.041855,72.816957,18.923996,72.847244,1,13.49,58.2,9,3,1,608.57
18.931572,72.842188,18.936639,72.833677,2,1.06,2.9,1,3,1,44.2
19.226044,72.997824,18.948678,72.822761,1,35.91,120.2,13,6,0,1041.99
19.079051,72.817421,19.032162,72.839433,1,5.7,22.1,20,4,0,194.16
19.099819,72.858698,19.074615,72.815074,1,5.37,19.1,20,1,0,169.64
19.066293,72.817008,19.013127,72.829658,2,6.06,20.0,15,0,0,161.94
19.066419,72.847777,19.021569,72.867514,3,5.4,23.3,9,1,1,255.78
19.071048,72.817958,19.138825,72.861314,1,8.81,40.1,20,3,0,381.86
19.083573,72.868681,18.949666,72.84005,1,15.19,56.4,9,4,0,496.83
19.075706,72.886193,18.946478,72.838811,1,15.21,49.3,15,2,0,422.96
19.110358,72.865337,19.080738,72.851614,1,3.6,13.5,18,6,1,131.84
18.939425,72.839034,18.957762,72.806522,3,3.98,11.1,3,5,0,116.21
19.053499,72.82977,19.063881,72.828826,3,1.16,3.3,7,2,1,46.44
19.13744,72.927111,19.079814,73.003249,1,10.25,28.9,7,0,0,250.6
19.060981,73.016497,19.059407,72.866569,1,15.76,46.4,1,2,0,482.26
19.121116,72.842079,19.057104,73.015438,2,19.56,51.8,3,6,0,536.42
19.058739,72.868333,19.139099,72.889341,2,9.2,30.0,13,0,0,255.02
19.068667,73.006585,18.939528,72.844554,1,22.28,89.7,17,1,0,803.74
19.228677,72.970639,19.000841,72.850332,1,28.31,123.7,8,3,0,1138.76
19.07675,72.828344,19.077576,72.847218,2,1.99,5.1,2,6,1,59.13
19.068876,72.983655,19.093487,72.879409,1,11.29,41.9,8,0,0,367.01
18.930959,72.816379,19.048832,72.817731,1,13.11,36.0,2,5,0,380.31
19.033681,72.863275,19.030877,72.845308,1,1.91,5.7,1,0,0,60.27
19.055277,72.863827,19.017327,72.836249,1,5.12,16.2,6,0,0,132.91
18.945718,72.822278,19.057334,72.809846,2,12.48,38.3,12,5,1,373.02
19.232744,72.992691,19.226701,72.967923,1,2.69,8.1,16,3,0,69.27
19.024044,72.833254,19.100505,72.844303,4,8.58,33.7,21,4,0,296.59
19.065359,73.00451,19.208909,72.960855,2,16.61,63.6,9,3,0,563.81
19.030823,72.840637,19.212929,72.972672,2,24.54,94.4,9,1,0,836.89
18.940693,72.839397,19.107865,72.923191,2,20.57,58.7,13,1,0,489.89
19.085816,72.985474,19.13157,72.914928,1,8.99,22.6,22,3,0,180.56
19.063054,72.817085,19.226743,72.986608,1,25.46,74.0,3,4,0,783.57
19.109896,72.904459,19.033338,72.829975,2,11.56,48.0,8,6,1,505.36
19.080859,72.856538,19.089804,72.875352,1,2.21,7.1,7,1,0,60.47
19.134058,72.888106,18.953901,72.81384,2,21.5,65.3,13,6,0,544.77
19.230721,72.960683,19.23058,72.97479,1,1.48,6.6,21,1,1,75.27
18.929082,72.831601,19.020886,72.833798,1,10.21,26.8,1,0,0,268.93
18.954346,72.84319,18.933249,72.824019,1,3.09,12.0,9,5,1,126.71
19.096413,72.846826,19.098449,72.88441,2,3.96,14.1,11,3,0,126.0
19.117453,72.900168,19.08574,72.998433,3,10.91,30.5,23,3,0,318.47
19.084279,72.862418,18.956477,72.838426,1,14.43,56.0,8,6,0,499.23
19.108423,72.859155,19.075793,72.878188,1,4.14,18.9,10,4,1,187.1
19.032123,72.834046,19.027533,72.829004,1,0.74,2.0,3,3,0,51.37
19.081191,72.865027,19.070911,72.88365,1,2.27,6.4,7,4,0,59.03
19.061273,73.00202,18.930756,72.813843,3,24.54,78.5,13,2,1,776.78
19.104165,72.870195,19.078066,73.006034,1,14.57,38.2,1,1,0,390.59
19.111678,72.924327,18.932236,72.817056,1,22.92,93.3,10,1,0,839.58
19.093522,72.848072,19.060982,72.984153,1,14.75,41.0,1,3,0,422.88
19.14334,72.919601,19.092749,73.010651,1,11.1,30.7,3,0,0,318.69
18.944272,72.810313,18.946576,72.821664,2,1.22,3.1,23,6,0,32.36
18.937858,72.828754,18.935969,72.848285,2,2.06,7.7,18,2,0,70.22
18.935498,72.823191,19.086019,73.010109,1,25.81,63.7,1,6,0,649.67
19.097238,72.875191,19.040455,72.810944,4,9.24,35.7,10,4,0,319.38
19.105585,72.854296,18.958452,72.833269,2,16.51,47.2,5,0,0,486.76
19.068308,72.980363,19.106101,72.846169,2,14.71,46.5,15,1,1,450.84
19.131288,72.910292,19.020033,72.864059,1,13.29,58.3,17,3,0,534.83
19.047533,72.817448,19.083181,73.009622,1,20.58,76.8,20,2,0,674.27
19.115628,72.917236,19.076215,72.862299,1,7.25,26.8,18,2,0,246.48
19.099991,72.88473,19.131032,72.905929,1,4.11,12.5,14,4,0,106.16
19.083686,72.865434,19.016801,72.856037,3,7.5,27.5,17,4,0,231.28
18.92148,72.842796,19.082468,72.876031,2,18.24,57.5,14,5,0,496.54
19.03968,72.841255,19.138187,72.835135,2,10.97,28.9,0,5,0,288.67
19.135225,72.894991,18.932082,72.825849,4,23.73,68.7,5,2,0,721.69
19.030173,72.835187,19.108557,72.841523,3,8.74,36.7,20,3,1,384.28
19.07504,72.87564,18.920641,72.818642,1,18.18,69.9,17,4,0,629.9
18.954312,72.820273,19.003467,72.840754,1,5.87,19.4,12,0,0,168.72
19.144949,72.888272,19.13576,72.921142,1,3.6,9.6,23,3,0,95.07
19.080826,73.002954,18.923379,72.845078,1,24.12,88.9,20,3,0,785.65
19.064522,72.82707,19.025424,72.832259,1,4.38,11.0,22,6,1,109.41
19.092053,72.855193,19.106659,72.84784,2,1.8,4.9,5,4,0,49.9
19.044536,72.837878,19.125503,72.901483,3,11.21,46.2,20,1,0,421.53
19.057725,72.859122,18.950087,72.83428,3,12.25,54.3,21,1,0,497.21
19.078837,72.857221,18.940623,72.806472,2,16.27,42.3,3,1,1,501.73
19.054906,72.81474,19.117304,72.838112,1,7.36,20.2,12,0,0,164.16
19.077781,72.999592,19.096584,72.983381,1,2.7,11.6,10,4,0,102.1
19.063045,72.865931,19.126823,72.846088,1,7.39,33.1,19,5,0,306.25
19.089757,72.881788,19.075192,72.993703,1,11.87,50.0,18,1,0,454.84
18.939587,72.850213,19.224921,72.978107,1,34.46,140.8,19,1,1,1465.78
19.084144,72.999347,19.068412,72.853772,1,15.4,51.8,16,3,0,448.32
19.091014,73.012136,19.026548,72.835612,1,19.89,88.1,9,4,0,807.64
19.084049,72.872276,19.206284,72.989374,1,18.33,56.4,14,6,2,616.5
19.002278,72.837387,19.007035,72.836736,2,0.53,1.4,22,2,1,29.34
19.054499,72.883659,19.078242,72.828525,1,6.37,27.3,21,4,0,249.56
19.082842,72.847908,19.059039,72.88511,2,4.72,14.4,14,3,0,126.04
18.997857,72.840875,19.082474,72.888508,1,10.66,35.4,14,3,1,349.03
19.131335,72.906741,19.066718,72.834277,1,10.47,40.0,20,2,0,354.64
18.947293,72.820309,19.089168,72.98807,1,23.66,66.7,5,0,0,695.14
19.109322,72.880293,19.086387,72.990611,4,11.87,34.7,12,0,0,288.94
19.06227,72.873776,19.048434,72.825814,1,5.27,16.6,7,5,0,150.05
19.046202,72.860096,19.129443,72.846022,1,9.37,35.8,19,3,1,365.9
19.035183,72.845993,19.035917,72.85653,2,1.11,4.8,8,1,0,48.85
18.93666,72.833719,19.083032,72.989658,1,23.1,67.8,7,3,1,660.48
19.004986,72.843776,19.096626,72.98643,1,18.13,49.3,23,4,0,518.97
18.936388,72.817109,18.959771,72.822796,2,2.67,6.6,1,0,0,72.5
19.133208,72.864101,18.934273,72.830374,1,22.4,103.8,10,2,0,971.8
19.069001,72.986665,19.02466,72.850583,2,15.13,41.1,2,4,0,426.67
19.130907,72.913755,19.013805,72.860058,1,14.19,43.4,16,3,0,367.35
19.130545,72.91353,19.074506,72.883406,2,6.99,17.4,2,2,0,180.44
19.079429,72.84083,19.106486,72.8722,1,4.46,18.7,9,0,0,169.11
18.934954,72.808165,19.023685,72.841808,4,10.48,28.5,3,2,0,291.68
18.927662,72.838433,19.125758,72.834204,2,22.03,55.6,3,5,0,568.84
19.057811,72.874995,18.944242,72.838938,1,13.19,35.9,0,3,0,368.41
19.062763,72.98502,19.122783,72.835443,1,17.08,44.5,2,6,0,454.39
18.953282,72.837437,19.084108,72.871733,2,14.99,64.8,21,1,0,597.58
18.942973,72.805445,19.050935,72.844427,1,12.69,50.1,20,6,0,446.57
19.068889,72.873826,19.202471,72.96859,2,17.88,50.8,15,2,0,425.27
19.033884,72.849876,19.113318,72.837766,2,8.92,38.6,17,1,0,351.77
18.950794,72.817889,18.940691,72.835764,1,2.19,8.3,9,6,0,74.13
19.22413,72.99366,19.076206,72.810133,1,25.34,66.7,22,0,0,545.66
19.099814,72.855961,19.055361,72.88325,2,5.71,22.5,20,2,1,234.7
19.210543,72.974591,19.081678,72.859273,1,18.76,57.2,16,6,0,492.25
18.948482,72.827351,19.104824,72.85922,4,17.7,49.1,5,2,0,512.33
18.942962,72.833977,18.925104,72.850182,1,2.62,10.1,18,4,2,112.82
18.92696,72.809988,19.017257,72.866687,2,11.68,31.1,1,4,1,373.94
18.942433,72.821667,19.095352,73.004502,4,25.66,76.2,3,2,0,810.04
18.944691,72.822363,19.224625,72.971465,1,34.85,98.7,16,5,0,824.13
19.085707,72.879111,19.132726,72.913355,1,6.35,23.5,21,3,2,274.03
18.931389,72.813891,18.925967,72.825076,2,1.32,3.8,5,4,0,43.55
18.922979,72.837733,18.960371,72.803833,1,5.48,24.5,21,4,2,287.43
18.925482,72.834598,19.072505,72.847501,2,16.4,46.6,22,6,0,389.82
19.022746,72.839142,19.121623,72.893385,2,12.38,36.7,23,5,0,390.48
19.122011,72.845503,19.040007,72.822139,1,9.44,41.3,19,4,0,382.73
18.932574,72.81836,18.950374,72.849945,1,3.87,16.7,21,6,1,169.08
18.94201,72.840755,19.140687,72.896399,2,22.85,94.6,8,5,0,855.31
19.129711,72.851729,18.927757,72.835343,2,22.52,62.0,3,2,0,643.85
19.114174,72.91577,19.103782,72.838155,1,8.24,33.1,17,4,1,338.64
19.117302,72.859897,19.02584,72.853552,1,10.19,32.8,6,6,0,284.52
18.948666,72.818862,19.235325,72.978693,1,36.03,107.7,7,2,1,1042.08
19.100958,72.839299,19.059561,72.834272,2,4.63,13.7,2,0,1,168.41
19.128171,72.835434,19.220582,72.996244,1,19.77,80.3,11,0,0,727.5
19.085424,72.865047,19.10827,72.901747,2,4.62,12.5,3,6,0,131.94
19.120139,72.840973,19.068118,72.873641,1,6.73,21.2,14,6,0,184.97
18.939073,72.812944,19.204914,72.997807,1,35.37,114.1,6,5,0,976.8
19.069459,72.885467,19.071192,72.866658,2,1.99,5.7,2,3,2,68.83
19.073324,72.857031,19.094094,72.85784,1,2.31,6.4,3,6,0,67.83
19.229804,72.986296,18.962793,72.833943,3,33.73,139.0,19,1,0,1254.85
19.110741,72.894922,19.080174,72.882775,2,3.63,10.3,7,3,0,93.97
19.096076,72.851651,18.954826,72.819667,1,16.06,59.3,11,1,1,599.44
19.120459,72.863686,19.074971,72.983099,2,13.53,37.6,16,1,2,407.78
19.102366,72.840432,19.072467,72.812063,1,4.47,19.0,21,5,0,174.61
19.004107,72.849039,19.223869,72.963354,1,27.23,108.5,10,0,0,984.46
19.068653,72.839517,18.937923,72.825731,3,14.61,42.3,0,2,0,452.4
18.926955,72.825667,19.130784,72.850398,1,22.81,97.1,20,4,0,886.76
18.960169,72.826251,18.951624,72.810687,4,1.89,5.2,13,1,0,39.66
19.131987,72.865451,18.926185,72.815559,1,23.48,67.4,12,5,0,568.49
19.06063,72.814685,19.073995,72.875731,1,6.59,18.0,5,6,0,187.97
18.950837,72.833677,19.106618,72.847235,2,17.38,45.5,3,2,0,472.18
19.063035,72.999362,19.09388,72.982241,2,3.87,11.5,2,6,0,117.03
19.126476,72.921509,18.9246,72.823707,1,24.69,68.7,16,0,0,568.97
19.135916,72.826471,19.120042,72.826519,1,1.77,4.8,12,0,0,42.91
19.123388,72.86458,19.050151,72.819711,2,9.41,24.6,23,1,0,254.92
19.100845,72.872141,19.056561,72.863994,2,5.0,19.3,9,6,0,166.52
19.043208,72.83946,18.935213,72.836315,1,12.01,35.2,3,1,0,384.31
18.936821,72.822621,18.95853,72.835755,1,2.78,7.5,1,1,0,81.69
19.10717,72.85713,18.998286,72.834759,2,12.33,36.5,7,0,0,311.54
19.073137,73.009685,18.926369,72.827284,1,25.18,82.3,7,0,1,821.6
19.074783,72.840282,19.136896,72.861999,3,7.27,20.7,7,6,0,172.45
19.084672,72.996188,19.079138,72.850777,1,15.29,66.1,20,2,0,610.01
19.139256,72.836961,19.019653,72.849876,3,13.37,58.6,8,2,0,535.14
19.040833,72.842565,18.937912,72.834268,3,11.48,29.5,2,6,0,296.81
19.115514,72.893436,18.946166,72.803623,3,21.06,57.5,0,6,0,602.18
19.072054,72.822355,19.122234,72.892962,1,9.28,36.6,19,5,0,336.34
19.011754,72.855763,19.070759,72.821427,1,7.49,21.4,2,2,2,289.26
19.077848,73.004832,19.116746,72.916861,1,10.21,39.6,21,5,0,353.13
19.104768,72.869356,19.104958,72.845961,1,2.46,8.0,15,1,0,68.14
19.13932,72.924292,19.13042,72.893656,1,3.37,8.5,23,4,0,89.24
19.094873,73.000992,19.065897,72.881363,4,12.98,51.4,20,3,0,454.11
18.930714,72.82571,19.04276,72.846702,1,12.65,31.1,2,3,0,322.63
19.073045,72.838719,18.960323,72.807685,2,12.95,51.0,8,3,0,458.41
19.013411,72.829191,18.935046,72.806079,1,9.05,26.9,6,3,0,222.08
18.94944,72.828794,19.084638,72.883533,2,16.1,39.9,0,1,0,405.98
19.205613,72.963046,19.112053,72.920874,2,11.31,41.9,8,6,1,421.26
19.070939,72.873394,18.943998,72.852369,1,14.29,55.7,20,6,2,637.78
19.091142,72.98146,18.938698,72.815989,1,24.29,82.5,12,1,0,709.3
19.115307,72.841746,18.949967,72.835868,1,18.4,45.2,0,2,1,528.49
19.084226,72.882453,19.084641,72.882937,1,1.78,7.0,17,2,0,61.79
19.071183,72.835404,19.145467,72.898056,1,10.56,26.1,22,3,0,213.74
18.932471,72.818437,18.925534,72.829156,1,1.37,4.0,2,2,0,49.96
19.026169,72.848761,18.94769,72.824851,1,9.08,25.9,1,0,0,266.41
19.077718,73.017407,19.007824,72.846284,2,19.59,60.4,12,2,0,513.29
19.063213,72.99311,19.10603,72.883517,1,12.46,42.0,16,6,0,362.85
19.237412,72.972754,19.226311,72.965922,2,1.43,3.6,5,5,1,47.64
19.1258,72.913517,19.134413,72.900057,2,1.71,4.5,0,6,0,54.94
19.141375,72.89254,19.135469,72.897339,2,0.83,2.5,7,3,0,40.02
19.078,72.882833,19.08085,72.991898,1,11.47,33.7,15,4,0,275.22
18.929508,72.826784,19.080827,72.852857,1,17.05,66.1,19,2,0,588.26
19.033218,72.844654,19.121536,72.866142,1,10.08,46.0,11,1,0,432.94
19.106296,72.83184,19.111006,72.86355,3,3.37,9.8,22,2,0,79.53
19.101383,72.844607,18.959468,72.826811,2,15.89,45.3,3,2,0,472.57
18.952074,72.81827,19.07098,72.874403,2,14.48,39.7,4,2,2,527.85
19.053659,72.879973,19.063326,73.001792,2,12.85,34.7,0,3,0,353.79
19.007706,72.859113,18.930307,72.828416,1,9.19,26.4,12,0,0,222.76
18.927401,72.818085,19.222393,72.984606,1,37.18,147.8,21,2,0,1325.71
19.078518,73.018423,19.137661,72.854551,2,18.43,59.7,7,1,0,513.26
19.102518,72.855616,19.046618,72.82795,1,6.86,18.2,2,6,0,190.68
19.014391,72.865237,19.049206,72.875998,1,4.03,18.0,19,0,0,170.26
19.069705,72.866479,19.114822,72.90858,1,6.69,18.9,23,4,0,198.2
19.046367,72.847694,19.139336,72.857775,2,10.39,28.7,7,3,2,311.18
19.017069,72.836149,19.137515,72.827191,1,13.43,50.1,21,5,0,442.1
19.0772,73.009309,19.054185,72.86383,4,15.5,40.6,0,1,0,420.54
19.015934,72.848765,19.085453,72.881736,1,8.47,24.7,2,5,0,252.21
19.213973,72.975987,19.073498,72.810583,1,23.36,59.9,2,6,0,609.93
19.113512,72.858042,19.089688,73.001317,2,15.29,43.1,12,0,0,351.99
19.115976,72.835896,19.081688,72.856492,1,4.38,14.4,7,5,1,140.75
19.074992,72.838064,19.134392,72.865193,1,7.19,27.5,10,4,0,245.58
19.099882,72.860887,19.126822,72.901503,1,5.21,17.4,16,5,0,155.39
19.228734,72.968406,19.210928,72.9948,2,3.41,10.1,22,4,1,103.92
19.222821,72.970273,18.928867,72.853178,2,34.93,89.3,3,3,1,1042.07
19.035575,72.855458,19.087201,73.012799,1,17.5,49.9,23,4,0,524.08
19.049866,72.858013,19.123545,72.836366,1,8.5,37.9,20,6,0,351.45
18.937882,72.835894,19.120857,72.906965,2,21.67,58.6,0,2,0,602.26
19.129947,72.893985,18.946797,72.848786,1,20.91,59.0,23,3,1,709.88
19.203059,72.984082,19.094201,73.015487,2,12.55,35.2,0,1,0,372.97
18.939468,72.848678,19.055949,72.880478,3,13.38,38.1,23,0,0,395.06
18.937995,72.83822,19.139043,72.83653,1,22.36,97.5,19,6,0,895.34
19.058335,72.872502,19.117628,72.903852,1,7.37,20.4,22,4,0,173.6
19.112848,72.844006,19.015972,72.859306,1,10.89,34.0,13,5,0,281.89
18.952882,72.816355,19.061367,72.985753,1,21.51,71.5,14,3,0,617.19
19.117422,72.914335,19.214997,72.991132,1,13.52,51.2,21,6,0,460.0
19.089728,72.857679,19.128821,72.900254,1,6.24,23.3,9,6,0,201.54
18.946136,72.834455,19.010915,72.833809,3,7.2,19.2,1,0,0,202.3
19.062374,72.811711,19.073859,72.993184,1,19.11,64.0,16,5,0,554.43
19.052747,72.880429,19.084255,72.849259,2,4.8,11.8,2,5,0,120.53
18.945586,72.831887,19.076143,72.823884,2,14.54,58.5,19,1,0,531.82
19.103828,72.875602,19.23774,72.994757,2,19.45,60.1,7,4,0,501.81
19.136109,72.910359,18.92747,72.816348,3,25.22,72.7,1,3,1,869.27
19.140649,72.911562,19.064557,72.821238,2,12.71,42.5,7,0,0,361.44
19.076821,72.822326,19.064099,72.880026,1,6.23,20.2,12,6,0,172.13
19.081573,72.863524,18.946216,72.812535,1,15.98,44.9,4,2,2,606.5
19.017803,72.867434,18.943518,72.829481,1,9.17,39.1,10,6,0,359.75
19.058894,72.858139,19.045525,72.846817,1,1.9,5.1,0,3,1,59.97
19.058384,73.017176,18.932617,72.830021,1,24.14,79.5,7,6,0,676.61
19.067481,72.886186,19.228917,72.978142,2,20.38,56.5,6,0,0,469.85
19.136773,72.893655,19.051767,72.830214,2,11.57,33.7,2,4,0,355.94
19.066123,73.017384,19.059177,72.860349,1,16.52,47.2,0,6,0,492.65
19.090794,72.849498,18.963365,72.842852,2,14.19,59.9,18,3,0,543.49
19.125033,72.90061,19.21453,72.996172,1,14.13,42.0,22,2,0,347.78
19.135767,72.907855,18.943123,72.841369,3,22.53,60.6,4,6,0,622.07
18.9417,72.854478,18.946742,72.832272,3,2.4,6.9,4,6,0,74.22
19.215457,72.995883,19.002664,72.855028,1,27.91,105.9,11,4,0,934.66
19.110176,72.86169,19.026196,72.840923,1,9.59,28.1,6,2,0,233.88
19.117068,72.854919,19.120144,72.838875,3,1.72,7.8,8,6,0,69.54
19.040962,72.817717,19.20283,72.993058,1,25.75,85.0,16,5,0,736.71
18.945724,72.831487,18.945043,72.816143,1,1.62,5.8,19,5,0,55.98
19.027827,72.860109,19.107727,72.880347,1,9.14,28.5,15,5,0,246.58
19.227463,72.960609,18.920244,72.847278,1,36.18,130.7,17,0,0,1142.24
19.111905,72.911219,19.219308,72.960699,3,13.02,37.3,2,4,0,389.97
18.924885,72.816999,19.134619,72.91794,1,25.62,94.8,21,2,0,835.96
18.94238,72.810506,18.928283,72.854976,1,4.93,13.7,7,4,0,114.0
18.944014,72.838176,19.06673,72.871298,4,14.08,59.5,18,4,0,541.15
18.955574,72.839089,18.946849,72.810562,1,3.15,10.6,12,5,0,91.34
18.926575,72.81595,19.098919,72.847265,1,19.44,51.1,23,2,0,522.16
19.222938,72.997661,19.025604,72.855268,1,26.56,65.8,5,0,0,667.63
19.115908,72.890733,19.060989,72.80971,3,10.48,26.1,23,5,0,265.03
19.094294,72.87298,19.088299,73.011823,1,14.6,41.2,12,3,0,347.64
19.052169,72.85176,18.923217,72.821664,3,14.68,57.7,19,1,1,593.59
19.121624,72.86165,18.957657,72.817823,1,18.81,60.2,6,2,0,516.44
19.095964,72.856601,19.109952,72.913617,2,6.19,26.6,11,2,0,245.01
19.117082,72.848648,19.05368,72.872659,1,7.49,32.0,20,3,0,293.43
19.07383,72.865208,19.068777,72.836209,1,3.1,13.6,8,5,2,167.13
18.933877,72.810833,19.132323,72.83427,1,22.2,101.0,20,4,0,938.82
18.963763,72.819079,18.929367,72.831343,1,4.04,11.2,4,2,0,114.23
19.058976,72.993826,19.080388,72.880911,2,12.1,33.6,22,2,0,281.77
19.109686,72.855186,19.079397,73.000976,2,15.69,71.5,8,6,0,663.47
19.143036,72.923675,18.942391,72.811879,1,25.22,95.5,9,1,0,839.48
18.936304,72.840697,18.932423,72.831532,1,1.06,3.1,4,4,0,34.7
18.945489,72.826572,19.024838,72.849592,3,9.15,23.5,1,2,0,238.6
19.067996,72.994271,18.920294,72.836071,1,23.38,94.3,19,3,0,846.16
18.943554,72.829698,19.042973,72.845901,3,11.19,42.5,19,4,0,371.4
18.94646,72.818686,18.959919,72.843649,1,3.02,7.6,0,6,0,72.93
19.069032,72.878741,19.048104,72.828031,2,5.82,15.7,0,3,0,168.06
18.955989,72.82475,18.9472,72.8118,2,1.68,4.5,4,0,0,51.34
19.133538,72.908448,18.947573,72.843004,4,21.79,53.9,1,4,0,539.46
19.219024,72.989945,19.049073,72.871425,1,22.63,76.4,7,4,0,657.08
19.071314,72.862047,18.926911,72.823544,2,16.56,48.1,22,6,0,396.27
19.056565,72.873465,18.957858,72.833124,3,11.77,39.4,16,0,0,329.56
18.933,72.815804,19.117574,72.898553,1,22.29,66.9,7,0,0,569.03
19.021966,72.856994,19.104657,72.880239,3,9.51,26.2,16,1,0,223.68
19.223847,72.991901,19.042762,72.841495,3,25.59,85.1,13,6,0,744.15
19.010409,72.832167,19.058709,73.012048,4,19.66,86.1,10,5,1,914.93
19.14207,72.903376,19.064311,72.980551,1,11.85,40.2,7,0,0,349.53
19.076664,72.851153,19.06927,72.852098,2,0.83,2.3,22,1,0,37.31
19.049153,72.816374,19.037553,72.846001,1,3.37,13.3,20,1,0,115.07
19.132817,72.919287,19.056134,72.881085,3,9.42,25.8,15,6,1,248.98
19.036314,72.829129,19.016983,72.836205,2,2.27,8.6,18,5,0,75.61
19.02623,72.86305,19.10893,72.907754,1,10.33,40.3,9,3,0,361.22
19.131673,72.894554,19.061021,72.832331,1,10.22,32.2,14,4,0,287.57
19.08373,72.884276,19.063061,72.860783,2,3.37,8.9,2,3,1,111.04
19.107316,72.891595,19.203921,72.973654,2,13.77,39.7,1,5,0,412.22
19.109465,72.859561,19.067247,72.8585,2,4.7,17.4,21,5,0,154.56
18.954461,72.832504,19.071515,72.996665,1,21.62,84.1,8,3,1,860.02
19.10834,72.924787,19.047556,72.855524,1,9.93,26.3,4,5,0,276.58
19.120149,72.852201,19.201088,72.993298,1,17.34,57.7,6,6,0,494.19
19.103195,72.850923,19.13802,72.862765,1,4.07,17.5,8,1,0,154.66
19.070103,72.822961,19.071182,72.867,1,4.63,12.2,23,5,0,126.44
19.066113,72.829849,19.115741,72.903149,4,9.48,42.5,20,3,1,452.38
19.056171,72.850023,19.113564,72.838585,2,6.49,19.2,22,3,1,179.87
18.960903,72.827109,18.926337,72.821015,1,3.9,10.6,22,2,0,93.79
19.07007,72.877836,19.049669,72.835917,1,4.96,13.6,22,6,0,112.21
19.217662,72.99531,18.937711,72.81732,3,36.32,100.6,5,5,0,1041.08
19.104211,72.865996,19.133969,72.829808,1,5.04,14.0,2,5,0,136.22
19.090809,72.877636,19.096194,72.863774,2,1.57,4.4,3,4,0,39.94
19.054571,72.838956,19.045795,72.878208,1,4.24,18.8,9,4,0,174.63
19.1061,72.859284,18.955431,72.815133,3,17.38,57.3,15,1,0,488.17
19.127318,72.8389,19.094356,72.866752,1,4.69,12.1,3,3,1,143.5
19.0648,73.011959,19.136694,72.896435,1,14.53,47.2,15,5,1,460.37
19.054002,72.875319,18.955862,72.833031,2,11.78,51.6,21,5,0,471.08
19.073218,72.869985,19.076705,72.809554,3,6.36,27.6,11,6,0,252.69
19.089918,72.990409,18.921266,72.843206,1,24.31,68.6,22,0,0,571.6
19.123051,72.838121,19.085279,72.854276,1,4.53,11.1,22,4,0,91.09
19.094336,72.982181,19.229216,72.959759,2,15.18,56.9,9,3,1,585.98
19.077874,72.841304,18.951665,72.826775,2,14.12,51.9,18,3,0,452.23
19.071342,72.829951,19.07359,72.851507,1,2.28,5.8,1,0,0,63.87
19.07867,72.845714,19.136214,72.908404,3,9.18,34.6,20,6,0,302.45
19.080608,72.876405,19.097332,72.866744,1,2.12,6.6,12,5,0,42.42
19.073397,72.828137,19.067924,72.880547,1,5.54,17.6,6,2,0,153.45
19.079134,72.864872,18.94938,72.805105,1,15.74,41.2,1,0,1,485.92
19.061886,72.992762,19.219531,72.980868,2,17.57,70.1,9,3,0,635.84
19.027629,72.854782,18.925397,72.846718,1,11.4,33.1,2,5,0,351.31
19.095383,72.84712,19.056788,72.863479,1,4.62,14.2,6,2,0,122.41
19.00824,72.85809,19.062601,72.822373,1,7.12,17.7,4,5,1,198.84
19.056754,72.821465,18.950456,72.820411,4,11.82,32.2,22,3,1,304.2
19.019781,72.830357,19.050221,72.862569,1,4.79,18.2,17,5,0,162.78
19.121771,72.888493,19.093713,72.876642,1,3.36,12.4,18,2,0,113.11
19.048667,72.842648,19.206711,72.987039,1,23.21,86.8,17,6,0,775.88
19.221473,72.992851,19.145024,72.911888,2,12.02,36.7,12,5,1,359.83
19.135537,72.841091,19.109928,72.844323,4,2.87,12.8,20,5,0,120.36
18.924327,72.84061,19.059794,73.002794,2,22.75,82.9,20,4,1,830.22
19.082707,72.980292,19.070018,72.997491,2,2.29,10.1,9,0,0,92.31
18.955392,72.836038,18.95622,72.819034,1,1.79,5.6,15,2,0,56.9
18.9587,72.826995,19.124388,72.927489,1,21.24,64.9,12,6,0,552.09
18.949499,72.850575,19.078042,72.883457,2,14.71,53.9,21,6,0,469.94
19.089555,72.877122,18.932611,72.813921,2,18.67,47.6,23,2,0,482.14
18.998913,72.848837,18.948724,72.83417,2,5.79,14.5,5,1,0,150.05
19.127585,72.866055,18.94581,72.854879,1,20.25,82.1,17,6,0,746.0
18.961596,72.825446,19.116053,72.916496,2,19.66,49.0,2,6,1,569.35
19.027265,72.828556,19.089601,72.878971,2,8.72,23.7,23,5,0,232.38
19.235144,72.990619,19.040457,72.825593,1,27.73,68.5,2,1,0,700.31
19.108589,72.910584,19.134397,72.907782,1,2.88,7.9,5,0,0,85.48
19.098502,72.851393,19.019516,72.855885,1,8.8,38.5,18,4,0,357.86
18.938888,72.854854,19.081126,72.867541,1,15.87,46.9,3,4,0,494.95
18.926484,72.828864,19.122069,72.861593,1,22.02,84.9,19,4,1,877.29
18.954651,72.851448,19.093951,72.997192,1,21.79,92.0,11,6,0,837.58
18.938433,72.820903,19.078347,72.848842,2,15.83,49.0,7,5,0,408.02
18.942991,72.853933,19.227223,72.991315,2,34.75,138.1,11,5,0,1240.41
19.050188,72.811301,19.040537,72.815028,3,1.14,3.2,3,6,0,41.91
19.062367,72.99011,19.078265,72.881806,1,11.52,32.2,7,1,2,340.6
19.058196,72.817126,19.055899,72.838241,1,2.23,7.3,16,2,0,70.11
19.226602,72.986935,19.01237,72.859203,2,27.34,109.3,17,4,0,982.55
19.048625,72.862196,18.933226,72.836554,1,13.11,41.4,12,5,0,353.75
19.082012,73.002528,19.208743,72.990107,1,14.15,36.2,23,2,0,366.82
19.223193,72.992845,19.060353,72.852042,2,23.38,75.8,14,1,1,747.05
18.920907,72.827207,19.095818,72.870214,1,19.97,91.4,10,4,0,854.53
19.139307,72.904576,19.088084,72.85512,1,7.71,30.0,20,1,0,271.64
19.018509,72.843571,19.070599,72.851101,1,5.85,16.4,22,1,0,133.45
19.12258,72.844013,19.105048,72.842505,3,1.96,5.6,6,4,0,39.93
19.076442,73.005268,19.085527,72.87511,1,13.71,40.7,6,6,1,391.43
19.13409,72.922045,19.122996,72.888239,2,3.76,9.6,5,0,1,112.84
18.942562,72.828094,19.114984,72.893936,1,20.38,79.7,10,4,0,716.37
19.232199,72.972764,18.999714,72.855141,1,28.65,77.2,5,1,0,800.68
18.951967,72.84042,19.231929,72.978058,1,34.33,141.6,8,1,1,1475.74
19.107999,72.853574,19.070854,72.840844,2,4.34,13.9,13,0,0,109.88
19.022608,72.844067,19.227485,72.960189,1,25.84,75.0,7,2,0,617.26
19.115934,72.831098,19.082824,72.995173,3,17.63,67.7,8,1,0,594.79
19.078358,72.861945,19.064732,72.860695,2,1.52,6.3,11,6,1,68.01
19.048019,72.876353,19.199752,72.977636,2,19.95,82.5,20,3,1,850.84
19.066287,72.826531,19.079675,72.854186,2,3.27,9.4,22,3,0,75.21
19.234671,72.97799,18.959485,72.836676,1,34.01,153.9,8,5,0,1433.15
19.115983,72.92174,19.126734,72.911203,1,1.63,7.3,20,5,0,55.73
19.050839,72.811463,19.136954,72.836483,1,9.93,36.1,8,6,0,314.64
19.119216,72.888469,18.944513,72.80616,1,21.27,80.7,8,3,0,719.97
19.086136,72.845764,18.958783,72.828688,4,14.27,65.2,18,3,0,608.9
18.93389,72.804229,19.133793,72.895613,1,24.21,79.0,6,1,0,679.6
19.105791,72.873878,19.048582,72.809753,2,9.27,38.8,9,5,2,458.22
19.080164,72.859189,18.933393,72.846721,2,16.37,45.5,0,1,0,464.34
19.072183,72.872504,19.11592,72.832233,1,6.45,28.7,21,0,0,267.09
19.101466,72.845731,19.091938,72.992129,2,15.42,39.1,22,3,1,367.4
19.062497,72.987442,19.007558,72.851955,1,15.5,42.4,15,0,0,351.09
19.094468,72.880484,18.928449,72.834518,1,19.08,62.2,12,0,0,538.05
19.109097,72.907067,19.049903,72.854159,2,8.62,23.8,0,0,0,248.88
19.136302,72.914581,19.199359,72.987275,1,10.37,30.5,12,4,0,260.01
19.2126,72.963794,19.034628,72.833407,2,24.07,61.0,22,1,0,493.69
18.949911,72.815654,19.005219,72.84953,1,7.11,18.4,3,6,1,209.99
18.945022,72.829702,19.22078,72.984612,2,34.72,96.5,14,1,1,926.37
18.934148,72.83907,19.026067,72.860694,1,10.47,28.0,4,5,1,330.91
19.114125,72.85422,19.211713,72.982358,1,17.29,49.7,13,4,0,405.08
19.045182,72.842005,18.949827,72.846498,2,10.61,35.3,14,2,0,305.21
19.231136,72.983145,19.079286,72.843479,1,22.37,103.3,9,3,0,963.45
19.073911,72.849014,19.087148,72.8697,1,2.63,10.8,10,2,0,96.6
18.933491,72.845803,19.227333,72.959664,1,34.8,143.1,17,5,0,1300.44
18.955367,72.854842,18.945965,72.813852,2,4.44,12.2,1,2,0,125.8
18.938816,72.849124,19.075738,72.862829,2,15.29,67.7,18,2,0,624.73
19.23317,72.976721,19.002504,72.830346,1,29.91,86.5,15,5,1,838.4
19.088046,73.011798,19.20093,72.996834,1,12.65,37.4,1,2,2,513.05
19.007912,72.867197,18.9522,72.828085,1,7.44,20.7,2,2,0,219.66
19.048879,72.841849,19.093308,72.86608,1,5.56,16.1,1,1,0,162.29
19.229729,72.973045,19.117294,72.905437,3,14.38,61.6,19,2,0,562.09
19.016046,72.837164,19.072495,72.986816,2,16.94,50.6,1,3,0,532.52
19.119316,72.907379,19.122879,72.897415,1,1.12,3.3,13,4,0,32.35
19.057234,72.849258,19.072997,72.872274,1,2.99,9.2,15,2,0,70.57
19.055279,72.822088,18.945729,72.832882,1,12.23,33.5,15,4,0,274.07
19.045924,72.826743,19.128807,72.837494,4,9.29,33.8,19,5,2,387.2
19.031728,72.843666,19.080921,73.00446,1,17.76,50.8,2,6,1,605.07
19.057104,72.870949,19.126916,72.835825,1,8.6,24.6,12,0,2,270.85
18.946452,72.809991,18.937781,72.829157,1,2.23,5.5,2,3,1,64.24
18.953916,72.84225,19.084765,73.01633,1,23.38,69.1,2,2,0,723.93
19.078921,72.869279,19.051045,72.823628,2,5.71,15.7,0,4,0,157.72
19.062464,72.817253,19.097152,72.84647,1,4.93,18.1,11,2,0,159.26
18.926559,72.813656,19.082836,72.881682,2,18.79,81.3,11,3,1,853.86
19.058657,72.834773,18.941814,72.842338,3,13.02,37.3,0,6,0,389.48
18.953695,72.847835,19.109442,72.910245,1,18.52,77.3,10,0,0,699.05
19.237586,72.97319,18.944327,72.839774,1,35.49,138.2,21,5,0,1228.11
19.07435,73.015627,18.928141,72.836756,2,24.86,73.4,22,6,0,617.91
19.004269,72.858083,19.227956,72.974337,1,27.71,78.3,12,3,1,753.69
19.092775,72.870407,19.078021,72.884766,2,2.23,6.2,14,1,1,59.27
19.114517,72.893748,18.958963,72.835214,1,18.36,56.4,14,2,0,467.61
19.209093,72.959959,19.074332,73.005656,1,15.73,72.7,21,0,0,676.45
19.077916,72.812574,19.224733,72.995927,1,25.25,70.7,13,6,0,593.45
19.223311,72.994745,18.934224,72.805779,3,37.78,107.9,23,1,0,1124.37
19.215884,72.978003,19.126916,72.901327,2,12.76,45.3,9,1,1,458.76
19.095325,72.984747,19.199908,72.972282,2,11.7,37.9,14,4,1,370.96
19.225444,72.982695,19.090916,72.987516,1,14.97,44.6,0,0,0,469.44
19.072587,72.82595,18.95998,72.835173,2,12.56,31.6,23,4,0,332.49
19.235079,72.969292,19.05589,72.865816,1,22.7,86.0,17,5,0,773.4
19.060862,72.821709,18.950339,72.81989,1,12.29,30.8,3,3,0,306.0
19.067571,72.995386,18.937518,72.841401,1,21.71,64.2,16,2,0,542.8
19.134526,72.920531,19.080075,73.015434,3,11.67,45.2,20,4,0,393.52
19.135127,72.912316,19.071706,72.830019,1,11.16,34.5,6,1,0,283.23
19.068943,72.844708,18.925489,72.829136,1,16.04,49.7,13,5,2,545.02
19.004853,72.848451,19.048113,72.826073,1,5.35,15.8,3,3,0,164.04
19.108635,72.867011,19.129746,72.926832,2,6.71,19.4,23,1,1,227.6
19.1259,72.84165,19.075203,72.853613,1,5.78,15.8,4,2,1,186.47
19.142944,72.891072,18.95207,72.8117,1,22.8,74.5,12,3,0,639.59
19.100025,72.833816,19.118057,72.902816,2,7.52,30.7,11,1,0,269.41
19.017155,72.854184,19.089446,72.876338,2,8.37,22.1,0,5,0,232.66
19.106712,72.861641,19.093614,72.866448,1,1.54,4.3,12,3,0,48.08
19.059832,72.819773,19.065901,72.843828,1,2.62,7.0,0,0,1,91.01
18.926176,72.812043,19.121054,72.851602,1,22.06,65.2,14,5,0,547.19
19.133234,72.845737,19.229357,72.973517,2,17.16,53.4,16,0,0,443.36
19.036348,72.842554,18.999734,72.851139,1,4.17,11.7,1,4,1,143.41
19.011142,72.838258,19.103628,72.836819,1,10.29,47.0,18,4,1,513.14
19.12352,72.846067,19.230449,72.994184,1,19.58,52.6,5,0,0,536.4
18.955371,72.805011,19.090976,72.885487,3,17.29,51.7,16,1,0,429.93
19.09426,72.845949,19.099484,72.863921,1,1.98,6.2,14,1,0,53.12
18.925898,72.828398,19.024184,72.852354,1,11.22,37.1,16,4,0,330.04
19.028171,72.828023,19.089169,72.860671,1,7.6,21.4,13,2,0,177.49
19.22389,72.965684,19.218772,72.9881,1,2.42,6.9,1,2,0,70.8
19.136286,72.907672,19.115102,72.836207,1,7.87,19.8,23,5,1,232.8
19.213884,72.993592,19.05093,72.812989,4,26.24,66.0,23,3,1,775.94
18.926209,72.827771,19.119907,72.901147,2,22.88,90.8,9,4,0,815.01
19.14044,72.902573,19.078334,72.851109,1,8.77,23.4,3,4,1,280.78
19.067188,72.823159,19.068533,72.993461,4,17.9,69.5,18,5,1,707.75
19.007554,72.860139,19.083577,72.856808,3,8.46,33.4,18,1,1,340.68
18.943116,72.829167,19.060891,72.978763,1,20.47,91.8,11,6,1,964.12
18.929048,72.827219,19.085689,72.881374,2,18.32,80.7,21,1,0,740.23
19.075132,72.847378,18.929651,72.817685,1,16.48,65.9,19,6,0,593.99
19.052526,72.846461,19.213035,72.963876,3,21.7,78.4,11,0,0,682.37
19.122874,72.854209,18.952635,72.817614,2,19.32,58.6,14,1,1,570.76
18.949507,72.851949,19.233755,72.979752,1,34.34,126.9,9,5,0,1123.27
19.059694,72.855253,19.221584,72.959441,1,21.07,76.6,17,4,0,681.12
19.216016,72.979309,19.118539,72.842521,2,18.0,69.3,9,6,0,625.13
19.077456,72.844682,19.073384,72.812259,2,3.44,9.1,0,3,0,90.44
19.058156,72.983122,19.127555,72.894676,1,12.08,30.4,23,4,0,313.61
19.201928,72.981361,18.926001,72.846438,1,33.8,97.9,0,6,0,1024.41
19.049386,72.856901,19.089125,72.988855,1,14.55,61.3,9,6,0,561.24
19.112243,72.856975,19.121055,72.851092,1,1.16,4.1,9,3,0,52.0
19.136652,72.829714,19.102851,72.855608,1,4.64,21.4,18,4,0,191.74
19.117941,72.897692,19.116109,72.85962,1,4.01,16.4,10,5,1,170.82
19.144654,72.898542,19.04867,72.848087,1,11.92,39.3,6,5,0,340.6
19.119331,72.893634,19.076715,72.84684,1,6.83,18.3,3,1,0,190.7
19.091646,72.997936,19.231767,72.998077,1,15.58,72.0,8,0,0,665.43
19.080344,73.007488,19.025452,72.841909,2,18.44,47.9,5,5,0,489.39
19.068169,72.834955,19.007219,72.8536,1,7.06,18.2,22,0,0,152.26
19.1457,72.902441,19.140976,72.891717,2,1.24,3.4,23,4,2,55.52
19.027935,72.835429,19.121433,72.845669,1,10.45,30.0,0,2,0,317.64
18.952321,72.806494,19.10073,72.844675,1,16.98,49.7,22,4,1,487.35
19.087284,73.009751,19.072505,72.867929,1,14.99,50.3,6,3,0,434.48
19.041008,72.824885,19.093931,73.014139,1,20.74,70.4,15,4,2,788.77
19.093773,72.885038,19.077486,72.874684,1,2.11,8.2,8,5,0,72.49
19.119247,72.85692,18.947142,72.823306,1,19.46,89.5,18,5,1,959.93
18.932276,72.809992,19.085885,72.852944,4,17.67,49.7,22,5,0,419.95
19.010167,72.843081,19.062949,72.835604,4,5.92,16.7,12,6,0,139.0
19.144296,72.916468,19.12808,72.914037,1,1.82,7.4,20,6,0,57.57
19.114012,72.855325,19.113087,72.839674,3,1.65,4.9,0,1,2,63.72
19.091033,73.001123,19.048637,72.867285,1,14.83,41.8,5,3,2,573.12
19.057591,72.852298,19.093231,72.88204,2,5.05,18.2,19,2,1,180.84
19.084875,72.871691,18.958172,72.81771,2,15.19,65.4,11,0,1,693.6
19.071706,72.84589,19.198992,72.99082,2,20.79,59.9,16,2,2,656.96
18.931677,72.823929,19.226612,72.981985,2,36.76,97.5,22,3,1,938.13
19.091708,72.868502,19.050911,72.863235,2,4.57,13.4,3,1,0,135.61
19.065756,72.830979,19.199362,72.97241,1,21.01,54.7,2,2,0,556.56
19.108269,72.917795,19.203449,72.966573,1,11.76,30.6,22,0,0,255.18
18.940679,72.8382,19.101501,72.869916,2,18.19,48.3,1,5,1,568.37
19.020562,72.832682,19.073046,72.852044,3,6.18,17.6,14,1,0,145.51
19.110881,72.921308,19.075031,72.86041,1,7.54,24.6,12,4,1,239.79
19.036721,72.845055,18.925813,72.839176,1,12.35,49.5,9,5,1,513.89
19.070696,72.828266,19.131575,72.833374,1,6.79,21.2,7,4,0,169.65
19.130617,72.925913,19.077636,73.018092,2,11.34,49.1,11,5,1,508.72
19.100437,72.85164,19.115595,72.848178,1,1.72,7.6,9,3,0,65.77
19.046841,72.854588,18.95389,72.811069,1,11.3,51.6,11,1,1,554.97
19.040592,72.846366,18.928525,72.813194,1,12.94,59.8,8,1,0,562.23
18.937075,72.824045,19.074719,72.81583,1,15.33,55.8,8,1,0,484.17
19.079672,72.849267,19.051062,72.832026,1,3.66,10.3,3,3,0,105.96
19.060723,72.82444,19.014722,72.861383,1,6.42,25.3,17,1,0,225.2
18.941979,72.833961,19.014511,72.855339,2,8.37,23.8,5,3,0,253.4
19.07738,72.810428,18.933872,72.810801,1,15.96,46.1,14,4,0,388.4
18.924473,72.831571,19.21669,72.983494,4,36.2,120.9,15,1,1,1197.59
19.084086,72.850401,19.098584,72.856884,1,1.75,5.6,14,4,0,41.96
19.117991,72.834004,19.127645,72.859177,1,2.85,8.2,7,3,0,67.51
19.125894,72.907279,19.008075,72.864922,1,13.84,34.4,1,4,0,354.16
18.941503,72.825782,19.057783,72.876075,1,13.97,39.9,0,1,0,415.86
18.921463,72.853009,19.084295,72.996976,1,23.6,62.7,22,1,1,595.59
19.126045,72.895377,19.067595,73.009123,3,13.6,35.1,3,4,2,470.6
19.083072,72.864247,19.095725,72.982605,1,12.52,56.5,10,0,0,520.47
19.05757,72.841138,19.064671,73.006925,1,17.44,46.6,4,4,0,475.48
19.017393,72.838586,19.218678,72.977125,1,26.7,118.4,19,4,0,1086.81
18.932092,72.83853,19.070317,72.815598,3,15.56,69.9,19,0,0,642.91
19.014631,72.841721,19.140048,72.919699,1,16.18,74.1,9,4,0,689.27
18.94093,72.847168,19.077717,72.859112,1,15.26,69.2,17,6,0,649.52
19.111081,72.902566,19.075422,72.834545,1,8.17,20.8,22,2,0,178.71
18.936704,72.804988,19.206788,72.992193,1,35.9,135.5,9,6,0,1187.86
19.121373,72.907005,18.928771,72.835127,2,22.71,67.1,1,5,0,701.06
19.108594,72.907291,19.142599,72.906659,1,3.78,11.9,7,5,0,93.84
19.062809,72.9943,19.041615,72.815632,1,18.93,62.7,15,1,0,538.11
19.088141,72.985038,19.130594,72.846606,1,15.29,63.7,17,3,0,567.85
19.065097,73.0017,19.046379,72.854109,1,15.65,66.2,11,3,0,601.31
18.934606,72.822707,18.956516,72.825304,1,2.45,11.0,8,2,1,113.42
19.231681,72.98023,19.106191,72.847822,1,19.7,56.8,23,5,1,675.14
19.082056,72.880671,19.083625,72.988244,1,11.31,51.8,21,2,0,487.8
19.119321,72.837086,19.069703,72.874768,1,6.79,26.1,19,4,0,226.95
19.11803,72.860664,19.005953,72.861068,1,12.46,37.4,3,2,1,457.35
19.049596,72.840068,19.120098,72.863978,1,8.23,38.2,19,6,2,462.34
19.207866,72.992796,19.134111,72.830299,1,18.94,52.5,5,6,0,549.79
18.928094,72.817504,19.028516,72.842377,1,11.47,41.6,21,2,0,368.17
18.952854,72.85281,18.946091,72.833522,1,2.16,10.0,18,3,0,87.1
19.058228,73.01682,19.099919,72.872311,1,15.88,45.7,2,2,0,474.28
19.113412,72.864064,19.093096,73.006726,1,15.16,58.6,8,5,0,523.65
19.121822,72.893079,19.03115,72.862612,2,10.58,40.3,17,5,0,360.12
19.06572,72.87599,19.13533,72.862313,1,7.87,27.9,20,6,0,244.46
19.075042,72.876558,18.951161,72.840105,1,14.3,54.0,18,3,0,476.09
19.067268,72.997436,19.201374,72.961892,2,15.37,50.0,13,4,0,423.1
19.138909,72.863341,19.080743,72.851457,1,6.59,28.9,20,5,0,269.62
18.999391,72.850571,19.084316,72.978916,1,16.47,59.7,9,1,0,516.4
19.108615,72.912894,18.946236,72.825766,1,20.25,88.4,19,6,1,932.3
19.084909,72.847292,19.050754,72.855927,1,3.9,10.6,1,5,0,101.17
18.945446,72.807572,19.106225,72.843515,1,18.27,73.1,11,3,0,658.59
18.929984,72.824016,19.036496,72.834267,2,11.89,35.0,4,4,0,362.85
19.068829,72.865709,19.002758,72.85925,1,7.38,20.7,6,0,0,179.43
19.14437,72.898443,19.132838,72.838411,2,6.44,21.8,14,2,0,180.72
18.931403,72.804039,19.106377,72.860481,2,20.34,54.6,2,0,0,553.31
19.086689,72.884389,19.13121,72.841938,1,6.66,21.3,16,6,1,207.3
19.201981,72.996709,19.138076,72.914596,3,11.17,29.7,3,4,0,315.21
19.07767,72.859627,19.130612,72.82882,2,6.72,24.1,10,1,1,241.89
19.069673,72.877981,19.067357,72.841502,3,3.84,12.8,15,1,2,140.26
18.950627,72.810317,19.094021,73.017146,1,26.96,87.1,15,2,0,744.79
18.92759,72.812821,18.928909,72.822294,4,1.01,2.6,0,0,0,38.92
19.07766,72.811535,19.228689,72.960043,2,22.92,68.2,23,4,2,935.92
19.217553,72.961559,19.09228,73.011178,4,14.87,38.6,4,6,0,399.79
18.931708,72.820619,19.073041,72.876619,1,16.78,45.5,4,4,0,465.18
19.077233,72.990442,19.007818,72.837353,1,17.85,52.7,23,6,0,563.91
19.107112,72.878218,19.109759,72.836633,1,4.38,10.8,4,5,0,109.28
19.110615,72.863173,18.94434,72.820063,2,19.04,54.6,1,5,1,654.87
19.01841,72.860888,18.941068,72.853078,1,8.64,24.0,6,0,0,195.25
19.119731,72.913679,18.958362,72.824825,1,20.23,55.6,22,6,0,473.52
18.940917,72.814329,19.074134,72.981067,1,22.95,97.6,18,1,0,890.27
19.143362,72.912637,19.036222,72.867645,1,12.82,41.1,7,1,1,404.53
19.109938,72.923865,19.123776,72.901126,2,2.84,12.3,17,3,0,117.52
19.213992,72.96353,19.131805,72.831045,1,16.65,49.8,15,3,0,426.81
19.061052,72.835913,19.111341,72.921681,2,10.61,27.0,0,4,0,278.79
19.073257,72.872824,18.953745,72.847533,1,13.55,54.3,11,4,0,487.21
19.085292,72.867338,19.092586,72.999931,1,13.96,49.9,18,6,0,437.29
19.106648,72.903856,18.946131,72.840549,2,19.05,80.5,8,6,0,734.41
19.117771,72.846949,19.079591,72.888125,2,6.06,22.1,18,3,1,221.7
18.938891,72.827886,18.947806,72.83066,1,1.03,3.7,8,5,1,50.93
19.085043,72.867794,19.036413,72.867205,2,5.41,15.1,16,1,0,116.05
19.210727,72.990147,19.143495,72.916971,1,10.72,33.2,14,0,0,281.5
19.081721,72.854453,19.103041,72.844198,1,2.6,7.7,2,4,0,81.49
19.202481,72.970283,19.016429,72.857445,3,23.84,67.1,0,1,0,707.84
18.932382,72.839722,19.051543,72.877513,1,13.83,37.8,22,0,0,314.05
19.21303,72.99246,19.100328,72.846731,3,19.78,72.0,10,2,0,636.51
19.044317,72.830319,19.207514,72.98301,3,24.22,72.5,22,6,1,705.26
19.073355,72.879511,18.958685,72.816253,1,14.38,66.2,19,2,1,716.91
18.947077,72.852427,18.943069,72.834264,1,1.96,7.8,19,5,0,72.26
19.113223,72.903422,18.945119,72.830276,1,20.21,58.4,16,2,0,479.81
18.929678,72.843233,19.075665,73.003792,2,23.42,79.0,13,2,0,682.09
19.059976,73.016432,19.224339,72.996714,1,18.39,79.0,18,4,0,715.63
19.118342,72.830043,19.072355,72.846116,2,5.39,22.4,8,3,0,200.14
19.075143,72.846739,19.136789,72.905487,1,9.22,27.3,0,0,0,282.59
19.095484,72.993597,19.05938,72.994681,2,4.02,15.3,11,1,1,169.08
19.227301,72.959369,19.094959,73.011985,4,15.72,63.2,21,0,1,645.16
19.102159,72.882308,18.925801,72.830882,1,20.34,57.9,7,3,0,479.0
19.216177,72.974848,18.955827,72.820854,1,33.17,92.4,2,2,0,958.98
19.06509,72.82287,19.12025,72.854071,1,6.95,17.9,4,6,1,201.41
19.222326,72.976898,19.117095,72.895605,1,14.49,56.5,18,5,1,575.9
19.223386,72.993384,19.010167,72.837655,2,28.81,119.5,10,6,0,1083.6
18.928397,72.826218,19.137365,72.864292,1,23.58,71.6,15,6,0,601.92
19.015892,72.830317,19.063432,72.809895,1,5.71,25.2,21,2,1,266.45
19.046448,72.826184,19.057617,72.834315,1,1.51,6.6,11,2,0,63.03
19.077648,72.85728,19.13065,72.828614,1,6.62,23.9,10,3,0,212.92
19.14632,72.911818,19.083328,72.856216,1,9.12,37.1,18,0,0,332.56
19.070278,73.000121,18.9985,72.836329,1,18.98,60.5,7,6,0,520.65
19.10607,72.859622,19.091646,72.981802,1,12.94,47.2,19,6,0,414.65
19.21437,72.997898,19.051417,72.843392,1,24.33,69.1,2,2,0,728.78
19.097874,72.883785,19.128635,72.900286,1,3.83,11.2,13,5,0,94.04
19.09146,72.85162,19.117856,72.903394,3,6.18,25.4,17,2,0,236.91
19.092011,72.863196,19.085583,72.87528,1,1.46,5.7,9,1,0,51.91
19.076225,72.85566,19.071408,72.984586,1,13.56,50.7,19,2,0,449.53
19.20342,72.958893,19.107576,72.879466,1,13.53,48.1,18,1,0,418.34
18.960858,72.821864,19.002111,72.849549,1,5.43,21.1,21,3,0,181.25
19.041409,72.835173,19.136452,72.890299,1,12.05,29.6,5,2,0,303.88
19.066315,72.848763,19.072335,72.882044,4,3.56,9.8,12,3,0,76.22
19.012053,72.836494,18.948224,72.816689,1,7.4,32.3,17,5,0,295.68
19.107182,72.834921,19.049051,72.816918,2,6.74,18.7,7,3,0,143.75
19.066024,73.014131,18.947458,72.839252,3,22.62,88.8,18,1,0,800.06
18.926344,72.847893,19.047718,72.885671,1,14.07,46.7,14,2,0,404.65
18.961346,72.816554,19.072129,72.825502,1,12.35,48.5,8,5,0,424.49
18.947237,72.850563,18.939307,72.809392,2,4.42,11.8,5,0,0,132.06
19.04295,72.822389,19.119796,72.862269,2,9.52,27.9,5,3,0,296.58
18.937242,72.811959,19.135967,72.905134,1,24.17,89.3,20,3,1,901.45
19.017513,72.845396,18.941256,72.817592,2,8.97,32.2,18,5,0,282.37
19.004455,72.838231,19.23612,72.98273,1,29.9,100.8,15,6,0,871.43
19.064693,72.984412,19.069812,72.835636,1,15.65,42.7,3,3,0,444.79
19.076516,72.817004,18.943999,72.837978,1,14.9,43.2,15,4,1,414.91
19.103508,72.854169,19.027522,72.836342,2,8.65,39.3,9,0,0,367.92
19.093154,72.857624,19.097481,72.858456,1,1.55,4.2,22,2,1,36.06
19.079148,72.828528,19.083986,72.859515,1,3.3,14.5,9,5,2,167.46
19.04029,72.81735,19.106921,72.84539,1,7.97,26.3,16,5,0,224.85
19.072132,73.000062,19.064057,72.849315,2,15.87,44.3,15,1,1,432.54
19.070992,72.831717,18.957146,72.824811,1,12.68,37.3,23,2,0,388.09
19.215039,72.964585,19.052604,72.880234,2,20.12,73.7,17,3,1,756.87
19.082932,72.873746,18.946618,72.831141,1,15.81,43.7,14,1,0,354.82
18.927042,72.836438,19.103568,72.838658,2,19.63,49.2,22,5,0,406.8
18.953436,72.830945,19.20601,72.979571,3,32.14,85.9,1,0,1,1012.75
19.217312,72.980905,19.040304,72.823652,1,25.7,84.3,6,3,0,716.06
19.004065,72.837198,19.145097,72.91373,1,17.62,66.0,17,6,0,584.0
19.053524,72.858412,19.043707,72.840576,2,2.17,9.0,17,3,0,85.57
18.956457,72.849429,19.053102,72.813031,2,11.41,31.3,23,2,0,330.3
19.029236,72.866483,18.940422,72.815821,1,11.22,36.4,16,0,1,363.44
19.201433,72.995501,19.087241,72.988215,2,12.72,42.1,7,1,0,357.08
18.957669,72.821194,19.029169,72.828773,1,7.99,27.0,14,5,1,261.41
18.954261,72.819793,19.087394,72.883517,1,16.25,72.1,9,5,0,667.76
19.054524,72.823456,18.999842,72.863948,1,7.42,22.8,14,0,0,184.33
19.200482,72.962354,18.927046,72.830364,1,33.42,145.6,11,2,0,1343.15
19.070653,72.854321,19.067568,72.878214,1,2.53,11.2,9,5,1,118.55
18.954661,72.828024,19.079298,72.861161,1,14.29,41.8,15,2,2,461.08
19.135679,72.829859,19.117264,72.850204,1,2.96,7.6,4,0,0,83.5
19.073019,72.81108,18.927998,72.818555,1,16.14,59.0,20,0,1,595.01
19.230031,72.983698,19.073299,72.846711,4,22.6,60.3,4,3,0,618.85
19.111974,72.83701,19.116961,72.829134,2,1.0,4.4,20,3,0,63.79
19.059678,72.831571,19.10471,72.862603,1,5.98,15.9,0,5,1,184.9
19.006638,72.83115,19.120099,72.835923,1,12.63,49.0,10,1,0,437.85
19.049934,72.865957,19.004458,72.848259,2,5.39,14.0,22,5,0,116.9
19.003341,72.834463,18.952079,72.849345,1,5.91,22.9,19,0,1,243.53
19.081571,72.980759,18.941946,72.808284,2,23.87,67.2,6,3,0,550.75
19.07514,72.84569,19.078984,72.844272,3,1.5,6.1,17,3,0,56.92
19.132974,72.846594,19.047147,72.885578,1,10.39,30.4,6,0,1,288.31
19.117172,72.83363,19.133621,72.857018,3,3.06,8.8,1,4,0,89.97
19.117602,72.866155,19.100943,72.865962,1,1.85,8.3,18,1,1,90.74
18.950491,72.836869,19.137388,72.858034,2,20.9,52.9,0,1,0,545.49
19.063712,72.831215,19.060424,72.885966,2,5.77,18.0,15,1,1,169.56
19.072784,72.846664,18.950418,72.833903,1,13.67,44.6,14,4,0,392.55
19.042484,72.818888,18.947056,72.824855,3,10.63,31.1,12,4,0,260.8
19.092206,72.849898,19.121481,72.902462,2,6.41,18.7,22,0,0,163.37
19.084065,72.983164,18.957139,72.828077,3,21.56,77.8,21,4,0,685.7
19.094011,73.018252,18.958624,72.80925,2,26.63,122.3,10,0,0,1145.26
19.06267,73.017355,19.066832,72.845332,2,18.08,79.5,10,3,2,948.22
19.078071,73.014192,19.114767,72.838112,1,18.95,53.1,14,4,2,578.12
19.071443,72.855441,19.077511,72.883607,1,3.04,8.4,7,6,0,71.42
19.079278,72.990692,19.110437,72.919661,1,8.23,25.0,13,1,0,223.74
19.115823,72.90848,18.9445,72.828983,2,20.8,74.0,17,0,1,744.1
19.134264,72.890423,19.004825,72.861987,2,14.7,41.8,2,2,2,563.06
19.140895,72.889468,19.017906,72.862709,3,13.96,34.7,2,4,0,347.85
19.040644,72.81167,19.008969,72.833558,3,4.21,19.0,21,6,0,173.63
19.080053,72.998938,19.203107,72.980119,1,13.83,60.5,10,6,1,639.18
19.04355,72.820524,19.035497,72.866977,1,4.96,15.5,13,1,0,143.0
19.22678,72.992133,19.145231,72.926727,3,11.38,33.9,7,1,1,333.06
19.072934,72.832677,19.001629,72.838149,3,7.95,23.8,1,3,0,256.53
19.058045,72.83176,19.07486,72.810415,1,2.92,8.1,14,1,0,68.11
19.08584,72.868188,18.945829,72.831787,3,16.03,62.7,8,2,1,648.97
18.948352,72.83923,19.021456,72.846056,1,8.16,23.5,14,4,0,205.56
19.085038,73.013026,19.069501,72.830384,1,19.27,60.4,13,3,1,591.5
18.949614,72.838907,19.232427,72.991943,1,35.32,113.5,7,5,0,973.11
19.111639,72.841283,19.219116,72.990278,1,19.69,58.9,1,5,1,708.95
18.951375,72.825442,19.233149,72.959871,1,34.37,90.8,22,5,0,741.73
18.930704,72.838703,19.104009,72.864978,2,19.47,65.0,16,3,0,566.98
19.081813,72.876122,18.949308,72.831544,3,15.46,47.5,6,5,0,407.82
19.062979,72.87519,18.956478,72.829877,1,12.76,58.2,21,5,0,537.42
18.927171,72.840039,19.119045,72.83491,1,21.34,57.7,0,5,1,685.08
18.963534,72.832064,19.093481,72.992126,1,22.18,60.4,22,3,1,580.64
19.060002,72.819092,18.941597,72.824109,1,13.18,37.0,14,0,0,311.48
19.202806,72.994595,19.109466,72.846448,1,18.7,49.5,2,0,0,506.18
19.054258,72.819528,19.077939,72.882461,4,7.12,20.0,22,6,0,164.32
19.096536,73.016935,19.088021,72.871059,3,15.36,59.1,20,2,0,520.4
19.10137,72.833374,19.127658,72.838729,2,2.98,8.0,0,6,1,90.56
18.939831,72.812105,19.082738,72.993775,1,24.85,62.8,5,4,1,744.6
18.928299,72.846866,19.114127,72.920377,2,22.06,60.3,4,6,0,624.0
19.227495,72.993621,19.111378,72.91162,2,15.52,42.4,22,3,0,354.29
19.08136,72.876391,19.134393,72.919627,1,7.44,20.3,12,1,0,171.58
19.12654,72.834244,19.039837,72.810942,1,9.95,30.9,14,1,0,266.07
19.073047,72.819689,19.053694,72.818458,1,2.16,5.7,23,2,0,58.6
18.958962,72.816264,19.118853,72.908366,1,20.24,60.1,16,3,0,509.68
19.051023,72.816652,19.071861,72.814344,1,2.33,7.9,12,0,0,58.69
19.123731,72.840278,19.073524,72.864882,2,6.15,17.9,23,1,0,185.65
19.046344,72.879005,19.05724,73.016119,1,14.46,56.4,8,4,0,492.4
19.007788,72.857408,19.121492,72.834034,1,12.88,47.8,19,3,0,428.02
19.118272,72.851386,19.075095,72.989591,4,15.29,51.1,14,2,0,449.53
19.002579,72.840485,19.131981,72.865511,2,14.63,47.3,7,1,1,466.32
19.052878,72.841209,19.070679,72.995402,1,16.33,74.9,17,4,0,701.38
18.934932,72.840274,19.081288,72.880569,2,16.82,73.4,10,2,0,669.3
19.07331,72.84945,19.074118,72.882863,2,3.51,14.3,17,4,0,130.43
19.00062,72.84035,19.103795,72.847389,2,11.5,28.5,3,5,0,291.32
19.14209,72.924056,19.107442,72.857907,1,7.95,31.5,11,2,1,321.57
19.05891,72.845263,19.074092,73.012889,1,17.7,51.2,3,1,0,542.47
19.211826,72.98152,19.102591,72.848868,1,18.48,45.7,5,6,1,538.27
18.947798,72.82106,19.137315,72.904321,2,22.82,105.3,17,4,1,1135.39
19.130336,72.891042,19.051942,72.82301,1,11.27,28.9,0,4,0,296.6
19.111537,72.863184,19.050584,72.878034,1,6.95,22.9,15,6,0,199.29
19.206304,72.968787,18.955869,72.816359,1,32.13,128.7,20,0,0,1160.17
18.947763,72.820414,19.134363,72.852221,1,21.02,87.8,10,4,0,799.81
19.048993,72.866833,19.130097,72.90347,2,9.81,27.2,4,5,0,287.92
19.130641,72.908112,19.204431,72.976479,1,10.9,35.4,7,2,1,349.71
19.027953,72.850389,19.04674,72.842788,2,2.24,6.0,2,6,0,63.37
19.0736,72.864459,19.05578,72.842158,1,3.07,13.1,10,3,0,127.19
19.064973,72.983755,19.076622,72.81173,1,18.12,59.1,13,6,0,508.3
19.120826,72.837818,18.963386,72.825953,1,17.55,80.4,10,0,0,744.56
19.200304,72.971529,19.226704,72.962237,2,3.09,13.6,19,4,0,120.31
18.92731,72.818679,19.071447,72.879025,2,17.24,68.3,18,2,0,610.03
19.068221,72.863666,19.122934,72.917292,2,8.29,32.2,11,2,0,284.47
19.081651,72.876229,19.084272,72.861413,1,1.58,6.9,21,1,2,88.65
19.005421,72.842011,19.016649,72.837123,1,1.35,3.8,14,4,0,37.73
19.058587,72.871556,18.927836,72.841636,2,14.88,37.0,5,5,0,377.11
19.104212,72.857,19.049113,72.836698,1,6.49,16.6,5,1,0,169.45
19.070802,72.848635,19.139478,72.86045,4,7.74,34.0,20,5,1,364.91
18.95877,72.826221,19.062233,72.870491,1,12.41,39.3,12,2,0,332.19
19.085757,73.002989,18.954198,72.813906,2,24.68,74.0,22,3,0,620.73
19.000691,72.864455,18.921072,72.829807,2,9.57,30.7,16,2,0,261.15
19.035163,72.832943,19.126961,72.835067,1,10.21,30.6,2,3,0,321.84
19.227451,72.987602,18.94108,72.806524,4,37.1,120.7,15,3,0,1035.05
19.058089,72.984064,19.096795,72.869932,2,12.74,46.1,20,0,0,405.38
19.104514,72.830633,18.938111,72.816145,2,18.57,68.2,20,2,0,597.1
19.072853,72.811508,19.07318,72.880869,2,7.29,18.6,0,1,0,190.4
19.107203,72.913716,19.022557,72.856815,1,11.15,27.4,23,3,0,278.2
18.95795,72.849737,19.078653,72.851634,2,13.42,38.9,3,5,0,398.92
19.067725,72.87605,19.109724,72.907769,2,5.74,18.2,15,5,0,156.43
19.01949,72.865843,19.053261,72.83013,3,5.31,14.8,22,0,0,124.43
19.219206,72.997945,19.105973,72.846283,1,20.3,55.0,23,5,0,564.86
18.962212,72.829525,19.203458,72.988371,2,31.59,92.8,23,0,0,973.67
19.075231,72.872405,19.087444,73.0051,2,14.01,59.4,8,2,0,541.12
19.138899,72.866162,19.033194,72.859602,2,11.77,34.5,23,5,0,366.37
18.930973,72.827306,19.074921,72.866381,2,16.53,54.0,14,0,1,540.27
19.064492,72.835632,18.940029,72.816201,1,13.99,58.0,17,3,0,528.15
19.024516,72.846939,19.109551,72.877789,2,10.0,29.8,22,6,0,256.25
19.068912,72.881409,19.072511,72.878266,1,0.52,1.5,14,3,0,28.0
19.217098,72.970531,19.124102,72.911729,1,12.04,30.5,3,4,0,315.29
18.949549,72.815714,18.939163,72.813405,1,1.18,3.5,1,0,0,40.19
19.07308,72.846023,19.064118,72.862902,2,2.03,6.8,6,6,0,57.58
19.049101,72.825192,19.140886,72.919823,1,14.25,43.0,14,0,0,366.53
19.072533,72.846702,19.085511,72.87049,2,2.89,12.3,17,2,0,121.6
19.092833,72.863796,19.036958,72.834506,2,6.93,19.4,3,5,0,198.05
19.111825,72.84633,19.043198,72.817723,3,8.2,23.1,12,5,1,211.44
19.082009,73.001996,18.958292,72.83811,3,22.05,86.4,9,4,1,886.85
18.935766,72.842359,19.050462,72.836327,1,12.77,55.4,11,4,0,508.49
19.033677,72.851413,19.137087,72.850318,1,11.5,41.9,17,6,0,366.7
18.960387,72.805796,19.078692,72.824994,4,13.31,49.5,11,4,0,430.86
19.07636,72.991952,19.132799,72.850202,2,16.16,58.0,9,2,0,507.51
19.0359,72.82969,19.102182,72.838603,2,7.43,31.3,20,1,0,285.1
19.015463,72.859234,18.95874,72.836746,3,6.74,16.7,5,4,1,199.39
19.115846,72.902684,19.041192,72.81995,1,12.02,55.3,8,4,0,513.39
19.058381,72.989082,18.958986,72.812403,1,21.61,68.9,13,2,0,597.46
18.936204,72.845717,19.100147,72.874666,4,18.48,68.3,10,6,0,593.2
19.01297,72.84955,19.119304,72.908249,1,13.34,38.1,23,3,1,457.55
18.94821,72.837976,19.091725,73.011149,1,24.21,70.4,15,6,0,587.34
19.088323,73.009685,18.947716,72.845218,1,23.31,63.9,22,4,0,525.98
19.06377,72.881862,19.085068,73.013882,2,14.07,57.8,18,5,0,513.55
19.105892,72.851833,19.221355,72.976205,1,18.32,50.8,14,6,0,420.56
19.116745,72.852167,19.135037,72.926856,1,8.11,25.5,15,1,0,223.49
19.087169,73.007607,19.142878,72.915386,2,11.5,38.9,7,6,1,392.72
18.930193,72.834955,19.007928,72.850351,1,8.79,25.8,12,2,1,250.63
19.107172,72.852307,19.061644,72.830841,3,5.54,16.6,22,0,0,147.89
18.957576,72.821068,19.13239,72.908673,1,21.51,62.6,4,2,1,750.39
19.073125,72.818787,19.024166,72.8673,1,7.46,20.6,5,3,1,239.86
18.932101,72.852553,18.933308,72.839708,2,1.36,5.3,8,2,0,59.14
19.083953,72.85075,19.135281,72.893416,3,7.26,20.0,1,1,0,212.98
18.921628,72.820853,19.138766,72.852108,1,24.37,81.2,15,0,0,697.55
19.207412,72.977688,19.222057,72.994516,2,2.4,9.8,19,2,0,96.91
19.095696,73.010181,19.226381,72.964494,4,15.3,39.3,23,4,0,399.89
19.11788,72.903445,19.113274,72.890708,1,1.43,5.2,8,0,0,45.42
19.021498,72.862905,19.041892,72.823938,2,4.68,20.7,20,2,0,195.96
19.030203,72.839683,19.110532,72.922238,3,12.45,34.8,1,1,0,358.6
19.050509,72.844861,19.098503,72.852863,1,5.4,18.0,12,2,0,149.65
19.132652,72.914731,19.064988,72.809891,2,13.34,39.4,15,6,0,323.27
19.23005,72.994092,19.209305,72.965274,1,3.8,10.4,13,0,0,87.45
19.057534,73.018188,19.13936,72.855206,1,19.39,83.7,20,2,0,770.03
19.130692,72.858257,18.944726,72.831811,1,20.86,86.1,21,2,0,783.68
19.065667,72.984776,19.048199,72.832043,1,16.17,72.3,20,2,1,776.48
19.235996,72.971889,19.083046,72.852028,1,21.16,97.4,21,1,1,1051.06
19.119642,72.846607,19.047144,72.866826,1,8.34,23.4,23,0,0,227.16
18.936389,72.838159,18.943715,72.804168,1,3.67,13.6,8,3,2,150.79
18.953799,72.805865,19.09559,72.855136,1,16.6,51.8,15,6,0,449.12
19.102856,72.865887,19.061955,73.015378,2,16.35,46.6,5,5,1,565.52
19.057073,72.847896,19.03728,72.861637,1,2.63,7.4,1,4,0,79.17
19.126366,72.847857,19.115083,72.838416,1,1.6,4.8,14,6,0,47.89
19.129607,72.834764,18.939031,72.844029,2,21.21,63.6,3,5,0,674.08
18.925109,72.822573,19.087457,72.992242,1,25.38,64.0,3,2,1,747.74
19.090601,73.006522,19.088551,73.007384,3,2.35,8.3,18,2,0,79.52
19.054507,72.832367,19.130066,72.901123,1,11.08,33.2,0,3,0,342.27
18.953367,72.829261,19.065992,72.986025,1,20.7,78.8,17,2,0,698.24
19.099915,72.839057,19.015905,72.829892,2,9.39,30.0,7,3,0,260.94
19.083143,72.985077,19.080945,72.869888,1,12.11,36.2,7,3,2,399.82
19.079479,72.996893,19.206491,72.988137,1,14.15,37.6,22,2,0,314.33
19.129691,72.906099,18.960648,72.842125,2,19.96,49.9,1,4,0,514.84
18.942598,72.822634,18.925294,72.820569,1,1.94,5.7,15,4,0,45.85
18.92477,72.820711,18.926299,72.822537,1,2.54,7.1,5,4,0,75.56
19.112254,72.92331,18.947212,72.818615,1,21.4,95.1,9,4,0,878.9
19.00803,72.866851,19.107932,72.859186,1,11.14,50.0,11,3,0,461.45
19.016133,72.86678,19.095393,73.016519,1,18.04,64.2,19,5,0,560.18
19.050725,72.87019,19.103823,72.859509,2,6.01,27.3,18,6,0,250.23
19.11208,72.835139,19.103074,72.833252,3,1.02,2.6,22,0,0,29.82
19.07651,72.82074,19.21175,72.969019,1,21.65,60.9,4,3,1,733.61
18.945185,72.841815,19.067168,72.860342,3,13.7,40.1,5,4,0,418.97
19.08974,72.85382,18.955336,72.816253,1,15.46,44.7,14,4,0,366.24
19.056378,72.860099,19.198711,72.993078,1,21.11,66.5,15,4,2,731.18
18.928676,72.828582,18.946101,72.848948,1,2.89,7.8,2,6,0,76.09
19.067801,72.816231,19.199682,72.972615,3,22.02,71.0,12,5,0,607.8
18.937345,72.827644,19.12856,72.912349,2,23.05,68.5,4,4,0,719.76
19.10741,72.839728,19.06371,72.992746,1,16.8,67.6,11,6,0,607.75
19.048658,72.881103,19.119631,72.860041,1,8.2,22.2,23,2,0,231.46
18.933263,72.824601,19.049004,72.821224,1,12.87,53.6,10,1,0,481.59
19.073637,72.878532,18.940543,72.833974,1,15.52,45.7,0,6,0,474.14
19.085287,72.998985,19.113355,72.916536,2,9.21,39.1,21,5,0,356.85
19.024237,72.867694,19.115359,72.845912,1,10.39,30.9,12,4,1,294.97
18.958702,72.83016,19.200106,72.961854,2,30.2,77.8,0,4,1,903.05
19.104229,72.853843,19.057213,72.847308,3,5.27,17.2,16,3,0,143.05
19.066323,72.859285,19.210497,72.993975,4,21.38,53.3,5,1,0,548.77
19.071714,72.885374,19.137428,72.832499,3,9.18,22.5,2,0,1,267.99
19.072535,72.8814,19.107759,72.86588,1,4.24,12.5,2,1,0,132.28
19.048589,72.849301,19.116096,72.889906,1,8.63,39.8,18,0,2,488.8
18.958548,72.827295,18.932828,72.814568,1,3.16,9.0,13,2,0,87.88
18.924201,72.838232,19.143118,72.901182,3,25.23,77.1,12,0,0,646.04
19.024002,72.841376,19.115074,72.927583,2,13.59,39.7,0,4,0,408.88
19.089342,73.008114,18.94901,72.81482,1,25.62,74.1,12,0,0,630.1
19.076086,72.860812,19.099073,72.881798,3,3.38,12.4,19,5,0,101.49
19.062408,72.982728,19.035158,72.834287,1,15.89,66.1,9,2,0,601.72
19.101986,72.841334,18.931108,72.819117,1,19.14,61.8,15,1,2,683.91
19.052144,72.886727,19.062484,72.837584,1,5.29,13.5,5,5,1,164.51
18.947059,72.804794,19.043704,72.842432,1,11.45,39.0,14,2,0,335.06
19.059498,72.840033,19.004338,72.852557,1,6.27,20.6,16,6,1,211.08
19.144073,72.909597,19.078125,73.00948,1,12.8,35.1,22,2,0,292.69
19.057011,72.845039,19.074702,72.8733,1,3.56,15.1,19,0,0,135.05
19.138459,72.863722,19.059893,72.866049,1,8.74,26.2,13,5,0,228.42
19.058262,72.811854,18.92804,72.833209,2,14.65,41.8,5,5,0,439.68
19.093374,72.856469,19.073096,72.841236,1,2.77,11.5,9,2,1,120.24
18.941898,72.807182,19.122699,72.895499,2,22.14,65.0,2,3,0,683.17
19.200398,72.978006,19.094634,72.862116,3,16.93,49.7,0,0,1,605.44
19.071211,72.874929,19.058425,72.820506,4,5.89,15.0,22,2,0,121.25
19.117859,72.893441,19.109044,72.87556,2,2.12,8.6,8,1,1,86.33
18.942933,72.853521,19.055793,72.835511,3,12.69,35.3,2,2,1,419.97
19.051684,72.818672,19.061908,72.886375,1,7.21,18.7,1,6,0,196.07
19.021161,72.84957,19.10598,72.836217,2,9.54,28.5,7,6,0,242.85
19.100063,72.854059,18.92137,72.816059,1,20.27,75.0,19,5,1,761.57
19.050967,72.876316,18.922644,72.823004,3,15.33,41.6,2,2,0,425.45
18.931215,72.836454,19.019829,72.862691,1,10.23,27.2,4,1,0,279.97
19.016248,72.84732,19.079217,73.014785,1,18.94,52.3,5,5,0,549.88
19.002334,72.830365,19.082795,72.996697,2,19.64,54.7,2,2,0,560.9
19.040892,72.813572,19.124919,72.849373,2,10.07,31.7,14,6,0,268.92
18.953517,72.841804,19.125729,72.896287,1,19.99,77.9,17,4,0,698.69
19.083175,72.979233,19.237144,72.995096,1,17.2,45.9,2,3,0,470.67
18.92055,72.834297,19.115898,72.86471,1,21.96,86.7,17,1,0,778.34
18.95841,72.813543,18.933204,72.836164,3,3.68,15.9,10,3,0,151.47
19.050081,72.884332,19.070901,72.867862,1,2.89,7.3,5,5,1,87.3
19.022087,72.858081,19.068523,72.858606,2,5.16,21.8,11,5,1,224.76
18.929501,72.810156,19.237194,72.961843,1,37.74,120.2,16,5,2,1343.84
19.220197,72.981874,19.058644,72.98999,1,17.98,72.8,21,5,1,756.45
18.950938,72.841835,19.203381,72.990378,2,32.12,99.1,7,4,0,837.06
18.950839,72.837171,19.004289,72.855259,1,6.24,17.0,22,3,1,162.83
19.04978,72.856981,19.090774,72.878206,3,5.07,13.3,1,5,0,134.92
19.083014,72.873858,19.111306,72.915874,1,5.42,23.6,11,6,1,247.17
19.231659,72.96189,19.129952,72.907097,1,12.69,58.2,10,4,2,714.81
18.957633,72.812343,19.034017,72.835426,2,8.83,24.7,15,4,1,241.23
19.014639,72.864768,18.939891,72.818842,2,9.61,24.1,22,2,0,198.0
19.222581,72.985012,18.928183,72.83334,1,36.41,105.3,0,4,0,1098.94
19.032309,72.840735,19.12565,72.896229,4,11.91,37.1,7,0,0,310.96
19.135737,72.836514,18.938967,72.829191,2,21.89,73.6,7,1,0,631.02
19.076613,72.980792,19.122954,72.846315,1,15.04,37.0,5,1,0,375.01
19.111686,72.894238,18.925554,72.817888,1,22.2,67.3,13,5,0,574.18
19.135632,72.894388,19.133954,72.899199,2,0.54,1.6,15,5,0,31.52
19.086976,72.878341,19.135462,72.900828,2,5.89,19.6,16,3,0,169.56
19.10542,72.86081,19.120873,72.888557,1,3.38,12.8,11,6,0,108.97
19.061272,72.84137,19.22659,72.993283,3,24.34,73.5,6,3,0,620.92
19.137889,72.833674,18.938963,72.825234,1,22.14,102.3,19,5,0,951.01
19.084835,72.980365,19.039658,72.831676,1,16.41,43.3,4,1,0,449.39
19.135413,72.911771,19.127891,72.853641,2,6.16,22.9,8,1,2,262.32
19.019814,72.843075,19.128946,72.835663,1,12.16,44.7,9,6,0,398.12
19.016405,72.862065,18.949772,72.823974,2,8.42,21.0,5,5,0,207.9
19.086314,72.989476,19.025002,72.862,1,15.03,44.6,4,4,1,543.51
19.144533,72.917142,19.126124,72.861389,2,6.2,17.0,12,2,2,174.12
18.958806,72.817418,19.107754,72.89967,1,18.68,52.3,4,4,0,547.19
19.105721,72.842273,19.026315,72.842396,1,8.83,25.6,5,3,0,267.81
19.092753,73.003657,19.09631,72.866909,1,14.37,44.3,14,2,0,371.82
19.045281,72.833075,19.079073,72.994199,2,17.35,46.2,1,0,0,471.97
19.023875,72.861819,18.950604,72.823248,1,9.1,23.1,22,1,0,196.69
18.946709,72.840003,19.077197,72.826897,2,14.57,59.0,20,3,2,693.89
19.0266,72.847357,19.208275,72.976115,1,24.31,105.3,19,2,0,969.61
19.223982,72.96534,19.221239,72.98855,2,2.46,6.1,5,2,0,52.19
18.943315,72.814321,18.94214,72.822504,1,0.87,2.1,4,6,1,41.07
19.11738,72.902464,19.021132,72.863304,2,11.47,28.5,22,6,0,238.28
18.939177,72.812264,18.927299,72.823216,1,1.75,6.4,10,6,0,49.63
19.1145,72.862615,19.042093,72.815854,1,9.43,40.6,10,0,2,485.21
18.937301,72.826293,19.106039,72.857426,1,19.05,71.0,20,1,1,728.11
19.009646,72.842225,18.931378,72.8081,2,9.41,25.5,22,4,0,212.21
19.116469,72.892903,19.013687,72.850079,1,12.28,35.1,23,5,1,430.5
19.049778,72.8869,18.956965,72.845922,2,11.18,34.5,15,5,0,294.56
19.110556,72.92334,19.140798,72.90585,1,3.83,16.3,11,0,0,150.54
19.052456,72.884073,19.020255,72.849973,1,5.07,19.3,21,2,0,168.0
18.942768,72.82684,19.137739,72.829777,1,21.68,62.7,1,5,0,660.01
19.0794,72.878933,19.128782,72.92277,4,7.17,20.3,5,6,0,213.27
19.115964,72.862644,19.107314,72.920484,4,6.15,26.0,19,1,0,241.84
19.077423,72.850895,19.109913,72.842277,2,3.72,10.3,1,4,1,118.19
18.935075,72.84893,19.090849,73.008106,3,24.08,96.8,11,0,0,871.0
19.094421,73.001902,19.083164,72.874298,2,13.47,59.1,11,4,2,695.22
19.004391,72.866651,18.943743,72.817254,1,8.51,23.3,16,6,0,190.94
19.065772,72.850687,19.051193,72.864247,2,2.16,7.2,7,3,0,59.94
19.052305,72.833703,19.058753,72.855809,3,2.43,6.8,16,1,0,66.0
19.124978,72.829142,19.079778,72.849621,2,5.47,14.6,1,6,0,155.84
19.073694,72.869214,18.998914,72.8297,2,9.29,30.7,12,0,0,255.95
19.003348,72.83983,19.091723,72.882772,2,10.81,31.8,7,1,0,270.55
19.062783,72.846096,19.136125,72.900229,2,9.94,26.2,3,6,0,273.02
19.101494,72.841654,19.079863,72.990384,1,15.81,48.4,7,0,1,474.81
19.11779,72.852241,19.12987,72.834626,3,2.29,8.1,8,3,0,73.97
19.080759,73.012841,19.064991,72.864705,4,15.67,53.0,14,5,0,456.19
19.053914,72.831967,19.069957,73.009347,1,18.73,61.9,6,1,0,528.07
19.056153,72.870652,19.208507,72.977864,1,20.34,79.5,9,5,0,706.13
19.07146,72.863165,19.030535,72.84122,1,5.1,18.4,8,1,0,169.76
19.06655,72.868172,18.932377,72.822803,1,15.66,45.5,3,2,1,551.24
19.035442,72.829364,19.136714,72.844004,1,11.37,41.7,8,5,0,364.85
19.087315,72.981008,19.117604,72.919844,3,7.26,22.0,14,1,0,189.62
19.001149,72.838744,19.073174,73.006832,1,19.4,86.8,8,4,0,807.82
18.936141,72.847162,19.074155,72.827755,1,15.48,70.5,20,3,1,759.41
18.950729,72.82952,19.129142,72.898789,2,21.13,80.4,11,5,0,710.36
19.224496,72.967697,18.947709,72.835018,1,33.79,132.4,21,6,0,1179.95
19.126162,72.906495,19.078353,72.990168,2,10.27,26.1,23,6,0,269.09
19.113461,72.902674,19.086495,73.012296,1,11.9,51.5,10,2,0,475.5
19.203162,72.995745,19.228895,72.96229,2,4.53,12.9,22,0,2,138.08
18.924697,72.83641,18.929134,72.828099,2,1.0,3.4,16,4,0,38.84
18.926073,72.850623,19.226652,72.98052,2,36.1,162.6,19,0,0,1507.01
19.062861,72.856497,19.112266,72.894015,2,6.76,17.6,0,4,0,175.84
19.074254,73.011152,18.943979,72.821435,2,24.65,66.3,2,0,0,682.48
19.143102,72.927268,19.081837,72.884114,2,8.18,24.9,16,4,0,210.54
18.948531,72.839475,19.135135,72.894564,2,21.54,82.2,20,5,0,726.37
19.046806,72.854841,19.069393,72.828216,3,3.76,16.2,17,4,0,146.64
19.067663,72.831426,18.932333,72.820994,1,15.09,55.1,8,1,0,482.52
18.953914,72.813552,19.047241,72.843699,1,10.85,33.9,6,2,0,292.01
18.930576,72.827253,19.076219,73.01673,1,25.67,115.8,11,2,0,1068.28
19.12128,72.86296,18.956936,72.810933,1,19.07,55.5,5,6,0,584.27
19.116078,72.915312,19.055609,72.839539,1,10.42,25.8,23,5,0,259.68
19.017589,72.864412,18.950544,72.838831,1,7.93,36.4,11,6,0,346.28
19.087426,72.848703,18.941682,72.81834,2,16.52,46.9,1,5,0,495.18
18.935349,72.854508,19.131299,72.892046,1,22.14,84.6,20,4,0,756.67
18.928012,72.83268,19.070173,72.99937,2,23.6,88.3,11,5,0,771.61
19.026151,72.828467,19.07737,72.850426,1,6.15,17.2,1,0,1,205.85
19.229873,72.962263,19.033556,72.86495,1,24.1,98.9,18,2,0,906.85
19.023613,72.849957,19.129546,72.839347,3,11.83,48.3,17,4,0,438.64
19.07032,72.841803,18.921975,72.835974,1,16.51,48.9,16,5,0,413.47
19.04753,72.875123,19.119143,72.85765,4,8.17,22.8,2,0,0,235.71
19.106889,72.830076,19.067566,72.837855,4,4.45,20.2,9,0,0,187.16
18.960496,72.831006,19.0731,72.99083,1,20.95,65.9,16,5,0,565.29
19.058224,72.885219,19.118941,72.826699,4,9.13,39.6,10,4,0,367.81
18.924785,72.813897,19.100774,72.879454,3,20.75,55.6,0,6,1,657.58
19.12075,72.846728,19.206706,72.986776,1,17.54,43.4,22,4,0,356.71
19.104249,72.863541,19.132089,72.840671,2,3.92,12.4,13,1,0,96.82
19.001218,72.857007,19.007802,72.8351,2,2.42,10.6,20,2,0,98.19
19.034775,72.840157,19.199579,72.975822,4,23.22,87.9,21,6,1,900.68
19.059782,72.885132,19.075457,72.991329,2,11.3,50.0,21,1,0,459.01
19.20808,72.962539,19.090146,72.986768,2,13.36,39.6,1,0,0,414.05
18.959331,72.822655,19.219974,72.974558,1,33.09,137.5,9,6,0,1245.42
19.053111,72.868504,18.963431,72.833307,2,10.64,33.6,12,2,0,287.55
19.095099,72.851668,19.031088,72.854347,1,7.12,18.2,2,5,1,222.1
19.068743,72.847315,19.133218,72.858016,2,7.26,23.8,6,3,0,202.46
19.202768,72.963537,19.00815,72.852574,1,24.58,70.6,0,5,0,744.61
19.053586,72.822944,19.136057,72.837035,1,9.29,29.1,14,6,0,250.85
18.927565,72.845652,18.947512,72.824212,2,3.16,9.5,1,6,0,105.35
19.089637,72.847966,19.065225,73.001077,2,16.32,47.0,3,0,0,493.39
19.046991,72.825852,19.223954,72.960437,2,24.23,71.8,6,4,1,687.86
18.92368,72.843492,18.934243,72.818374,1,2.89,8.0,14,6,0,62.61
19.13695,72.851086,19.092179,72.863885,3,5.16,18.5,18,2,0,171.78
19.059396,73.006321,18.939631,72.851308,4,21.05,60.7,16,2,0,504.53
19.12608,72.842238,19.212888,72.969253,1,16.47,48.2,12,6,0,398.18
19.131779,72.833089,19.069488,72.828174,1,6.95,20.6,12,5,0,173.0
19.101717,72.85931,19.090913,73.012013,2,16.09,41.9,5,0,0,431.04
19.095872,72.86395,19.058851,72.817629,2,6.37,29.2,19,6,0,271.9
18.946317,72.838923,19.098249,72.858842,1,17.02,57.7,16,3,0,504.1
18.93395,72.836997,19.111056,72.830483,1,19.71,62.8,13,0,0,536.03
19.078287,72.886732,19.073863,72.859462,1,2.91,9.3,7,4,1,96.02
19.133025,72.857325,19.072742,72.856589,2,6.7,22.1,12,2,0,177.03
19.095676,72.983684,19.09992,72.861802,2,12.82,33.1,3,4,0,343.3
19.08977,73.018375,19.120246,72.91645,1,11.23,31.8,7,3,0,269.2
19.076753,72.842229,19.057832,73.018522,2,18.65,48.7,22,4,0,404.39
19.003996,72.836938,19.072234,72.879372,1,8.8,24.7,5,1,0,258.21
19.089121,72.876893,19.07891,72.876425,2,1.14,3.3,4,5,0,49.16
19.065142,72.870205,19.021846,72.852985,3,5.14,23.8,9,5,0,215.41
19.207201,72.966532,18.928504,72.851719,3,33.26,83.1,22,2,0,679.47
18.925748,72.836559,19.062154,72.854361,1,15.28,54.5,19,4,0,477.89
19.130676,72.837428,18.949322,72.845667,1,20.18,58.6,22,4,0,490.04
19.062314,73.006159,19.066859,73.014949,1,1.05,2.7,0,2,0,38.8
19.06823,72.888455,19.103695,72.855909,2,5.22,17.3,16,3,0,150.39
19.017134,72.833693,19.233379,72.994952,4,29.41,90.7,16,3,1,880.46
18.928073,72.837654,19.0303,72.853833,2,11.49,31.7,5,3,1,381.29
19.063877,72.848155,18.999819,72.866134,1,7.37,23.1,12,4,0,196.6
19.091127,73.003603,19.067185,72.837307,1,17.68,70.7,11,3,0,642.8
19.011949,72.856558,19.017059,72.859233,1,0.63,2.9,10,3,0,56.94
19.114372,72.899893,19.080633,72.87046,1,4.86,14.1,7,2,1,130.18
19.050425,72.88833,19.112729,72.844463,1,8.32,25.2,14,0,0,209.76
19.063941,72.815747,18.952919,72.840307,1,12.61,41.2,15,5,1,411.04
19.110198,72.850937,18.950169,72.840878,1,17.83,80.4,18,5,0,747.41
19.220761,72.972371,19.236948,72.961861,1,2.11,5.6,1,2,1,68.25
19.03247,72.838279,19.117067,72.895554,4,11.17,47.0,21,2,1,492.73
19.227919,72.963753,19.145254,72.897833,2,11.51,31.1,2,6,0,320.19
19.090742,72.870878,18.947234,72.809383,2,17.22,72.4,10,6,0,656.36
19.066593,72.817771,19.074717,72.841248,1,2.63,11.0,19,2,0,98.78
19.201009,72.979134,19.053799,72.853752,2,21.01,62.3,23,1,0,650.51
19.144822,72.913672,19.112241,72.847355,2,7.85,26.7,16,1,0,230.57
19.071709,72.861175,19.206995,72.995168,2,20.6,91.3,10,6,0,846.1
19.061639,72.849057,18.953089,72.825422,1,12.32,50.4,18,2,1,521.63
19.058689,72.869163,19.088156,72.877923,2,3.4,15.3,11,0,0,141.63
19.236548,72.991604,19.026882,72.863685,2,26.91,98.4,10,6,0,877.69
19.062924,72.81688,19.033134,72.848924,1,4.72,13.5,12,5,0,113.72
19.117401,72.893384,18.931981,72.804296,2,22.64,58.8,3,0,0,608.55
19.058416,72.868934,19.233516,72.997859,1,23.72,61.1,5,1,0,628.23
18.936512,72.816531,18.959933,72.804805,2,2.88,8.3,0,6,0,84.43
18.94757,72.848479,19.025698,72.830386,3,8.89,25.1,3,6,0,263.1
18.920886,72.838157,19.231948,72.96383,1,37.02,104.8,22,5,0,872.27
19.216645,72.958292,19.037766,72.844014,2,23.23,99.1,18,0,0,900.37
19.063893,72.991069,19.110274,72.893945,3,11.44,33.8,2,1,1,405.0
18.935273,72.814253,19.080611,72.888612,1,17.95,45.8,4,0,0,464.92
19.074554,72.867967,19.222827,72.980418,1,20.28,78.2,17,1,0,691.52
19.067323,72.815568,19.121547,72.842619,1,6.67,22.1,14,0,0,184.17
19.046311,72.846252,19.141346,72.904711,1,12.22,38.8,6,1,0,333.09
19.065339,72.851586,19.069059,72.817725,1,3.58,16.3,10,1,0,149.66
19.061469,72.830828,18.955168,72.83998,1,11.86,34.2,0,1,0,364.37
19.123177,72.857495,19.130919,72.918894,3,6.51,29.8,18,6,2,361.7
19.134232,72.889212,19.20593,72.991711,2,13.4,58.0,9,5,0,532.29
19.007588,72.853558,19.11884,72.844213,1,12.41,32.1,2,6,0,321.5
19.229795,72.986115,19.003488,72.856388,3,28.62,120.3,11,4,0,1085.94
19.074068,72.850166,18.948089,72.826546,1,14.23,37.8,2,0,0,382.48
19.103986,72.857017,19.035496,72.830099,1,8.12,29.3,10,2,0,256.71
19.057725,72.988341,19.061264,72.87092,4,12.35,54.8,17,5,0,507.45
19.01846,72.83216,19.051714,72.865585,1,5.1,18.2,10,6,1,179.0
18.953904,72.842702,19.086517,73.013229,4,23.21,57.3,1,0,0,583.62
19.229016,72.97803,19.075305,72.848337,3,21.86,99.1,9,0,0,923.06
19.004535,72.863313,19.070741,72.872095,2,7.42,24.0,7,1,0,199.28
19.072057,72.876099,19.209156,72.98941,1,19.34,73.3,9,4,0,646.82
19.138091,72.89689,19.074625,72.855549,3,8.29,23.9,23,4,1,278.7
18.957346,72.822009,19.081492,72.866936,1,14.59,56.5,20,0,0,498.63
19.075676,72.818596,19.21408,72.996042,2,24.17,71.5,22,6,0,615.23
19.055647,72.817918,19.064544,72.883711,2,6.99,20.8,2,0,0,219.53
19.226112,72.980119,19.125573,72.892291,4,14.49,41.2,12,0,1,389.26
18.959761,72.838661,19.077799,72.85952,1,13.31,35.8,0,2,0,369.3
19.201994,72.981766,19.096369,72.988988,2,11.77,39.2,15,0,0,340.15
18.954589,72.808903,19.143388,72.903985,1,23.25,65.6,12,4,0,542.11
19.09034,72.876221,19.061007,72.811372,2,7.56,21.2,5,5,0,219.47
19.067564,72.886402,19.046057,72.812235,4,8.15,25.8,12,5,0,222.67
18.928721,72.840572,18.947551,72.839778,2,2.1,7.7,20,5,1,84.02
19.028575,72.831151,18.957503,72.818407,1,8.02,26.8,15,2,0,229.2
19.118944,72.857332,19.083233,72.85324,2,3.99,14.8,19,6,0,126.77
18.938574,72.806683,19.076267,72.811187,1,15.32,45.4,0,6,1,549.57
19.058438,72.997515,19.109512,72.852004,1,16.31,50.8,16,3,0,435.64
19.128059,72.919253,18.938009,72.823656,2,23.4,72.5,7,6,0,618.46
19.050679,72.874847,19.21476,72.994536,1,22.16,93.2,20,3,0,850.85
19.065034,72.813613,19.217497,72.994108,2,25.43,64.6,23,5,0,663.4
18.921552,72.846282,19.067268,72.885154,3,16.71,72.7,17,0,0,663.71
18.96128,72.813003,19.02053,72.838131,2,7.1,22.9,12,2,0,197.21
19.035721,72.854265,19.045964,72.869191,2,1.94,7.4,8,2,1,72.37
19.060358,72.886407,19.082432,73.009173,2,13.13,36.8,3,1,1,434.66
18.943488,72.804718,19.115593,72.85648,1,19.9,56.5,2,4,0,592.16
19.082976,72.882516,19.094595,72.863544,1,2.38,6.0,2,3,0,60.0
19.115218,72.891224,19.086265,72.866146,2,4.16,12.8,7,5,0,108.32
19.069799,72.837063,19.002368,72.866609,2,8.12,23.3,6,3,0,195.21
19.033942,72.845895,19.135234,72.925172,1,14.01,40.9,0,2,0,436.2
19.064341,72.987516,19.1463,72.897181,1,13.16,60.8,11,1,0,564.06
19.071553,72.871038,19.228324,72.961466,1,19.85,78.1,9,1,1,804.45
18.941,72.841814,18.925845,72.81351,1,3.42,15.4,19,5,1,162.18
19.202934,72.990616,19.010378,72.849106,1,26.07,84.2,7,5,0,716.73
19.10999,72.893336,19.135898,72.900869,1,2.99,8.4,13,4,0,67.35
19.2254,72.983463,19.083229,72.988939,1,15.82,46.8,0,4,0,492.79
19.20682,72.979105,19.095366,72.85223,1,18.2,46.3,3,3,0,470.94
19.08063,72.861659,19.124914,72.856028,1,4.96,21.5,10,6,0,197.66
19.091623,72.872898,19.073403,72.995857,1,13.08,60.2,19,3,0,556.36
19.031153,72.83239,19.033884,72.857606,1,2.67,8.5,15,0,0,69.75
18.959323,72.817163,19.220844,72.963775,1,32.91,147.2,11,4,1,1572.77
19.066206,72.834185,19.064884,72.867211,3,3.47,8.9,4,6,0,92.8
19.000273,72.834041,19.065423,73.016116,1,20.46,75.3,9,3,0,664.82
19.01044,72.867731,19.131844,72.830467,1,14.06,41.4,22,5,0,348.7
19.130433,72.896708,18.929529,72.832685,1,23.33,101.1,10,1,1,1068.85
19.198781,72.963325,19.114315,72.918957,1,10.48,41.9,21,3,0,373.76
19.138742,72.915334,19.101661,72.8378,2,9.13,38.2,20,3,0,348.62
18.955109,72.838015,19.058203,72.846933,2,11.5,34.8,12,3,0,294.02
19.070711,72.868107,18.949363,72.804585,1,15.06,55.9,17,2,0,495.19
19.080403,72.84686,18.958557,72.823092,1,13.78,37.7,7,6,1,359.83
19.213372,72.97966,19.070083,72.823048,1,22.9,68.5,22,3,0,583.54
19.074464,72.854167,18.956486,72.828517,2,13.39,38.1,1,6,0,395.32
19.064377,72.841351,19.070896,72.819938,4,2.36,7.6,6,0,0,56.13
19.004893,72.847818,19.075242,72.88451,1,8.72,28.1,12,6,0,240.19
19.071966,72.81199,19.199732,72.996558,2,24.04,91.8,20,3,0,816.31
19.118642,72.910152,19.123497,72.927129,2,1.86,7.1,9,2,1,82.34
19.13734,72.855102,19.227808,72.959008,1,14.84,67.7,11,4,0,632.97
19.221844,72.960195,18.961124,72.840943,1,31.58,105.4,7,5,0,910.18
19.095146,72.98839,19.067882,73.010734,1,3.83,10.6,7,5,0,79.12
18.942628,72.804131,19.012538,72.84163,3,8.72,25.6,5,5,0,277.92
18.959321,72.830164,19.009142,72.832829,1,5.55,23.3,9,6,0,206.35
19.018638,72.853322,19.055893,72.887272,1,5.47,21.7,18,5,0,191.98
19.020082,72.841015,18.951272,72.807652,2,8.42,23.5,23,4,0,237.57
19.082963,72.887659,19.12548,72.836052,1,7.19,29.4,11,0,1,313.39
19.061803,72.863356,19.052043,72.887779,1,2.79,10.9,19,3,0,104.47
19.220239,72.980412,19.07774,73.000097,2,15.98,49.7,7,1,0,426.11
19.207888,72.980072,19.071524,72.848502,2,20.52,61.5,3,6,2,840.34
19.07502,73.003399,19.138532,72.895941,1,13.32,41.9,12,1,0,362.53
19.079751,72.986063,19.131652,72.898218,1,10.89,28.1,5,2,1,322.98
19.13806,72.926018,19.081133,72.87678,2,8.18,32.0,20,6,0,295.56
19.066821,72.812265,19.13024,72.834067,1,7.41,34.0,8,4,1,361.43
19.088993,72.980914,19.083103,72.873185,1,11.34,51.9,8,5,0,486.54
19.10087,72.847582,19.098935,72.87204,1,2.58,6.9,1,0,1,75.6
19.05755,72.848252,18.933327,72.826466,2,14.0,37.5,3,3,0,386.7
19.074385,72.81794,19.077105,72.982962,1,17.34,43.7,3,2,0,442.18
19.028033,72.856917,19.070277,72.881154,1,5.34,14.4,5,1,0,144.15
18.957482,72.824969,19.110197,72.926139,2,20.04,54.4,3,3,0,562.28
19.098835,72.864271,19.077398,73.014703,1,15.99,69.6,11,5,0,645.63
18.946141,72.839896,19.091656,73.012376,2,24.3,65.4,4,0,0,678.81
19.101465,72.868146,19.072536,72.879369,2,3.43,14.3,8,3,0,138.49
19.208557,72.958635,19.100715,72.855518,1,16.16,73.5,17,2,0,680.3
19.084577,73.008986,19.209109,72.991482,1,13.97,34.6,2,1,0,351.84
19.107691,72.868104,19.235572,72.967193,1,17.62,68.9,8,6,0,601.94
19.051876,72.818543,19.087705,73.007669,1,20.27,91.1,17,5,0,838.34
19.099291,72.852708,18.931502,72.820156,1,18.97,57.6,12,5,0,492.11
19.042745,72.820752,19.102963,72.840534,2,7.01,26.1,8,3,0,232.77
19.040062,72.828584,19.072968,72.84917,3,4.25,16.5,8,4,0,147.27
19.014004,72.853683,19.110605,72.830585,1,11.01,45.2,10,3,0,402.69
19.068896,72.882695,19.082244,73.012849,1,13.76,43.9,14,2,1,425.17
18.949041,72.819658,18.95801,72.80633,1,1.72,5.1,0,2,0,46.79
19.049085,72.877092,19.091206,73.00056,1,13.8,63.1,21,0,0,589.44
19.057636,72.840986,19.139852,72.903562,1,11.26,44.7,9,2,1,461.06
19.106742,72.839128,18.938435,72.839455,2,18.71,82.4,20,3,0,759.81
18.925979,72.834269,18.945152,72.84931,1,2.65,10.8,10,2,1,117.63
19.095542,72.865406,19.108999,72.847374,2,2.41,7.4,16,4,0,67.1
19.200908,72.962067,19.207153,72.977771,3,1.79,5.0,0,4,0,50.45
19.054099,72.829126,18.931986,72.839901,1,13.63,37.4,14,3,1,363.0
19.119081,72.90965,19.022806,72.856601,1,12.07,39.5,7,6,0,341.78
19.084762,72.869207,19.085945,72.86228,1,0.74,2.0,0,5,0,43.61
19.113052,72.839977,18.932251,72.809299,1,20.36,79.6,20,4,0,714.88
19.015224,72.864791,19.104987,72.855981,1,10.02,29.5,7,6,0,251.65
19.089988,72.987238,19.22618,72.980483,2,15.16,44.5,0,2,1,535.16
19.084726,72.86354,19.046853,72.861299,2,4.22,11.5,6,0,0,92.18
18.946388,72.839164,19.108916,72.881093,3,18.6,51.0,2,0,0,529.28
19.211894,72.95857,19.087451,73.005529,1,14.69,54.1,10,3,1,551.48
19.063738,72.84172,19.066358,72.99221,1,15.82,44.0,14,0,0,368.3
19.117388,72.849398,19.060541,73.01816,2,18.83,55.4,6,1,1,532.46
18.931489,72.85292,18.953222,72.838937,2,2.83,11.5,11,5,1,122.54
19.236958,72.97101,19.226521,72.983179,1,1.73,6.6,9,5,0,65.81
18.948734,72.821192,19.228408,72.977011,3,35.15,112.0,12,6,0,960.88
18.935564,72.806656,18.950402,72.819322,2,2.12,7.9,19,6,1,78.7
19.130585,72.891559,19.216091,72.966249,3,12.33,34.0,1,3,0,363.16
19.06237,72.999257,19.100466,72.827247,1,18.57,54.1,15,4,0,443.18
19.074399,73.014004,19.217932,72.989542,1,16.17,54.0,16,6,0,462.92
18.927123,72.832445,19.072046,72.851724,1,16.24,66.8,9,4,0,603.78
19.128032,72.925035,19.11008,72.907665,1,2.7,8.5,16,4,1,87.03
19.106651,72.851748,19.217089,72.979432,4,18.18,51.6,23,3,0,531.29
19.134048,72.923459,18.935928,72.808751,1,25.11,98.4,11,4,2,1149.74
19.033769,72.858521,18.947303,72.819612,1,10.45,31.8,14,5,2,354.83
19.056898,72.845222,18.944177,72.819878,3,12.81,33.8,0,6,0,338.94
19.125018,72.828489,19.104563,72.834821,4,2.37,8.9,18,6,0,68.87
19.064444,72.883135,19.03752,72.863503,1,3.64,9.8,5,2,0,91.13
18.937018,72.810231,19.084133,72.884485,1,18.13,73.7,11,6,0,658.13
19.07248,72.982693,18.934959,72.823715,1,22.65,61.9,6,2,0,513.72
18.927316,72.825403,18.962198,72.816787,1,3.98,11.6,2,5,0,120.43
19.106614,72.869309,19.045028,72.823909,1,8.35,22.6,0,5,0,231.23
18.955461,72.849325,18.929706,72.834013,1,3.29,10.9,14,2,0,104.84
19.01814,72.857519,18.926641,72.824599,1,10.75,29.2,23,0,0,296.2
19.063162,72.872532,19.11032,72.845531,2,5.96,23.6,18,0,0,212.14
19.128951,72.900852,19.035583,72.831771,2,12.67,55.3,11,0,1,582.89
19.06478,72.989999,18.936978,72.803597,1,24.21,67.4,15,3,1,637.87
18.95864,72.803449,19.03486,72.829152,1,8.9,22.3,23,2,0,224.81
19.081211,72.993276,19.203721,72.962984,1,13.99,42.6,16,4,0,364.75
19.070631,72.993243,19.208902,72.967953,1,15.6,66.8,18,0,0,609.18
18.955405,72.83469,19.050424,72.816826,2,10.73,31.3,13,0,0,261.7
19.105379,72.864023,19.062317,72.858699,2,4.82,15.3,15,4,0,130.03
19.043637,72.846522,19.080158,73.014702,3,18.14,48.2,3,0,1,568.26
18.940222,72.819502,19.058532,73.003288,1,23.38,85.0,11,3,2,975.71
19.03686,72.841308,19.028826,72.857091,1,1.88,4.7,5,5,0,51.07
19.052891,72.881836,19.110144,72.912372,1,7.13,19.3,2,5,0,202.67
19.060075,72.875178,19.08519,72.981372,1,11.5,46.4,8,4,0,420.01
18.951082,72.819319,19.101601,72.848971,1,17.02,73.0,21,3,0,675.67
18.954978,72.818081,19.102626,72.855093,1,16.87,47.2,4,2,0,490.13
18.935157,72.827601,19.10368,72.875171,1,19.39,83.3,8,1,0,759.15
18.951581,72.832458,19.139044,72.896092,1,21.89,65.6,5,0,0,696.59
19.094583,72.861528,19.080471,72.854025,1,1.76,4.9,5,3,0,52.28
19.122557,72.918298,19.061165,73.00907,1,11.73,39.0,6,5,0,327.6
19.051499,72.837715,18.962586,72.842931,2,9.9,41.0,19,1,0,373.45
19.07174,72.986831,18.934043,72.815445,1,23.65,63.3,5,0,0,653.27
19.025181,72.831956,19.018027,72.849014,1,1.96,6.2,7,2,1,69.6
19.106421,72.922777,19.108447,72.826496,1,10.12,44.4,10,6,0,408.36
19.106958,72.846069,19.110088,72.847674,3,1.84,7.8,9,5,1,86.82
19.133082,72.917143,19.075084,72.867832,2,8.27,23.2,6,2,1,210.4
19.109112,72.854303,19.084101,72.857496,1,2.8,9.2,15,5,1,89.49
19.234885,72.967786,19.052272,72.814279,1,25.93,107.4,11,5,1,1110.56
19.048399,72.828317,19.107375,72.837915,3,6.63,22.4,13,6,0,189.91
19.081306,72.881402,18.962574,72.840566,1,13.88,41.6,22,3,0,350.3
18.941801,72.833678,19.109079,72.867636,1,18.94,52.3,3,0,0,544.19
18.962094,72.828383,19.139259,72.846569,4,19.79,77.9,18,2,0,694.82
19.231432,72.963086,18.959491,72.828496,1,33.38,88.1,3,5,0,906.94
19.057832,73.011241,19.073762,72.876092,1,14.31,54.1,8,3,1,554.23
19.093806,73.016861,19.115609,72.911685,1,11.31,31.6,1,1,0,327.93
19.071416,72.814688,19.023178,72.857051,1,6.97,23.6,7,1,0,207.21
18.935437,72.807047,19.22376,72.981638,2,36.94,132.7,11,5,1,1340.22
19.031469,72.842368,18.929587,72.835914,1,11.35,48.2,20,1,0,445.99
19.024709,72.860077,19.136953,72.857382,1,12.48,38.7,13,1,1,375.85
18.946029,72.821495,19.10719,72.925369,1,20.98,57.4,0,1,1,687.02
19.212657,72.970855,18.92416,72.834682,1,35.13,104.3,12,4,1,1011.22
19.120423,72.854976,18.945093,72.82793,3,19.7,88.7,19,4,1,938.92
19.084532,72.855571,19.20154,72.996443,1,19.7,61.2,7,0,0,517.97
19.129517,72.902972,18.943106,72.810163,1,22.91,57.1,22,2,0,466.54
19.056215,72.812838,19.108611,72.908945,1,11.66,41.7,18,3,1,419.12
19.050771,72.822135,19.067254,72.864508,1,4.82,13.5,2,0,0,139.76
19.019301,72.837792,19.071579,72.860017,1,6.26,16.1,5,5,0,163.51
18.929722,72.818311,19.140839,72.920914,1,25.83,93.0,17,4,0,812.8
19.074517,72.980543,18.950481,72.818928,1,21.88,83.9,10,5,1,866.31
19.132346,72.831829,19.015271,72.837429,2,13.03,36.3,0,0,0,380.06
18.952924,72.835104,18.946187,72.844641,1,1.25,3.4,4,1,0,43.94
19.087714,72.983529,18.942449,72.815652,1,23.92,87.7,10,5,0,763.73
19.105733,72.858775,19.089435,72.858599,4,1.81,4.7,5,1,0,50.64
19.077313,72.861884,18.939694,72.853549,1,15.33,66.2,21,2,0,607.78
18.954094,72.836317,18.958158,72.821764,2,1.6,5.4,16,4,0,42.93
18.924613,72.847897,19.201502,72.997722,3,34.58,91.7,0,3,1,1093.71
19.123293,72.862556,19.049325,72.818582,1,9.43,26.4,23,6,0,285.35
19.006161,72.864301,19.105451,72.856402,1,11.07,46.1,11,2,0,424.66
19.11871,72.837906,19.069766,72.859113,1,5.88,26.5,20,0,0,248.77
19.063114,72.825212,19.116777,72.910483,1,10.77,30.0,22,6,2,329.13
18.930541,72.824219,19.051523,72.824245,1,13.45,45.8,14,3,0,394.54
19.202516,72.978054,19.093158,72.857336,1,17.57,77.4,20,3,0,708.15
19.079535,72.875771,19.100486,72.854149,2,3.25,10.4,14,2,0,88.81
19.206018,72.960086,19.200818,72.959412,3,0.58,1.8,14,6,0,34.21
19.112883,72.860297,19.065672,72.855884,2,5.27,16.1,16,3,0,141.33
19.207588,72.996244,19.096441,73.006695,2,12.41,51.5,20,4,0,465.48
19.125241,72.908626,19.138513,72.848347,3,6.5,30.0,20,1,1,318.02
18.935897,72.842203,18.950488,72.815985,4,3.2,9.4,1,6,1,113.63
19.007525,72.867664,19.144267,72.911661,1,15.89,43.7,4,0,0,455.14
19.063628,72.834342,19.203435,72.968356,4,20.97,57.0,2,3,0,598.85
18.927724,72.81905,19.121369,72.832773,1,21.58,58.7,5,5,1,709.39
19.063739,72.862425,19.009186,72.845096,1,6.33,18.4,5,5,0,198.52
19.231691,72.991851,19.080896,73.014031,2,16.93,50.6,3,6,0,535.58
18.95225,72.836351,19.095169,72.852102,2,15.98,59.2,10,4,0,524.93
19.109831,72.919796,19.12553,72.83046,3,9.55,29.3,14,4,0,254.04
19.052538,72.826327,19.100817,72.862243,1,6.56,19.6,2,6,1,238.76
18.933312,72.830932,19.035179,72.856654,4,11.65,50.1,9,2,1,523.27
18.939661,72.816507,19.218699,72.959638,1,34.48,158.5,18,6,0,1478.61
19.210316,72.981191,19.037787,72.862572,3,22.88,57.3,2,6,0,582.54
19.087169,72.878763,19.112863,72.856677,1,3.68,11.7,16,5,0,99.43
19.086926,72.851954,19.074087,72.86268,2,1.82,5.3,0,3,1,55.13
19.071171,72.818664,19.229739,72.974295,1,24.04,65.8,23,4,0,687.26
19.065486,73.014024,19.099695,72.86855,2,15.75,68.8,20,4,1,732.44
19.12956,72.843181,19.084422,72.994131,1,16.64,49.4,15,1,0,419.92
19.076376,72.857043,19.016967,72.856499,1,6.61,23.7,11,5,0,209.65
19.056716,72.855968,19.108625,72.893092,1,6.97,23.2,12,0,0,198.62
18.962145,72.8326,19.002057,72.840812,1,4.52,11.5,23,4,0,116.15
19.141294,72.905665,19.021728,72.852365,2,14.43,43.9,12,3,2,487.85
19.091416,72.882839,19.110257,72.856677,2,3.46,11.1,7,5,0,81.98
19.104228,72.880222,19.100825,72.826457,1,5.66,14.5,1,0,0,151.5
19.078148,73.012817,19.085359,72.885967,1,13.35,34.5,5,3,0,344.37
19.221431,72.997437,19.057226,72.872409,2,22.49,64.0,6,4,0,532.28
19.06191,72.991802,19.12713,72.891499,1,12.79,38.5,6,6,0,332.2
19.090728,72.865141,19.078209,72.818055,2,5.14,20.8,19,6,0,191.36
19.116038,72.914111,19.110019,72.835385,1,8.3,24.7,4,4,0,268.98
19.134921,72.834975,18.941402,72.823424,1,21.55,55.7,22,4,2,596.29
19.086287,72.99394,19.135178,72.847732,1,16.3,45.4,23,1,0,464.93
19.132462,72.911303,19.202167,72.983179,3,10.82,39.4,21,1,0,351.06
19.117186,72.894798,18.926436,72.829066,1,22.31,59.0,4,4,0,607.53
19.007258,72.832481,19.061068,72.812847,2,6.33,23.5,17,1,0,215.71
19.10428,72.844843,19.054054,72.832398,3,5.74,22.6,17,3,0,199.02
18.926984,72.841303,19.228787,72.995671,2,37.27,108.2,0,3,0,1127.78
19.074892,72.848841,19.131467,72.860394,1,6.41,24.1,9,4,0,212.29
19.113679,72.902901,19.200687,72.979551,1,12.59,42.4,13,6,0,367.34
19.131669,72.834105,19.053331,72.851529,1,8.9,24.7,7,5,0,201.01
19.083054,73.007906,18.933377,72.818163,1,25.98,66.6,5,1,1,771.36
18.93919,72.841108,18.954257,72.842244,2,1.68,5.7,6,6,1,55.89
19.208245,72.994325,19.05353,72.810277,3,25.88,78.3,16,3,1,757.02
19.102647,72.827674,19.127976,72.866121,1,4.92,13.1,0,1,0,134.68
19.061448,72.821261,19.083813,72.989817,2,17.89,47.8,2,2,0,493.95
19.081372,72.865722,19.05079,72.833307,1,4.81,17.3,18,5,0,154.93
19.064874,72.88142,19.125578,72.840931,2,7.98,20.1,22,4,0,162.22
19.071836,72.99432,19.102148,72.873256,3,13.16,56.7,17,5,0,527.52
19.072985,72.809856,19.005534,72.842396,1,8.24,33.7,19,5,1,358.93
19.047337,72.837298,19.205446,72.996301,1,24.25,80.6,15,0,0,697.36
19.012728,72.854541,19.110691,72.857473,1,10.9,43.7,18,0,0,396.61
19.064195,72.833979,18.952271,72.810872,3,12.68,31.2,4,0,1,371.09
19.092693,72.884476,19.077482,73.001908,1,12.46,35.6,5,6,0,366.68
19.0956,72.86376,19.010958,72.835314,1,9.88,38.9,18,2,0,338.97
18.942121,72.811046,19.08996,72.861097,1,17.26,63.7,9,1,0,561.62
19.015324,72.843733,18.924853,72.832841,1,10.12,44.8,20,0,0,410.41
19.133088,72.846121,19.095108,72.983603,1,15.05,54.6,10,1,1,549.2
19.117979,72.82967,19.084759,72.872957,1,5.86,22.3,9,2,0,189.46
18.931543,72.816833,19.090236,72.856727,2,18.14,75.3,19,2,0,686.52
19.124745,72.856709,19.076065,72.859236,2,5.42,16.5,12,0,0,139.52
18.957631,72.816528,19.137954,72.896422,1,21.74,55.8,22,1,1,524.64
19.207225,72.979214,19.043235,72.837186,3,23.56,65.1,13,0,0,544.82
18.931027,72.834651,19.107767,72.917612,1,21.5,98.2,17,6,0,917.32
19.085203,72.883776,19.079743,72.872161,1,1.36,4.5,12,6,0,38.79
19.138796,72.856109,18.943147,72.830853,2,21.92,70.4,13,6,0,601.44
19.082396,72.991206,19.059785,72.992116,1,2.52,7.5,3,4,2,97.17
19.134214,72.901994,18.948205,72.839234,3,21.71,62.4,5,3,1,746.94
19.041508,72.809529,19.111094,72.922889,1,14.21,52.7,21,6,1,530.54
18.958579,72.834036,19.083055,72.857463,1,14.06,35.8,5,5,1,418.84
19.216105,72.961036,19.056685,72.831355,1,22.36,64.5,15,1,0,541.56
19.013946,72.865783,19.04517,72.836177,2,4.66,12.5,3,4,0,132.36
18.943412,72.835754,19.040089,72.821242,1,10.86,28.3,4,6,1,334.57
19.080821,72.864858,19.106997,72.893092,2,4.16,11.2,3,6,0,118.66
19.034746,72.843516,19.073281,72.828924,2,4.55,20.9,17,4,0,195.77
19.05384,72.873634,19.075434,72.879311,1,2.47,9.2,18,2,0,77.97
18.939929,72.818039,19.108981,72.849907,1,19.09,47.9,3,3,0,490.4
19.074308,72.880145,19.011466,72.841777,2,8.07,25.3,12,5,0,210.98
19.002863,72.833472,19.009398,72.841645,4,1.13,4.7,10,6,0,50.97
19.076111,72.869377,19.079488,72.862084,2,0.85,2.4,3,2,0,39.75
19.08353,72.8481,19.076923,72.823798,1,2.66,6.7,22,2,0,59.96
19.058531,72.845041,18.949478,72.809901,1,12.68,33.6,23,0,0,344.52
19.013295,72.84133,19.076032,72.982399,3,16.39,45.7,1,5,0,479.2
19.076072,72.822888,19.022248,72.867273,1,7.59,20.9,22,2,0,172.87
19.235728,72.966659,19.090617,72.99428,1,16.39,45.2,0,3,0,473.26
19.040645,72.834026,19.101054,72.88407,2,8.53,28.5,14,6,0,250.88
19.096779,72.868398,18.940666,72.820093,2,18.09,58.9,15,6,1,577.0
19.136918,72.859788,19.111602,72.927592,1,7.66,21.5,5,6,0,218.57
18.950595,72.816885,19.053687,72.885756,2,13.56,39.6,3,6,0,418.16
19.101738,72.855419,19.223285,72.964365,1,17.71,50.4,5,3,2,676.97
19.202875,72.969567,19.135464,72.898261,1,10.6,31.2,22,3,0,262.94
19.066437,72.883125,19.119576,72.923598,2,7.28,27.4,10,1,0,245.84
18.925444,72.826113,18.926535,72.837414,1,1.19,3.8,7,3,0,36.08
19.200163,72.996412,19.041839,72.817485,2,25.75,86.2,15,5,0,748.07
19.235851,72.988739,19.088669,72.851909,1,21.78,59.4,2,0,1,709.18
19.100808,72.852735,19.045986,72.851921,2,6.1,18.3,16,4,2,208.23
18.925039,72.825206,18.948753,72.820833,1,2.68,10.5,10,6,0,99.99
19.116582,72.842927,19.04847,72.873137,4,8.21,35.7,20,3,0,314.14
19.01974,72.861898,18.942008,72.820026,1,9.7,32.1,16,3,0,271.7
19.049846,72.831574,19.130996,72.91488,4,12.57,52.3,11,2,1,547.69
19.101045,72.881676,19.113182,72.855506,1,3.06,9.1,6,1,1,86.62
19.206527,72.968891,19.108128,72.922402,1,11.98,31.5,23,4,0,319.24
19.093636,72.982369,19.079841,72.875403,1,11.34,29.3,5,5,0,294.96
19.107497,72.830315,19.019129,72.846282,1,9.97,43.0,20,2,0,390.02
19.016662,72.835163,19.237994,72.980301,1,28.95,92.5,6,3,0,795.96
19.077465,73.002208,19.089611,72.867328,1,14.24,38.0,4,4,1,460.65
19.092779,72.854473,19.04605,72.809686,1,7.01,17.5,3,5,0,184.7
19.136023,72.827036,19.056925,72.864157,2,9.62,29.9,6,3,1,289.21
18.93742,72.840241,19.212802,72.970895,1,33.56,123.9,9,0,0,1092.77
19.09032,72.850264,19.054979,72.81561,2,5.36,15.2,23,4,1,182.08
18.942529,72.830064,19.105052,72.862788,1,18.4,78.1,10,6,1,824.59
19.112367,72.88804,19.053199,72.838048,2,8.42,23.7,12,0,0,191.81
19.068899,72.816147,19.117928,72.888039,1,9.32,28.6,15,2,0,245.42
18.944175,72.808287,18.944145,72.829927,3,2.28,8.9,10,3,0,86.13
19.205506,72.977641,19.012921,72.845079,1,25.55,98.1,17,6,0,875.26
19.009691,72.845864,19.008146,72.854093,1,0.88,3.1,18,2,0,50.44
19.035607,72.846398,19.081438,72.884888,1,6.51,17.1,1,3,1,197.48
19.094943,72.880993,19.010809,72.837778,1,10.4,38.1,20,5,0,336.87
19.221349,72.980482,18.939474,72.803531,2,36.44,168.0,17,3,0,1567.91
19.104318,72.858468,18.946695,72.823354,1,17.91,56.8,15,3,0,486.17
19.065455,73.009641,19.136228,72.894615,4,14.42,45.3,6,2,1,446.79
19.083847,72.882554,19.217231,72.991411,1,18.73,85.7,20,6,1,915.45
19.124594,72.844709,18.959723,72.825154,1,18.45,65.7,11,5,0,588.88
18.945877,72.813603,19.116619,72.854424,2,19.46,58.7,12,1,0,501.67
19.144915,72.923444,19.080073,72.983752,2,9.6,30.9,6,1,0,262.91
19.068257,72.887828,19.098742,72.875794,1,3.62,9.3,2,4,1,104.2
18.927441,72.850216,19.230596,72.982514,1,36.46,164.2,19,4,0,1509.32
19.134022,72.906848,19.050886,72.860947,2,10.43,46.4,20,0,0,423.33
19.11548,72.839037,19.072778,72.845789,1,4.8,12.2,3,5,1,145.98
18.927362,72.830582,19.101073,72.840988,1,19.35,47.8,4,3,0,483.87
18.926019,72.834653,18.999166,72.830499,1,8.15,37.1,11,1,0,344.83
19.080323,72.864348,18.928951,72.827369,2,17.27,50.7,2,2,2,696.83
19.066947,72.981345,19.141396,72.917581,1,10.65,35.6,15,1,0,311.83
19.092912,73.004869,19.136243,72.894599,1,12.55,38.9,7,4,0,329.06
18.949746,72.810268,19.03574,72.852077,1,10.52,25.9,5,5,0,257.59
19.059159,72.979733,19.068875,72.995956,1,2.02,7.9,18,6,0,69.0
19.051494,72.847396,19.085585,72.981859,2,14.63,40.5,0,5,0,427.75
19.057276,72.825074,19.039753,72.813098,1,2.32,6.7,5,3,0,68.0
19.009094,72.864916,19.119694,72.863653,1,12.3,49.2,18,3,2,576.17
19.071307,72.829644,19.070014,72.860288,3,3.22,12.5,10,5,0,109.06
19.118222,72.922717,19.060107,72.815132,2,13.02,56.9,11,1,0,526.33
19.054204,72.883407,18.941746,72.812966,1,14.53,41.4,5,2,1,499.05
18.938012,72.827403,19.209101,72.962828,1,33.33,107.6,13,1,0,929.26
19.064749,72.99493,19.028804,72.837907,1,16.98,45.5,4,5,0,467.94
18.944029,72.814884,18.937391,72.831259,4,1.87,4.8,0,0,0,59.44
19.200122,72.963456,18.951786,72.825206,1,31.2,88.8,13,6,1,850.95
18.932584,72.83565,19.061352,72.85725,1,14.5,47.1,7,2,0,407.63
19.071951,72.825883,18.944848,72.841045,1,14.22,52.5,19,4,0,461.63
19.141644,72.91669,19.235808,72.994598,1,13.29,39.3,23,2,0,413.99
19.046431,72.848389,19.069222,72.999013,1,16.03,70.5,10,1,0,646.81
19.093453,72.993091,19.219679,72.977764,1,14.13,59.7,19,0,0,538.24
19.221325,72.958739,18.941729,72.825971,1,34.08,94.9,22,5,0,783.47
19.059532,72.841249,18.958302,72.845384,1,11.26,48.8,10,0,0,449.51
18.925723,72.83171,18.941295,72.828483,3,1.76,7.9,10,5,0,72.05
19.025813,72.853444,19.134111,72.888129,2,12.58,36.5,13,5,1,350.59
19.122453,72.894695,19.136374,72.852512,1,4.69,14.0,6,2,0,105.04
19.091881,72.980107,19.218157,72.965706,3,14.12,42.1,5,5,1,507.11
19.104449,72.875659,18.93373,72.84046,1,19.34,75.9,9,1,0,670.38
19.020407,72.850355,19.022814,72.850594,1,2.95,12.4,19,3,0,116.34
19.018379,72.855598,19.057344,72.849417,2,4.38,12.9,13,4,0,102.83
19.131418,72.829417,19.002831,72.834636,1,14.31,63.1,18,4,2,755.34
19.214198,72.965439,19.032132,72.828119,4,24.86,72.4,2,4,0,759.59
19.073817,72.826717,19.107525,72.873844,1,6.21,25.0,11,0,0,223.3
19.031152,72.851538,19.062315,72.879933,1,4.57,12.9,3,2,0,132.58
19.134853,72.832816,19.020385,72.847806,1,12.83,39.9,13,2,0,331.65
19.077941,72.856343,18.941698,72.811074,1,15.88,44.3,5,0,1,523.92
18.92002,72.840411,19.070657,72.980588,2,22.31,90.8,19,6,0,819.34
19.0021,72.828012,18.957535,72.838082,3,5.07,21.9,21,3,0,211.23
19.064387,72.994289,19.080496,72.994218,1,1.79,7.3,9,2,0,62.24
19.234346,72.96304,19.076776,72.888094,1,19.21,82.1,19,1,0,745.79
19.088509,72.853595,19.229163,72.98615,1,20.94,82.1,17,3,0,737.55
19.094995,73.012044,18.957226,72.836206,1,24.01,70.8,6,4,0,595.98
19.06621,72.814304,19.034566,72.841928,1,4.56,17.1,11,4,2,199.21
19.061955,73.002855,19.018218,72.850115,1,16.78,46.9,23,5,0,499.16
19.064354,72.988449,19.104529,72.860473,4,14.17,39.4,2,6,0,407.77
19.024414,72.855937,19.132867,72.903192,1,13.04,37.6,16,2,1,367.06
19.06641,72.998965,19.117059,72.894719,3,12.32,36.0,0,2,0,376.58
19.146202,72.890941,19.122612,72.900442,2,2.81,9.5,14,0,0,84.17
18.932039,72.830425,19.054766,72.852413,1,13.84,63.0,10,1,0,584.1
19.117881,72.827694,19.078671,72.857898,2,5.39,15.9,23,1,1,195.41
19.134241,72.834203,19.119719,72.901029,2,7.2,21.1,13,2,0,176.44
19.013993,72.830841,19.057263,72.992148,4,17.63,50.7,0,5,1,605.36
19.061258,73.012503,19.121232,72.905933,2,13.03,51.0,8,2,0,453.29
19.206989,72.990628,19.05588,72.850553,1,22.34,99.3,11,1,0,908.16
19.105033,72.872188,19.054177,72.86444,2,5.71,15.5,0,1,0,166.6
19.060777,72.824681,19.10342,72.852609,1,5.58,15.8,0,3,0,162.87
18.945481,72.83011,18.950282,72.823971,1,0.84,2.8,13,5,0,37.28
19.230002,72.997181,19.031935,72.85514,1,26.6,85.0,13,1,0,733.15
18.958618,72.832962,19.104111,72.877272,2,16.84,45.9,23,2,0,477.66
19.081303,72.86958,18.957592,72.821286,1,14.66,39.7,5,4,0,403.98
19.104737,72.864964,19.051391,72.812349,1,8.11,23.2,7,1,0,191.03
18.927023,72.8404,19.127624,72.852539,1,22.34,69.6,7,1,1,677.47
18.949521,72.827797,18.936327,72.838309,2,1.84,4.6,5,6,0,54.94
19.08773,73.014078,19.113537,72.891843,2,13.16,40.9,13,5,0,352.63
19.015016,72.84729,19.083928,72.883027,1,8.53,23.3,3,5,0,233.38
18.957705,72.841004,19.129318,72.909862,1,20.41,86.4,8,5,0,782.92
19.116181,72.911553,19.071825,72.985657,1,9.22,39.4,17,1,0,361.41
19.124759,72.926695,19.056412,72.861684,1,10.22,30.4,6,4,0,255.46
19.205182,72.994978,18.944949,72.816881,1,34.46,156.9,11,2,1,1682.95
19.058398,72.994136,19.106784,72.853703,1,15.71,52.4,15,4,0,454.95
19.107987,72.859912,19.214954,72.964758,1,16.21,59.7,17,6,0,522.95
19.120101,72.830001,19.101291,72.845416,1,2.65,7.3,3,5,0,79.5
18.947649,72.82961,18.940075,72.826152,3,0.92,3.9,19,4,0,61.76
19.128019,72.836416,19.003215,72.852505,1,13.98,45.1,12,4,0,384.1
19.058123,72.979506,19.139968,72.911955,1,11.54,36.2,12,1,0,307.07
18.951917,72.827458,19.061602,72.848866,1,12.4,46.9,9,6,0,407.44
18.941076,72.833394,18.941511,72.826528,1,0.72,2.3,13,5,0,43.49
18.950363,72.82532,19.066148,73.00856,1,23.17,67.6,3,5,0,698.51
19.063547,73.016547,19.069485,72.852991,2,17.2,79.4,10,6,0,745.6
19.129617,72.839326,19.070006,72.861384,1,7.02,19.3,5,5,0,208.34
19.120619,72.92542,19.236424,72.981757,1,14.17,48.1,16,2,0,422.29
19.020846,72.841368,19.133644,72.916027,1,14.79,60.4,18,0,0,550.44
19.126136,72.912905,19.013284,72.855445,1,13.93,58.6,19,5,1,606.26
19.106083,72.866742,19.130067,72.829854,3,4.7,16.0,15,0,2,179.39
18.945401,72.804969,19.089208,72.864789,1,17.18,42.9,1,0,0,438.43
19.110876,72.925716,19.114193,72.919497,1,0.75,2.5,7,2,0,45.97
19.001458,72.861928,19.206264,72.969107,1,25.41,74.9,3,2,0,797.26
19.05186,72.854915,18.961879,72.807508,1,11.18,44.7,17,0,0,399.44
19.0708,72.835463,18.998375,72.858347,1,8.4,21.2,2,2,0,208.95
19.236143,72.98002,19.223098,72.968202,2,1.91,7.2,11,4,0,65.4
18.947234,72.83373,19.013962,72.843258,2,7.49,19.3,2,0,0,197.78
19.008765,72.848297,19.046662,72.857626,1,4.33,12.7,3,1,1,157.86
19.092269,72.85163,19.075303,72.872377,1,2.88,10.8,8,3,0,96.66
18.928325,72.838189,19.067037,72.881961,3,16.1,63.3,11,3,0,561.4
19.141823,72.890537,19.06767,72.840219,1,9.79,28.6,14,4,0,238.61
19.06115,72.81525,18.93741,72.83779,3,13.96,62.8,10,3,0,584.11
18.935857,72.850747,19.134655,72.898237,2,22.66,102.5,18,1,0,953.43
19.206037,72.974946,19.198329,72.968394,1,1.1,4.3,11,1,0,48.06
18.955351,72.819696,19.01073,72.837662,3,6.44,29.8,8,2,0,280.27
19.232553,72.964991,19.027999,72.851081,2,25.7,65.2,3,0,0,666.87
19.140085,72.908944,18.942552,72.83138,2,23.43,67.8,4,3,1,816.38
19.072116,72.88845,19.061751,72.814589,1,7.85,32.7,9,4,1,338.21
18.927004,72.834266,18.95387,72.841581,1,3.08,12.6,8,1,0,117.97
19.072682,72.854147,19.047281,72.839896,3,3.2,14.8,19,5,0,142.04
19.207305,72.967316,19.055051,72.862311,1,20.21,64.5,12,3,0,550.31
18.952176,72.817328,19.065942,72.986657,1,21.84,56.9,5,0,0,587.91
19.026631,72.835638,19.046451,72.856171,1,3.08,12.3,11,2,0,108.83
19.120091,72.857123,19.057352,72.815787,1,8.22,24.8,15,1,0,202.55
19.233699,72.99279,19.127535,72.924899,1,13.79,40.8,15,6,0,341.83
19.138083,72.889521,19.072071,72.846185,1,8.64,32.2,17,3,0,281.59
18.940872,72.834325,19.078414,72.978874,1,21.56,59.0,23,1,0,611.26
19.076985,72.88006,19.145177,72.901025,1,7.9,20.3,1,5,1,247.63
19.075842,72.872739,19.203547,72.964291,2,17.15,55.1,6,3,0,476.07
19.051852,72.823789,19.092605,73.009551,1,20.04,89.3,10,1,0,825.34
19.077322,72.988118,19.216264,72.982611,1,15.46,62.7,8,5,0,559.42
18.936905,72.831337,19.075857,72.850112,2,15.58,41.4,4,1,0,424.88
19.233566,72.988866,19.11904,72.888201,3,16.55,47.2,13,1,0,396.22
18.936502,72.83673,19.236707,72.985752,2,36.87,116.4,15,0,0,986.19
18.951157,72.810702,19.103838,72.850797,2,17.49,51.4,22,3,0,428.35
19.104622,72.883549,18.939601,72.804272,2,20.15,58.8,22,2,1,569.42
18.93571,72.816881,19.066423,72.872114,2,15.65,47.5,13,4,0,400.66
19.011677,72.845198,19.02668,72.840368,1,1.74,4.9,7,0,0,36.47
19.057486,72.981708,19.080194,72.85234,1,13.83,49.3,9,1,0,436.03
19.01628,72.84073,19.124027,72.849397,2,12.02,30.1,0,5,0,300.29
19.069401,72.864428,19.031818,72.837762,1,5.03,22.6,17,3,0,213.56
19.111299,72.843467,18.948776,72.840428,1,18.07,65.3,18,0,1,658.29
19.122814,72.897385,19.07761,72.825939,4,9.03,39.8,17,0,0,372.13
18.959915,72.813352,19.029778,72.851616,1,8.75,25.1,0,6,0,258.84
19.095876,73.012564,19.068819,72.842308,1,18.14,46.6,23,4,0,484.32
18.997895,72.842349,19.082467,72.98178,1,17.41,72.3,18,3,0,658.21
19.062168,72.855849,19.112887,72.8595,4,5.65,23.3,10,4,0,214.2
19.117174,72.909365,18.949024,72.847169,1,19.81,53.0,2,5,0,542.41
19.071607,72.980189,19.114969,72.861103,1,13.41,39.9,7,2,0,333.24
19.048133,72.846272,19.007577,72.851256,2,4.54,19.5,18,6,0,183.04
19.055743,72.85575,19.124186,72.832309,2,8.0,26.0,7,1,2,287.8
18.923341,72.849766,19.208847,72.973016,2,34.29,114.2,13,3,1,1131.84
19.109977,72.917861,18.946663,72.824019,1,20.67,60.9,23,0,0,637.2
19.076801,72.866,19.126033,72.892545,1,6.14,17.6,4,5,0,190.38
19.103689,72.871604,18.936825,72.825663,1,19.17,54.3,2,0,0,560.76
19.116279,72.916049,18.962391,72.820702,2,19.83,51.1,23,0,0,517.41
19.237888,72.968112,19.019009,72.855459,1,27.06,74.7,1,0,0,782.25
18.956028,72.844649,18.957129,72.829334,1,1.62,4.4,22,1,2,51.29
19.071136,72.979265,19.120573,72.909136,1,9.19,41.5,17,6,0,381.23
19.078209,72.883645,19.105899,72.849577,4,4.72,18.7,20,6,0,171.57
19.015479,72.851719,19.014643,72.845078,2,0.7,3.1,17,4,0,51.01
19.07544,72.876998,19.118946,72.845704,2,5.85,21.4,20,5,1,222.18
19.232254,72.988819,19.102917,72.861659,2,19.63,89.6,18,2,0,834.83
19.096781,73.015287,19.066982,72.861242,1,16.52,47.7,4,4,0,499.3
19.116125,72.919668,19.215403,72.985872,1,13.05,49.7,17,1,0,438.13
18.944763,72.80343,19.058632,72.874028,1,14.68,37.2,23,6,0,382.18
19.129609,72.847345,19.070991,72.874675,3,7.12,18.3,3,4,0,190.56
18.950645,72.829352,19.062597,72.8866,1,13.83,56.4,18,5,0,510.08
19.106425,72.90713,19.113804,72.851871,1,5.86,24.9,17,6,0,225.28
19.09825,72.866805,19.058327,72.825333,2,6.22,18.9,14,5,0,159.21
19.094323,72.870102,19.086709,72.871644,2,0.86,2.5,22,1,0,41.31
19.122217,72.911479,19.113502,72.920251,1,1.34,3.4,3,0,0,47.43
19.042394,72.820042,19.111904,72.842308,2,8.08,22.6,3,0,0,231.56
19.071828,72.827745,19.05617,72.822343,2,1.83,5.4,12,2,0,51.85
18.949995,72.824167,19.208909,72.992034,2,33.76,84.6,1,0,0,856.93
19.058161,72.847011,18.958107,72.84629,1,11.13,31.7,1,1,0,335.04
19.015293,72.848102,19.238034,72.969589,1,27.86,78.2,5,5,0,812.89
19.232771,72.959515,18.951607,72.827905,1,34.19,92.7,5,3,0,961.2
19.137191,72.850455,19.117741,72.861232,1,2.44,7.0,16,0,0,55.37
18.931252,72.825544,19.050942,72.854035,4,13.64,54.4,18,1,0,484.88
18.947643,72.820127,19.070926,72.982971,3,21.93,69.6,12,4,0,590.64
19.072669,72.849269,19.086278,72.980379,2,13.86,60.7,19,4,0,569.18
18.942392,72.821927,19.078729,72.846948,1,15.39,61.8,20,4,0,562.96
19.22821,72.976909,19.229852,72.978205,1,1.67,5.1,16,3,2,53.51
18.931796,72.815742,19.050359,72.815983,1,13.18,33.6,2,0,0,344.07
19.073616,72.870011,18.957195,72.847047,1,13.17,33.2,5,6,0,332.71
19.021588,72.832502,18.951283,72.829454,3,7.82,25.2,12,4,0,213.54
19.015794,72.829504,19.000355,72.828998,3,1.72,5.4,15,0,0,43.33
19.017522,72.833758,19.052036,72.831532,2,3.84,16.9,10,6,0,159.08
18.954636,72.849046,19.211777,72.996323,2,32.51,127.2,19,3,0,1138.17
19.109473,72.835391,19.093811,73.009072,1,18.33,52.6,23,5,1,617.03
18.943575,72.818294,19.075504,72.829673,1,14.72,46.5,13,2,1,454.27
19.120907,72.843614,18.955386,72.844285,1,18.41,52.9,2,6,0,564.74
19.057155,72.835765,19.078344,72.887786,1,5.95,17.5,4,0,0,184.39
19.117604,72.839164,19.083124,72.888236,1,6.43,20.1,12,6,0,173.31
19.07243,72.876166,19.208431,72.972349,3,18.19,75.4,19,1,0,683.78
18.955329,72.836582,19.20665,72.992518,1,32.4,110.1,12,6,0,953.8
19.101453,72.840792,19.010185,72.863559,1,10.43,34.2,13,5,0,292.46
19.125253,72.831021,19.073696,72.858499,3,6.42,17.0,2,2,0,182.21
19.19933,72.958386,19.096465,72.982736,1,11.72,42.7,18,3,0,375.86
19.034761,72.849852,19.070807,73.016451,3,17.96,63.9,11,5,0,561.69
19.137842,72.849158,19.057284,73.010282,1,19.15,52.2,0,1,0,535.67
19.016634,72.833502,18.941411,72.829374,1,8.38,22.7,1,4,0,235.26
19.053878,72.812708,19.135726,72.863794,2,10.57,33.3,6,4,0,277.46
18.960468,72.82477,19.125821,72.861836,1,18.79,46.3,3,1,0,467.17
19.017089,72.837146,19.093592,73.00659,1,19.74,73.9,8,4,0,648.02
19.223247,72.993279,19.081867,72.859153,2,21.11,57.5,2,3,1,687.88
18.963354,72.821162,19.064125,72.88233,1,12.92,55.3,17,4,1,579.31
19.11718,72.914067,18.924606,72.825191,1,23.36,63.8,13,1,0,520.97
19.091966,72.872137,18.962158,72.829441,2,15.12,49.0,7,6,0,423.82
19.137279,72.902657,19.117557,72.848639,1,6.08,27.4,18,2,0,260.8
19.076909,73.009061,18.930882,72.836188,2,24.37,63.5,3,0,0,653.25
18.939427,72.806199,18.998292,72.842519,1,7.58,21.1,4,3,0,221.18
19.069977,72.867996,19.065536,72.83661,2,3.34,9.3,13,0,1,85.69
19.078819,72.874824,19.22062,72.997319,1,20.35,57.9,7,5,0,485.01
19.029574,72.835291,19.134908,72.899367,2,13.51,34.6,0,0,0,359.12
19.115027,72.848878,18.946069,72.842329,1,18.8,52.4,0,2,0,546.64
19.013036,72.833735,18.942293,72.850213,1,8.05,27.3,7,3,0,238.97
19.06327,72.825994,19.068516,72.980511,2,16.25,44.8,14,3,1,431.96
19.112895,72.924333,19.130374,72.847557,1,8.3,23.2,5,1,1,277.63
19.22458,72.970673,19.008515,72.846295,1,27.35,81.0,14,6,1,781.56
18.952585,72.835863,19.065337,72.883487,2,13.5,48.0,17,3,2,544.81
19.232727,72.991505,19.114468,72.855302,2,19.43,62.0,14,2,0,539.71
18.955203,72.832864,19.052758,72.875139,3,11.72,54.1,18,3,0,495.89
19.11637,72.888892,18.924232,72.852797,2,21.7,88.0,8,0,0,795.85
18.958251,72.812472,19.050245,72.827463,1,10.35,34.9,7,1,0,293.48
19.050364,72.88421,18.940545,72.809137,1,14.54,57.2,18,0,0,510.24
19.112105,72.848134,19.07205,72.838294,4,4.57,11.6,22,2,1,102.29
19.139767,72.894621,18.93029,72.822056,1,24.51,75.0,13,3,0,631.71
19.087657,72.997419,19.138435,72.827034,1,18.77,62.4,14,2,0,534.32
19.062351,72.880909,18.957946,72.823916,1,13.06,58.4,20,4,0,539.99
19.074067,72.858787,19.116576,72.83861,3,5.18,15.3,14,5,0,129.97
18.951901,72.840199,19.089232,72.88218,2,15.9,68.8,20,5,0,628.94
18.961858,72.809571,19.092618,73.006997,1,25.34,84.7,15,5,1,839.83
19.137752,72.826425,19.201624,72.986636,1,18.26,76.6,18,4,1,799.63
19.058735,72.990482,19.076776,72.828837,1,17.11,60.7,18,3,0,535.45
19.010716,72.837249,19.065892,72.88138,2,7.69,34.6,21,6,1,369.74
19.107053,72.867298,19.106882,72.888439,1,2.22,8.8,8,1,0,75.55
19.035782,72.865724,19.048915,72.845258,4,2.6,10.3,20,2,1,97.91
19.137907,72.858841,19.138481,72.906119,1,4.97,16.1,7,5,0,134.65
18.92662,72.820439,19.062755,72.810275,1,15.18,46.4,12,3,0,387.17
19.073142,72.887748,18.998205,72.865222,3,8.66,32.4,8,0,1,336.67
19.050731,72.882415,19.076088,72.844482,1,4.88,13.7,22,4,0,112.45
19.07469,72.875567,19.102311,72.863985,2,3.3,9.5,16,4,0,84.73
18.946773,72.81041,18.939565,72.83267,3,2.47,9.0,20,4,0,75.07
19.129046,72.862612,19.108687,72.857003,1,2.34,8.6,10,4,0,78.05
18.960654,72.827681,19.090874,72.997564,1,22.99,86.0,18,5,1,878.46
19.050004,72.886887,19.224226,72.994335,3,22.42,61.0,4,4,0,632.73
19.057265,72.829017,19.079521,72.847688,1,3.16,8.2,0,6,0,92.16
19.134484,72.83158,18.921058,72.837494,1,23.74,59.0,1,3,2,780.53
19.062169,72.985164,19.089844,72.978722,1,3.15,9.1,13,5,1,85.0
18.96025,72.834276,19.079842,72.865317,2,13.69,54.8,9,4,1,571.23
19.053516,72.84061,19.077166,72.844163,1,2.66,7.6,3,1,0,82.4
19.113943,72.85306,18.950158,72.822883,2,18.49,52.5,2,2,0,547.17
19.089355,72.979813,19.010706,72.839074,1,17.18,44.5,23,0,1,522.23
18.935872,72.812112,18.947468,72.835905,1,2.81,12.8,20,2,1,138.27
19.113441,72.835679,18.932116,72.837433,2,20.16,80.6,11,1,0,720.31
19.070994,72.871489,19.032166,72.863098,1,4.41,13.2,5,0,0,134.24
19.032528,72.83851,19.110136,72.926944,2,12.68,55.6,11,0,0,516.18
19.002539,72.86017,19.213929,72.970646,1,26.22,72.4,14,1,0,606.03
18.950266,72.820081,19.106423,72.850981,1,17.67,66.7,21,2,0,598.61
19.073878,72.860446,19.06238,72.986731,1,13.33,36.9,5,6,0,381.89
18.94216,72.815626,19.011747,72.842979,2,8.25,24.7,16,5,0,204.46
18.934284,72.828317,18.940768,72.809397,2,2.12,9.0,19,0,0,83.09
19.044701,72.828853,19.062015,72.815037,2,2.41,6.7,2,2,0,72.76
19.11951,72.862525,18.95914,72.831272,1,18.13,68.4,21,0,1,685.97
19.097971,72.870521,18.954281,72.834632,1,16.42,66.5,20,1,0,598.17
19.011718,72.859939,18.942873,72.840709,2,7.92,23.1,23,0,1,283.47
19.234716,72.977826,18.940879,72.839388,4,35.77,92.1,2,5,0,953.46
18.935034,72.82336,19.05504,72.834043,3,13.39,37.3,13,4,0,299.78
19.074556,73.000432,19.07089,72.814534,1,19.54,52.1,0,0,0,542.11
18.950131,72.819818,19.002185,72.847043,2,6.46,18.3,15,3,1,167.52
19.000039,72.838549,19.135229,72.844548,1,15.05,43.8,6,3,0,364.69
19.022779,72.860528,19.200134,72.99569,1,24.3,70.8,14,3,0,593.06
18.950162,72.813386,19.199535,72.963685,3,31.91,143.8,19,3,2,1738.48
19.049518,72.846997,19.077884,72.858392,1,3.37,13.3,19,2,0,116.58
18.961464,72.832616,19.090813,72.854054,1,14.56,39.3,4,6,0,408.79
19.102875,72.843293,19.135988,72.840737,3,3.69,16.1,10,5,0,149.35
19.067522,72.992554,18.943719,72.810966,2,23.54,92.3,19,2,0,821.92
19.121909,72.838048,19.118859,72.913772,1,7.96,21.8,2,0,0,229.36
19.125627,72.830276,19.069125,72.8489,2,6.58,19.8,15,0,0,172.8
19.104487,72.85471,19.130532,72.899714,4,5.54,16.3,16,5,0,143.7
18.957992,72.840191,19.083324,72.87976,2,14.54,48.2,13,4,1,471.85
19.052374,72.830591,18.959017,72.828029,2,10.38,46.6,9,1,0,432.4
19.134322,72.906211,19.113194,72.836219,1,7.72,24.3,14,1,2,265.13
19.123215,72.903724,18.930427,72.818328,4,23.24,66.1,4,3,1,793.82
19.081763,73.010069,19.012878,72.831521,1,20.27,56.2,1,5,0,573.99
19.021243,72.827823,19.114353,72.920181,2,14.19,39.8,7,0,0,332.04
19.112402,72.900805,18.927071,72.826647,1,22.03,60.2,2,0,0,621.14
18.931114,72.83986,19.106121,72.845879,1,19.47,55.5,14,3,0,462.82
19.00513,72.832696,19.082157,73.003346,2,19.88,89.5,21,3,0,825.87
19.108491,72.858613,19.073845,72.87009,3,4.04,11.5,23,4,2,155.63
19.050634,72.816698,18.933,72.816749,1,13.08,34.3,4,6,0,349.04
18.927376,72.836388,19.081009,72.878739,1,17.65,44.8,5,5,0,455.98
19.050462,72.878943,19.057105,72.980539,2,10.7,47.8,11,4,0,447.01
19.226288,72.980412,19.101567,72.850875,1,19.43,57.3,2,0,0,594.13
19.060185,72.836482,18.953905,72.807959,1,12.19,55.9,21,4,1,600.75
19.120714,72.914577,18.956642,72.845306,2,19.64,84.2,11,0,0,771.65
19.223878,72.993772,19.028205,72.838983,2,27.16,111.8,19,3,2,1329.04
18.936977,72.840928,19.01594,72.829181,3,8.87,26.2,12,2,0,212.97
18.962154,72.833451,19.118054,72.829367,1,17.34,50.3,5,4,0,526.31
19.139897,72.927914,18.928004,72.833597,1,25.56,67.0,3,4,0,687.94
19.21891,72.958156,18.923327,72.833267,1,35.39,147.4,18,2,0,1336.95
18.938529,72.83456,19.20244,72.960887,2,32.21,94.6,3,5,0,997.72
19.116571,72.852589,19.132119,72.862203,1,2.0,5.8,12,5,1,52.4
19.10542,72.873579,19.134423,72.916588,4,5.55,22.6,19,5,1,239.89
19.115603,72.921462,18.94821,72.821764,1,21.36,86.0,21,6,0,773.5
19.061808,73.00697,19.075612,73.017301,1,1.88,5.4,1,1,0,49.88
18.926352,72.809737,19.068009,72.88396,4,17.58,56.9,13,5,0,492.97
18.934266,72.829132,19.116564,72.891935,1,21.32,77.9,17,5,0,680.66
19.126073,72.841455,19.215702,72.984116,4,18.0,53.2,15,5,0,453.25
19.067651,72.822747,19.037017,72.864124,2,5.52,21.9,19,1,0,201.9
19.051166,72.839121,19.083237,72.980985,1,15.33,56.4,18,0,0,497.79
19.101698,72.864923,19.137366,72.862633,3,3.97,10.3,2,1,0,102.86
18.924945,72.851614,19.026172,72.838989,1,11.33,32.3,16,6,1,306.85
19.052758,72.822127,18.955945,72.833778,1,10.83,40.5,20,1,0,352.87
18.953138,72.84065,19.221423,72.972897,1,32.91,96.1,3,0,0,1000.1
19.064705,73.000432,19.102771,72.864125,1,14.94,68.9,17,0,1,743.48
18.953249,72.849244,19.103608,72.843844,2,16.73,49.1,15,0,0,413.41
18.936971,72.807614,19.023447,72.848927,1,10.55,40.1,20,4,0,350.77
19.210743,72.983192,19.05592,72.837935,3,23.0,70.9,14,4,0,599.53
19.040044,72.836224,19.055336,72.833737,1,1.72,4.3,0,0,0,36.95
19.134486,72.910704,19.109532,72.865527,2,5.5,22.9,18,4,2,266.13
19.139381,72.84159,19.113491,72.913978,2,8.13,26.1,14,1,0,229.63
19.000299,72.845918,19.096034,73.009455,1,20.22,56.4,3,4,0,583.74
19.028342,72.83843,19.01944,72.84632,4,1.29,4.7,10,6,0,50.63
19.131237,72.926047,19.134939,72.839498,2,9.1,41.6,10,1,0,381.29
19.223276,72.993385,19.011824,72.832111,1,28.98,72.7,0,4,0,741.62
19.044019,72.843624,19.074922,72.855531,3,3.66,13.1,19,3,0,117.5
19.055654,72.873008,18.95075,72.827798,1,12.6,49.3,9,6,0,442.94
19.08133,72.882173,19.134665,72.899197,2,6.19,17.3,14,2,0,140.44
19.129854,72.889914,19.10763,72.840634,2,5.74,24.7,10,3,1,253.69
19.06114,72.824136,19.222601,72.989785,1,25.0,90.9,17,0,1,908.32
19.01506,72.844665,19.131415,72.858318,1,13.02,43.1,12,5,0,367.03
18.940618,72.831475,19.072145,72.841192,3,14.66,45.3,12,6,0,378.64
19.072612,72.865961,19.069201,73.012337,2,15.39,39.9,0,6,1,463.44
19.055712,72.824487,19.089016,72.849714,2,4.55,18.9,21,3,1,204.44
19.203544,72.992728,19.223011,72.993892,1,2.17,5.4,0,3,1,72.61
18.937527,72.829192,19.071701,72.886824,1,16.1,49.0,12,4,0,417.86
18.929998,72.824846,18.934391,72.820843,3,0.64,1.7,22,6,0,31.27
19.024916,72.864897,19.22327,72.987053,2,25.52,101.8,20,4,0,906.08
19.095713,72.862937,19.121764,72.849807,1,3.21,8.0,22,1,0,57.61
19.130998,72.83789,19.217778,72.964583,1,16.44,44.3,4,6,0,457.42
19.106429,72.852354,19.237515,72.980416,1,19.83,53.4,23,5,1,631.23
19.126774,72.914139,19.112327,72.841937,1,7.75,22.0,12,0,0,183.19
19.106895,72.877422,18.943394,72.824487,1,19.01,56.1,2,5,0,587.99
19.222895,72.970052,19.05995,72.839136,2,22.75,96.3,20,2,0,881.96
19.090647,72.987352,19.114689,72.833702,2,16.36,48.1,4,3,1,579.56
18.927228,72.830815,19.140151,72.906415,1,24.97,72.4,16,0,0,600.97
18.945966,72.821459,19.122314,72.830041,1,19.63,84.4,10,4,0,774.77
19.106744,72.903291,19.007225,72.833131,2,13.3,33.1,23,4,0,347.72
19.055296,72.858463,18.949346,72.839822,1,11.94,45.5,19,6,0,406.17
19.11559,72.834628,19.070619,72.856415,3,5.5,15.3,13,6,0,137.85
19.067042,72.812459,18.937921,72.85222,2,14.95,44.7,2,3,1,542.52
18.95955,72.809524,19.096547,72.999533,1,25.12,92.5,18,4,0,807.75
19.108368,72.897996,18.945848,72.804337,1,20.58,94.4,11,3,1,1013.01
19.121988,72.8324,19.062224,72.87453,1,7.99,32.0,8,3,0,299.15
19.106756,72.83981,19.202581,72.976467,2,17.88,44.9,23,6,0,464.82
19.119325,72.865915,19.109863,72.831838,1,3.73,11.6,12,6,1,113.62
19.092342,73.008399,19.207696,72.977254,2,13.24,35.4,23,5,0,359.61
18.957489,72.832316,18.923606,72.822632,1,3.9,10.9,22,5,0,91.55
19.105869,72.866099,19.206451,72.965739,1,15.32,54.5,9,0,0,485.46
19.087745,72.853906,19.070134,72.868542,2,2.49,6.9,13,6,0,53.79
19.216491,72.966653,19.230573,72.959797,1,1.72,4.6,1,5,0,52.05
19.061335,72.979222,19.013721,72.861514,3,13.46,45.4,16,5,0,391.67
18.956098,72.833849,19.10673,72.865666,1,17.08,54.9,13,2,0,476.03
19.087496,72.86675,19.103198,72.831328,1,4.11,17.3,8,0,0,156.88
19.079586,72.812536,19.124168,72.903831,1,10.8,29.0,1,3,2,390.3
19.125393,72.85225,19.084808,73.017123,1,17.9,65.2,20,2,1,671.84
19.086401,72.879209,19.118152,72.891828,1,3.77,14.4,8,1,1,148.01
19.081451,72.870911,19.064685,73.018016,1,15.57,48.6,12,6,0,405.25
19.00907,72.848953,19.063288,72.855762,1,6.07,23.4,19,5,2,275.31
18.958883,72.817949,18.95023,72.833582,2,1.9,5.5,1,0,1,76.43
19.008857,72.840335,19.083226,72.866926,1,8.73,25.8,1,2,0,273.52
18.956807,72.82553,19.035468,72.863267,1,9.6,32.6,7,6,0,279.97
19.051904,72.813297,19.083448,72.862571,2,6.25,22.5,19,1,1,223.7
18.922109,72.822965,18.935577,72.812858,1,1.84,6.9,18,4,1,73.17
19.109276,72.913457,19.018362,72.863174,1,11.41,50.4,19,3,0,468.89
19.207493,72.980696,19.059723,72.833599,1,22.56,64.4,3,2,1,777.89
19.069686,72.876525,19.059768,72.813427,3,6.72,28.2,11,2,0,252.39
19.107689,72.850728,19.206073,72.981852,2,17.59,69.4,17,2,0,624.65
18.951966,72.820359,19.091133,72.877725,1,16.61,42.2,0,0,0,444.77
18.951618,72.819189,18.94076,72.83679,1,2.21,6.6,7,2,1,55.52
19.025797,72.842644,19.113463,72.846289,1,9.76,32.5,14,5,0,281.1
19.079976,72.867431,19.224561,72.969425,1,19.32,50.7,2,3,0,524.52
19.046674,72.811998,19.218275,72.995512,1,27.12,110.8,10,6,0,1002.0
19.13852,72.836447,19.107382,72.923758,4,9.8,36.3,11,5,0,318.28
19.045896,72.869551,19.018123,72.864213,1,3.14,12.2,10,4,0,103.52
19.05744,72.82577,19.104608,72.852687,1,5.96,22.8,19,2,1,241.14
19.064445,72.992058,19.106084,72.851432,1,15.49,48.4,7,4,0,423.57
18.949991,72.82313,18.925208,72.846826,2,3.72,9.9,3,3,1,125.36
19.120994,72.8598,19.019614,72.851749,1,11.3,32.2,13,0,1,306.6
19.199685,72.964837,18.945749,72.848113,1,30.79,81.9,5,5,0,842.11
19.058433,73.014688,19.083792,72.986885,1,4.06,11.1,23,1,0,122.59
19.033958,72.844258,19.062186,72.80958,1,4.81,20.7,8,3,0,186.81
18.953525,72.838824,19.080569,72.86233,1,14.34,51.4,21,3,0,454.34
18.945492,72.80975,18.935933,72.817917,1,1.37,3.8,4,3,0,45.81
19.022108,72.844194,19.087467,72.853253,1,7.33,19.9,5,5,2,257.82
18.938067,72.834732,18.930807,72.821954,1,1.57,4.7,2,0,0,46.26
19.0917,73.004091,19.086537,72.992289,2,1.37,3.6,5,2,0,43.83
18.940361,72.819146,19.046134,72.878119,2,13.3,36.9,5,0,0,381.42
19.029048,72.843853,19.105627,72.846952,1,8.52,22.8,3,1,0,244.11
19.058009,72.841822,19.095129,73.014101,1,18.57,55.9,15,1,0,471.19
19.094463,73.014916,18.94697,72.815492,3,26.62,87.4,7,0,0,751.86
19.136478,72.910836,18.960019,72.827576,1,21.48,61.2,5,2,0,646.29
19.102459,72.858017,18.940887,72.816394,2,18.49,46.5,5,0,0,478.46
19.213587,72.964941,18.944419,72.824148,1,33.39,94.3,0,0,0,995.27
19.128104,72.905695,19.135451,72.895778,3,1.32,3.9,23,0,2,58.52
19.223226,72.964096,19.055601,72.835433,4,23.02,61.0,23,2,0,632.41
18.936785,72.841347,19.065569,72.885443,3,15.05,42.6,6,4,0,352.24
18.959459,72.815956,19.036009,72.828462,1,8.61,26.1,14,3,0,223.49
18.95008,72.816106,19.006336,72.842103,1,6.83,21.9,6,3,2,245.69
19.062036,72.885022,18.946903,72.823821,3,14.33,37.6,23,5,0,376.65
19.128468,72.83275,19.082484,72.869035,3,6.38,25.2,19,1,0,228.94
19.090868,72.996164,19.096525,72.874812,1,12.77,31.7,3,6,0,315.44
19.205944,72.985564,18.934763,72.84841,1,33.42,98.6,0,5,1,1187.86
19.087901,73.01407,19.119315,72.917091,3,10.77,35.2,13,2,0,302.86
19.048675,72.813641,19.003293,72.835896,1,5.56,16.4,12,5,0,143.57
19.126994,72.917675,19.06395,72.873437,1,8.41,22.7,5,6,0,227.27
19.104373,72.832624,19.006105,72.865196,2,11.45,40.7,21,3,0,360.35
19.076173,72.860693,19.093043,72.989784,2,13.69,40.0,23,3,0,419.29
18.94045,72.83852,19.064015,72.878132,2,14.36,51.5,18,1,0,450.88
19.116917,72.901224,19.231836,72.978083,1,15.11,39.5,4,4,0,402.7
18.948775,72.820928,19.131997,72.892535,2,21.72,60.5,23,6,0,630.91
19.061893,72.812256,19.228409,72.978202,1,25.43,68.0,4,0,1,805.7
19.100271,72.839166,18.958064,72.830489,1,15.84,42.9,23,4,0,436.57
19.033654,72.833675,19.064214,72.859072,2,4.32,18.2,8,1,0,175.79
19.124313,72.909897,19.208943,72.9769,1,11.75,42.7,18,2,0,365.27
18.930968,72.812885,19.229341,72.974765,1,37.28,161.6,20,2,1,1701.24
19.06778,72.826958,19.100212,72.840006,3,3.86,11.1,0,3,0,123.33
19.059657,72.856327,19.217331,72.98942,1,22.42,66.1,2,0,1,796.29
19.079552,72.998978,19.059625,72.85998,1,14.77,43.3,12,4,0,362.16
19.060774,73.007112,19.066658,72.888291,2,12.5,31.8,1,1,0,325.93
19.132668,72.8579,19.091741,72.84846,1,4.66,17.8,19,5,0,156.79
19.068419,72.857227,19.124653,72.914979,2,8.71,24.9,22,6,0,205.86
19.050052,72.827118,19.20319,72.968098,1,22.57,66.6,14,1,0,557.19
19.037091,72.837858,19.13307,72.846445,2,10.71,39.7,21,3,1,411.89
19.071029,72.884001,19.12575,72.906324,2,6.52,21.5,12,3,0,184.62
18.942868,72.827305,19.091322,72.989191,1,23.71,63.8,0,6,1,764.02
18.941302,72.842606,19.060374,72.875631,1,13.69,35.5,5,1,0,365.93
19.07684,72.850119,19.052484,72.860056,1,2.9,9.2,14,3,0,90.79
19.06464,72.887232,18.957457,72.834915,2,13.13,59.2,20,4,0,549.98
19.062897,72.819711,19.234654,72.974285,3,25.07,71.9,15,3,0,588.48
18.932865,72.82701,19.204965,72.968411,1,33.71,89.7,3,4,0,920.65
18.941009,72.838891,19.075888,72.82096,2,15.12,58.5,11,4,0,515.58
19.030285,72.859477,19.087761,72.847085,1,6.52,23.4,21,1,0,210.08
19.126486,72.855096,19.066052,72.882629,1,7.32,22.1,7,2,0,189.93
19.136693,72.897851,19.063512,72.871546,1,8.59,28.7,6,2,0,248.07
18.954345,72.838203,18.946576,72.806747,2,3.42,15.7,19,6,0,145.01
19.082576,72.983334,19.201896,72.967789,1,13.37,40.6,16,4,0,338.83
18.943641,72.848993,19.133122,72.845485,1,21.07,51.7,23,2,0,522.56
19.204083,72.96483,18.931464,72.842716,1,32.92,111.5,14,3,0,971.89
19.056465,72.859786,19.092386,73.003295,4,15.6,51.3,13,2,1,510.18
19.211826,72.985453,19.000446,72.848653,1,27.55,98.9,20,1,0,865.73
19.118253,72.864018,19.079381,72.830923,1,5.55,14.7,5,6,0,144.16
19.048176,72.872456,19.229484,72.993528,1,23.84,59.6,4,3,1,704.22
19.202926,72.994437,19.211283,72.98614,1,1.27,3.2,1,4,0,40.99
19.07575,73.009048,19.062861,72.831344,2,18.73,72.8,21,0,0,640.16
18.945616,72.842488,18.956788,72.825206,1,2.2,8.7,20,2,2,106.32
19.145326,72.909866,19.134857,72.846013,1,6.81,17.7,23,4,1,203.58
18.921286,72.827575,19.093564,73.00373,2,26.64,96.2,20,1,0,843.08
19.079645,72.994266,19.050161,72.810123,1,19.63,51.8,5,3,0,532.03
18.941695,72.814113,19.117577,72.902084,1,21.63,88.3,10,5,0,799.07
18.939712,72.819073,19.068351,72.989395,1,22.92,87.8,11,3,0,779.87
19.107382,72.92105,19.133885,72.912662,1,3.08,9.2,3,6,0,92.66
18.957442,72.807158,19.076947,72.989266,4,23.3,99.0,18,0,0,909.08
19.140056,72.913292,19.091631,72.987482,1,9.47,30.5,16,4,0,264.52
19.067752,73.009026,19.072302,73.014525,1,0.77,2.4,14,6,0,33.43
18.953964,72.806657,18.935906,72.832855,1,3.41,9.9,16,5,0,92.56
19.224527,72.98851,19.068176,72.860246,1,22.0,60.7,15,3,0,509.68
19.110656,72.892503,18.955315,72.846303,3,17.94,51.8,23,3,0,539.06
19.086419,73.011887,19.114061,72.899463,1,12.21,47.3,21,2,0,423.22
19.2165,72.988256,19.20881,72.968619,1,2.23,8.6,21,3,0,80.62
18.931353,72.808079,19.118534,72.850038,3,21.28,78.0,10,5,2,895.38
19.009662,72.861899,19.130433,72.863417,3,13.43,33.5,23,4,0,349.94
19.121884,72.891933,18.936,72.851977,3,21.09,97.0,10,3,0,900.66
19.080552,72.869595,18.948853,72.835574,2,15.07,44.9,15,2,0,376.43
19.037251,72.862314,19.066761,72.882985,3,3.94,10.2,4,1,0,93.86
19.212186,72.989477,19.114641,72.857285,2,17.62,54.2,15,2,0,469.37
19.066931,72.993561,19.071792,72.840965,1,16.05,71.4,11,5,0,669.83
18.936955,72.817186,19.129531,72.847099,2,21.64,62.6,12,5,0,531.28
19.047459,72.887825,19.090418,73.00346,1,13.06,33.4,2,0,0,342.83
19.050087,72.823016,19.094081,72.995138,1,18.74,61.8,12,4,1,607.48
19.073973,73.006948,18.943106,72.811107,1,25.21,101.3,20,1,0,906.65
19.073335,72.856024,19.117858,72.898072,2,6.64,24.4,21,2,0,209.9
19.095332,72.999564,19.105936,72.846414,1,16.14,48.1,23,3,0,508.14
18.935738,72.813349,19.100322,72.879907,1,19.59,53.8,5,4,0,570.66
18.926493,72.8215,19.231963,72.968648,1,37.32,170.6,17,5,1,1840.42
19.122949,72.913236,19.217999,72.989756,2,13.28,52.5,11,6,0,466.65
19.06915,73.003676,19.067438,72.822629,2,19.03,48.1,5,6,0,487.49
19.047714,72.869015,19.095839,72.858712,2,5.46,16.6,13,2,0,141.0
18.958236,72.833135,18.936378,72.834453,1,2.43,7.2,14,0,1,68.28
19.053065,72.82653,19.074752,73.004696,1,18.88,55.0,1,4,0,577.87
18.944963,72.824231,18.942638,72.826719,3,2.35,6.9,0,4,1,85.49
19.075025,73.005717,19.07321,72.848645,1,16.51,48.3,15,6,0,408.26
19.093946,72.999473,19.139467,72.828003,1,18.71,49.3,5,1,0,510.0
19.06034,72.824944,19.04895,72.858997,1,3.8,11.1,0,0,0,113.5
19.212117,72.970706,19.011543,72.861613,1,25.08,97.7,11,6,1,1009.4
19.210773,72.963672,19.023137,72.857292,2,23.67,65.8,15,2,0,549.99
19.080511,72.985831,19.055792,72.812233,1,18.45,47.9,4,1,1,567.73
19.224129,72.983813,19.112407,72.912367,1,14.51,37.5,4,5,0,381.89
19.11804,72.862208,19.058998,72.978863,3,13.91,46.6,16,4,2,523.72
19.076604,72.868405,19.078437,72.862922,1,0.61,2.5,19,5,0,61.73
18.928171,72.838021,19.145175,72.926565,1,25.86,110.8,10,0,1,1161.33
19.112887,72.897517,19.129416,72.842349,2,6.08,20.2,12,5,0,166.63
19.074911,73.006203,19.102465,72.861155,2,15.55,46.6,13,4,0,393.21
19.052058,72.85222,19.075265,73.00048,1,15.79,50.0,16,3,0,434.99
18.929788,72.809659,19.060854,72.884033,1,16.54,72.9,8,5,0,678.55
19.054845,72.861945,19.110837,72.910554,1,8.05,24.3,14,5,1,239.89
19.085086,72.876279,18.936181,72.853891,1,16.72,49.3,12,0,0,409.53
19.218781,72.983505,19.005121,72.857992,1,27.17,74.8,5,0,0,780.35
19.058007,73.010401,19.106212,72.848559,2,17.83,58.2,16,3,0,499.19
19.222868,72.971341,19.071523,72.872678,1,19.76,91.4,10,0,0,851.71
18.945848,72.819334,19.078264,72.845212,4,14.97,53.7,21,3,0,464.05
19.118941,72.901162,19.026932,72.860632,3,11.08,34.8,15,4,0,301.26
19.035122,72.854224,18.93269,72.8172,1,12.04,48.1,17,6,1,498.38
19.230127,72.99063,19.103455,72.866838,1,19.17,83.4,8,2,0,756.87
19.134854,72.855642,18.929243,72.843812,1,22.9,61.7,0,6,1,731.38
18.942054,72.821911,19.054916,72.887221,1,14.31,63.0,17,4,0,583.59
19.094715,72.868761,19.056094,72.872116,2,4.31,18.2,20,4,0,164.84
19.066686,72.992425,19.048316,72.836301,1,16.54,47.8,5,4,0,497.04
18.945873,72.84196,19.131929,72.82738,1,20.75,55.2,23,5,2,734.1
19.110819,72.907952,19.121986,72.906779,1,1.25,3.7,16,6,0,39.28
18.935288,72.853953,19.114565,72.897493,1,20.45,54.3,22,3,0,457.08
19.102748,72.850921,19.09329,73.002833,1,16.0,53.7,7,5,0,479.72
19.076038,73.004437,19.091422,72.997337,2,1.87,5.3,7,3,1,47.3
18.933265,72.810135,18.943702,72.818588,2,1.46,4.3,1,0,0,37.04
19.058691,72.983848,19.134926,72.846288,1,16.76,64.1,20,5,1,649.42
19.043933,72.835354,18.944378,72.839704,1,11.08,31.0,3,0,0,325.31
19.083329,73.007162,19.045757,72.869856,1,15.02,57.1,9,0,0,501.6
18.963304,72.81699,19.118735,72.84559,1,17.54,80.2,17,5,0,751.31
19.095069,72.994167,19.083105,73.0133,2,2.41,8.0,12,1,0,64.84
19.075236,72.881784,19.095749,72.877208,3,2.33,6.6,5,0,0,63.05
19.117445,72.843284,19.06626,72.828548,2,5.9,26.6,19,3,0,243.38
19.134043,72.927434,19.236898,72.959837,2,11.93,34.2,15,2,0,288.9
19.217569,72.978059,19.099878,72.868972,1,17.39,52.1,12,1,0,441.9
19.076286,72.87179,19.134163,72.903062,3,7.23,20.9,23,3,1,251.36
19.052522,72.880201,18.958071,72.810785,1,12.79,57.5,11,1,0,541.47
19.12918,72.83957,19.084621,72.883951,1,6.8,22.7,13,5,0,195.34
19.225299,72.967163,19.142079,72.919871,1,10.5,42.0,10,4,2,479.86
19.076017,72.849538,18.930635,72.851806,2,16.17,69.3,20,1,0,633.91
19.084925,72.86782,19.062347,72.813294,1,6.26,23.4,9,0,0,205.97
19.126309,72.90241,19.005493,72.840656,1,14.92,60.8,11,5,0,553.83
19.215699,72.989939,19.127871,72.853996,1,17.3,57.7,16,6,0,503.2
18.955542,72.808952,19.108374,72.875018,4,18.36,50.3,4,6,0,526.85
19.233319,72.978389,19.072779,72.832287,3,23.54,69.8,3,5,0,739.01
19.047118,72.814037,19.225957,72.987099,1,26.94,107.7,11,4,0,968.81
18.946972,72.841851,19.062452,72.818074,2,13.08,34.8,22,1,0,289.5
19.02296,72.859183,18.943179,72.809017,1,10.32,29.9,12,3,0,253.38
19.134126,72.898762,19.028791,72.834162,1,13.54,62.3,19,4,0,575.95
19.088103,73.008047,18.936871,72.848156,2,23.78,68.8,2,5,0,723.43
19.085376,72.860297,18.959609,72.831514,3,14.31,64.3,19,2,0,601.5
19.209537,72.958904,19.029188,72.839968,1,23.63,70.0,16,2,0,593.75
19.058615,72.868011,19.068743,72.986669,2,12.52,39.0,6,4,0,326.24
19.219639,72.967274,19.098083,72.848231,1,18.41,49.0,5,2,1,592.0
18.923582,72.822278,19.100925,72.854266,1,20.0,58.3,5,0,0,603.5
19.07422,73.017212,18.935566,72.816392,1,26.14,81.3,16,0,0,692.43
19.136951,72.846822,18.947871,72.854328,2,21.04,63.0,15,1,0,524.6
19.073228,72.866407,18.922909,72.85189,1,16.78,42.3,2,1,0,428.09
19.230284,72.995525,19.089245,72.881825,3,19.71,91.1,10,1,0,850.18
19.008785,72.844851,19.035385,72.850808,1,3.02,9.0,7,1,0,77.92
19.217151,72.960787,19.018245,72.854907,1,24.76,71.6,22,2,1,694.8
19.231393,72.984986,19.066208,73.00928,1,18.54,70.3,10,4,0,624.99
19.102156,72.830593,19.124785,72.860853,4,4.05,10.3,3,1,0,102.34
19.0834,72.871945,19.09453,72.862757,1,1.57,6.8,10,3,0,55.57
19.001525,72.860639,19.120701,72.907763,2,14.15,50.4,9,2,0,438.25
19.018651,72.846441,19.071254,72.832641,2,6.03,27.7,11,4,2,342.44
18.950431,72.820942,19.204035,72.993028,1,33.5,97.4,22,1,0,822.18
18.926244,72.834299,19.078205,72.991347,1,23.63,106.3,11,3,0,986.01
19.100708,72.871546,19.103247,72.849294,1,2.36,8.0,14,6,0,70.98
19.059151,72.812187,18.956259,72.853615,3,12.24,44.6,17,5,0,391.73
19.086053,72.849758,19.078071,72.845194,1,1.01,2.7,3,4,0,40.3
18.937016,72.818039,19.058431,72.873175,2,14.69,40.8,23,5,0,428.62
19.144018,72.888432,19.085144,73.001815,1,13.59,51.6,9,1,0,466.8
19.124257,72.828283,19.023599,72.857126,3,11.6,48.6,18,6,1,494.69
18.952825,72.833617,19.084512,72.857499,1,14.86,38.0,1,2,1,459.55
19.229144,72.97103,18.940625,72.829135,1,35.38,160.5,21,0,0,1488.78
19.008279,72.840904,19.220059,72.958623,3,26.6,90.1,7,5,0,780.44
19.096738,72.856128,19.125945,72.919666,3,7.42,28.4,11,5,0,253.59
18.955578,72.824425,19.003451,72.849646,1,5.95,20.1,7,2,2,212.36
19.07268,72.845528,19.127867,72.826546,2,6.45,20.4,12,6,0,170.27
19.089803,72.872875,19.08008,72.856934,1,1.99,5.5,15,5,0,45.22
19.078433,72.840772,19.145594,72.921805,2,11.33,51.0,10,6,0,473.86
18.936457,72.804614,19.103795,72.852815,2,19.28,65.1,7,1,0,557.45
19.075244,72.992948,18.956048,72.84039,1,20.81,61.2,1,3,0,648.21
18.932109,72.804907,19.114583,72.912456,2,23.23,65.7,14,2,0,546.07
18.94728,72.828812,19.037407,72.863084,2,10.65,27.5,3,4,0,276.32
19.081252,72.880026,18.935309,72.831537,1,17.01,49.8,3,4,0,530.96
